[2025-07-22T08:52:10.441+0000] {processor.py:161} INFO - Started process (PID=103) to work on /home/airflow/.local/lib/python3.12/site-packages/airflow/example_dags/example_branch_datetime_operator.py
[2025-07-22T08:52:10.442+0000] {processor.py:830} INFO - Processing file /home/airflow/.local/lib/python3.12/site-packages/airflow/example_dags/example_branch_datetime_operator.py for tasks to queue
[2025-07-22T08:52:10.445+0000] {logging_mixin.py:188} INFO - [2025-07-22T08:52:10.444+0000] {dagbag.py:545} INFO - Filling up the DagBag from /home/airflow/.local/lib/python3.12/site-packages/airflow/example_dags/example_branch_datetime_operator.py
[2025-07-22T08:52:10.459+0000] {processor.py:840} INFO - DAG(s) 'example_branch_datetime_operator_3', 'example_branch_datetime_operator_2', 'example_branch_datetime_operator' retrieved from /home/airflow/.local/lib/python3.12/site-packages/airflow/example_dags/example_branch_datetime_operator.py
[2025-07-22T08:52:10.657+0000] {logging_mixin.py:188} INFO - [2025-07-22T08:52:10.657+0000] {dag.py:3096} INFO - Sync 3 DAGs
[2025-07-22T08:52:10.693+0000] {logging_mixin.py:188} INFO - [2025-07-22T08:52:10.693+0000] {dag.py:3954} INFO - Setting next_dagrun for example_branch_datetime_operator to 2025-07-21 00:00:00+00:00, run_after=2025-07-22 00:00:00+00:00
[2025-07-22T08:52:10.700+0000] {logging_mixin.py:188} INFO - [2025-07-22T08:52:10.700+0000] {dag.py:3954} INFO - Setting next_dagrun for example_branch_datetime_operator_2 to 2025-07-21 00:00:00+00:00, run_after=2025-07-22 00:00:00+00:00
[2025-07-22T08:52:10.705+0000] {logging_mixin.py:188} INFO - [2025-07-22T08:52:10.705+0000] {dag.py:3954} INFO - Setting next_dagrun for example_branch_datetime_operator_3 to 2025-07-21 00:00:00+00:00, run_after=2025-07-22 00:00:00+00:00
[2025-07-22T08:52:10.730+0000] {processor.py:183} INFO - Processing /home/airflow/.local/lib/python3.12/site-packages/airflow/example_dags/example_branch_datetime_operator.py took 0.297 seconds
[2025-07-22T08:52:41.546+0000] {processor.py:161} INFO - Started process (PID=161) to work on /home/airflow/.local/lib/python3.12/site-packages/airflow/example_dags/example_branch_datetime_operator.py
[2025-07-22T08:52:41.548+0000] {processor.py:830} INFO - Processing file /home/airflow/.local/lib/python3.12/site-packages/airflow/example_dags/example_branch_datetime_operator.py for tasks to queue
[2025-07-22T08:52:41.550+0000] {logging_mixin.py:188} INFO - [2025-07-22T08:52:41.550+0000] {dagbag.py:545} INFO - Filling up the DagBag from /home/airflow/.local/lib/python3.12/site-packages/airflow/example_dags/example_branch_datetime_operator.py
[2025-07-22T08:52:41.562+0000] {processor.py:840} INFO - DAG(s) 'example_branch_datetime_operator_2', 'example_branch_datetime_operator', 'example_branch_datetime_operator_3' retrieved from /home/airflow/.local/lib/python3.12/site-packages/airflow/example_dags/example_branch_datetime_operator.py
[2025-07-22T08:52:41.598+0000] {logging_mixin.py:188} INFO - [2025-07-22T08:52:41.597+0000] {dag.py:3096} INFO - Sync 3 DAGs
[2025-07-22T08:52:41.625+0000] {logging_mixin.py:188} INFO - [2025-07-22T08:52:41.624+0000] {dag.py:3954} INFO - Setting next_dagrun for example_branch_datetime_operator to 2025-07-21 00:00:00+00:00, run_after=2025-07-22 00:00:00+00:00
[2025-07-22T08:52:41.631+0000] {logging_mixin.py:188} INFO - [2025-07-22T08:52:41.630+0000] {dag.py:3954} INFO - Setting next_dagrun for example_branch_datetime_operator_2 to 2025-07-21 00:00:00+00:00, run_after=2025-07-22 00:00:00+00:00
[2025-07-22T08:52:41.634+0000] {logging_mixin.py:188} INFO - [2025-07-22T08:52:41.634+0000] {dag.py:3954} INFO - Setting next_dagrun for example_branch_datetime_operator_3 to 2025-07-21 00:00:00+00:00, run_after=2025-07-22 00:00:00+00:00
[2025-07-22T08:52:41.656+0000] {processor.py:183} INFO - Processing /home/airflow/.local/lib/python3.12/site-packages/airflow/example_dags/example_branch_datetime_operator.py took 0.118 seconds
[2025-07-22T08:53:11.857+0000] {processor.py:161} INFO - Started process (PID=219) to work on /home/airflow/.local/lib/python3.12/site-packages/airflow/example_dags/example_branch_datetime_operator.py
[2025-07-22T08:53:11.859+0000] {processor.py:830} INFO - Processing file /home/airflow/.local/lib/python3.12/site-packages/airflow/example_dags/example_branch_datetime_operator.py for tasks to queue
[2025-07-22T08:53:11.861+0000] {logging_mixin.py:188} INFO - [2025-07-22T08:53:11.860+0000] {dagbag.py:545} INFO - Filling up the DagBag from /home/airflow/.local/lib/python3.12/site-packages/airflow/example_dags/example_branch_datetime_operator.py
[2025-07-22T08:53:11.876+0000] {processor.py:840} INFO - DAG(s) 'example_branch_datetime_operator_3', 'example_branch_datetime_operator', 'example_branch_datetime_operator_2' retrieved from /home/airflow/.local/lib/python3.12/site-packages/airflow/example_dags/example_branch_datetime_operator.py
[2025-07-22T08:53:11.914+0000] {logging_mixin.py:188} INFO - [2025-07-22T08:53:11.914+0000] {dag.py:3096} INFO - Sync 3 DAGs
[2025-07-22T08:53:11.945+0000] {logging_mixin.py:188} INFO - [2025-07-22T08:53:11.945+0000] {dag.py:3954} INFO - Setting next_dagrun for example_branch_datetime_operator to 2025-07-21 00:00:00+00:00, run_after=2025-07-22 00:00:00+00:00
[2025-07-22T08:53:11.952+0000] {logging_mixin.py:188} INFO - [2025-07-22T08:53:11.952+0000] {dag.py:3954} INFO - Setting next_dagrun for example_branch_datetime_operator_2 to 2025-07-21 00:00:00+00:00, run_after=2025-07-22 00:00:00+00:00
[2025-07-22T08:53:11.956+0000] {logging_mixin.py:188} INFO - [2025-07-22T08:53:11.956+0000] {dag.py:3954} INFO - Setting next_dagrun for example_branch_datetime_operator_3 to 2025-07-21 00:00:00+00:00, run_after=2025-07-22 00:00:00+00:00
[2025-07-22T08:53:11.980+0000] {processor.py:183} INFO - Processing /home/airflow/.local/lib/python3.12/site-packages/airflow/example_dags/example_branch_datetime_operator.py took 0.131 seconds
[2025-07-22T08:53:42.943+0000] {processor.py:161} INFO - Started process (PID=277) to work on /home/airflow/.local/lib/python3.12/site-packages/airflow/example_dags/example_branch_datetime_operator.py
[2025-07-22T08:53:42.946+0000] {processor.py:830} INFO - Processing file /home/airflow/.local/lib/python3.12/site-packages/airflow/example_dags/example_branch_datetime_operator.py for tasks to queue
[2025-07-22T08:53:42.950+0000] {logging_mixin.py:188} INFO - [2025-07-22T08:53:42.949+0000] {dagbag.py:545} INFO - Filling up the DagBag from /home/airflow/.local/lib/python3.12/site-packages/airflow/example_dags/example_branch_datetime_operator.py
[2025-07-22T08:53:42.970+0000] {processor.py:840} INFO - DAG(s) 'example_branch_datetime_operator_2', 'example_branch_datetime_operator_3', 'example_branch_datetime_operator' retrieved from /home/airflow/.local/lib/python3.12/site-packages/airflow/example_dags/example_branch_datetime_operator.py
[2025-07-22T08:53:43.024+0000] {logging_mixin.py:188} INFO - [2025-07-22T08:53:43.024+0000] {dag.py:3096} INFO - Sync 3 DAGs
[2025-07-22T08:53:43.064+0000] {logging_mixin.py:188} INFO - [2025-07-22T08:53:43.063+0000] {dag.py:3954} INFO - Setting next_dagrun for example_branch_datetime_operator to 2025-07-21 00:00:00+00:00, run_after=2025-07-22 00:00:00+00:00
[2025-07-22T08:53:43.073+0000] {logging_mixin.py:188} INFO - [2025-07-22T08:53:43.073+0000] {dag.py:3954} INFO - Setting next_dagrun for example_branch_datetime_operator_2 to 2025-07-21 00:00:00+00:00, run_after=2025-07-22 00:00:00+00:00
[2025-07-22T08:53:43.079+0000] {logging_mixin.py:188} INFO - [2025-07-22T08:53:43.079+0000] {dag.py:3954} INFO - Setting next_dagrun for example_branch_datetime_operator_3 to 2025-07-21 00:00:00+00:00, run_after=2025-07-22 00:00:00+00:00
[2025-07-22T08:53:43.115+0000] {processor.py:183} INFO - Processing /home/airflow/.local/lib/python3.12/site-packages/airflow/example_dags/example_branch_datetime_operator.py took 0.183 seconds
[2025-07-22T08:54:13.291+0000] {processor.py:161} INFO - Started process (PID=335) to work on /home/airflow/.local/lib/python3.12/site-packages/airflow/example_dags/example_branch_datetime_operator.py
[2025-07-22T08:54:13.292+0000] {processor.py:830} INFO - Processing file /home/airflow/.local/lib/python3.12/site-packages/airflow/example_dags/example_branch_datetime_operator.py for tasks to queue
[2025-07-22T08:54:13.295+0000] {logging_mixin.py:188} INFO - [2025-07-22T08:54:13.295+0000] {dagbag.py:545} INFO - Filling up the DagBag from /home/airflow/.local/lib/python3.12/site-packages/airflow/example_dags/example_branch_datetime_operator.py
[2025-07-22T08:54:13.310+0000] {processor.py:840} INFO - DAG(s) 'example_branch_datetime_operator_2', 'example_branch_datetime_operator_3', 'example_branch_datetime_operator' retrieved from /home/airflow/.local/lib/python3.12/site-packages/airflow/example_dags/example_branch_datetime_operator.py
[2025-07-22T08:54:13.354+0000] {logging_mixin.py:188} INFO - [2025-07-22T08:54:13.354+0000] {dag.py:3096} INFO - Sync 3 DAGs
[2025-07-22T08:54:13.386+0000] {logging_mixin.py:188} INFO - [2025-07-22T08:54:13.385+0000] {dag.py:3954} INFO - Setting next_dagrun for example_branch_datetime_operator to 2025-07-21 00:00:00+00:00, run_after=2025-07-22 00:00:00+00:00
[2025-07-22T08:54:13.393+0000] {logging_mixin.py:188} INFO - [2025-07-22T08:54:13.393+0000] {dag.py:3954} INFO - Setting next_dagrun for example_branch_datetime_operator_2 to 2025-07-21 00:00:00+00:00, run_after=2025-07-22 00:00:00+00:00
[2025-07-22T08:54:13.399+0000] {logging_mixin.py:188} INFO - [2025-07-22T08:54:13.399+0000] {dag.py:3954} INFO - Setting next_dagrun for example_branch_datetime_operator_3 to 2025-07-21 00:00:00+00:00, run_after=2025-07-22 00:00:00+00:00
[2025-07-22T08:54:13.437+0000] {processor.py:183} INFO - Processing /home/airflow/.local/lib/python3.12/site-packages/airflow/example_dags/example_branch_datetime_operator.py took 0.160 seconds
[2025-07-22T08:54:43.489+0000] {processor.py:161} INFO - Started process (PID=393) to work on /home/airflow/.local/lib/python3.12/site-packages/airflow/example_dags/example_branch_datetime_operator.py
[2025-07-22T08:54:43.490+0000] {processor.py:830} INFO - Processing file /home/airflow/.local/lib/python3.12/site-packages/airflow/example_dags/example_branch_datetime_operator.py for tasks to queue
[2025-07-22T08:54:43.493+0000] {logging_mixin.py:188} INFO - [2025-07-22T08:54:43.492+0000] {dagbag.py:545} INFO - Filling up the DagBag from /home/airflow/.local/lib/python3.12/site-packages/airflow/example_dags/example_branch_datetime_operator.py
[2025-07-22T08:54:43.506+0000] {processor.py:840} INFO - DAG(s) 'example_branch_datetime_operator', 'example_branch_datetime_operator_2', 'example_branch_datetime_operator_3' retrieved from /home/airflow/.local/lib/python3.12/site-packages/airflow/example_dags/example_branch_datetime_operator.py
[2025-07-22T08:54:43.541+0000] {logging_mixin.py:188} INFO - [2025-07-22T08:54:43.540+0000] {dag.py:3096} INFO - Sync 3 DAGs
[2025-07-22T08:54:43.572+0000] {logging_mixin.py:188} INFO - [2025-07-22T08:54:43.572+0000] {dag.py:3954} INFO - Setting next_dagrun for example_branch_datetime_operator to 2025-07-21 00:00:00+00:00, run_after=2025-07-22 00:00:00+00:00
[2025-07-22T08:54:43.579+0000] {logging_mixin.py:188} INFO - [2025-07-22T08:54:43.579+0000] {dag.py:3954} INFO - Setting next_dagrun for example_branch_datetime_operator_2 to 2025-07-21 00:00:00+00:00, run_after=2025-07-22 00:00:00+00:00
[2025-07-22T08:54:43.583+0000] {logging_mixin.py:188} INFO - [2025-07-22T08:54:43.583+0000] {dag.py:3954} INFO - Setting next_dagrun for example_branch_datetime_operator_3 to 2025-07-21 00:00:00+00:00, run_after=2025-07-22 00:00:00+00:00
[2025-07-22T08:54:43.604+0000] {processor.py:183} INFO - Processing /home/airflow/.local/lib/python3.12/site-packages/airflow/example_dags/example_branch_datetime_operator.py took 0.123 seconds
[2025-07-22T08:55:14.114+0000] {processor.py:161} INFO - Started process (PID=451) to work on /home/airflow/.local/lib/python3.12/site-packages/airflow/example_dags/example_branch_datetime_operator.py
[2025-07-22T08:55:14.116+0000] {processor.py:830} INFO - Processing file /home/airflow/.local/lib/python3.12/site-packages/airflow/example_dags/example_branch_datetime_operator.py for tasks to queue
[2025-07-22T08:55:14.119+0000] {logging_mixin.py:188} INFO - [2025-07-22T08:55:14.118+0000] {dagbag.py:545} INFO - Filling up the DagBag from /home/airflow/.local/lib/python3.12/site-packages/airflow/example_dags/example_branch_datetime_operator.py
[2025-07-22T08:55:14.140+0000] {processor.py:840} INFO - DAG(s) 'example_branch_datetime_operator_3', 'example_branch_datetime_operator', 'example_branch_datetime_operator_2' retrieved from /home/airflow/.local/lib/python3.12/site-packages/airflow/example_dags/example_branch_datetime_operator.py
[2025-07-22T08:55:14.181+0000] {logging_mixin.py:188} INFO - [2025-07-22T08:55:14.181+0000] {dag.py:3096} INFO - Sync 3 DAGs
[2025-07-22T08:55:14.214+0000] {logging_mixin.py:188} INFO - [2025-07-22T08:55:14.214+0000] {dag.py:3954} INFO - Setting next_dagrun for example_branch_datetime_operator to 2025-07-21 00:00:00+00:00, run_after=2025-07-22 00:00:00+00:00
[2025-07-22T08:55:14.223+0000] {logging_mixin.py:188} INFO - [2025-07-22T08:55:14.222+0000] {dag.py:3954} INFO - Setting next_dagrun for example_branch_datetime_operator_2 to 2025-07-21 00:00:00+00:00, run_after=2025-07-22 00:00:00+00:00
[2025-07-22T08:55:14.227+0000] {logging_mixin.py:188} INFO - [2025-07-22T08:55:14.226+0000] {dag.py:3954} INFO - Setting next_dagrun for example_branch_datetime_operator_3 to 2025-07-21 00:00:00+00:00, run_after=2025-07-22 00:00:00+00:00
[2025-07-22T08:55:14.254+0000] {processor.py:183} INFO - Processing /home/airflow/.local/lib/python3.12/site-packages/airflow/example_dags/example_branch_datetime_operator.py took 0.149 seconds
[2025-07-22T08:55:45.075+0000] {processor.py:161} INFO - Started process (PID=509) to work on /home/airflow/.local/lib/python3.12/site-packages/airflow/example_dags/example_branch_datetime_operator.py
[2025-07-22T08:55:45.076+0000] {processor.py:830} INFO - Processing file /home/airflow/.local/lib/python3.12/site-packages/airflow/example_dags/example_branch_datetime_operator.py for tasks to queue
[2025-07-22T08:55:45.078+0000] {logging_mixin.py:188} INFO - [2025-07-22T08:55:45.078+0000] {dagbag.py:545} INFO - Filling up the DagBag from /home/airflow/.local/lib/python3.12/site-packages/airflow/example_dags/example_branch_datetime_operator.py
[2025-07-22T08:55:45.089+0000] {processor.py:840} INFO - DAG(s) 'example_branch_datetime_operator', 'example_branch_datetime_operator_3', 'example_branch_datetime_operator_2' retrieved from /home/airflow/.local/lib/python3.12/site-packages/airflow/example_dags/example_branch_datetime_operator.py
[2025-07-22T08:55:45.118+0000] {logging_mixin.py:188} INFO - [2025-07-22T08:55:45.118+0000] {dag.py:3096} INFO - Sync 3 DAGs
[2025-07-22T08:55:45.143+0000] {logging_mixin.py:188} INFO - [2025-07-22T08:55:45.143+0000] {dag.py:3954} INFO - Setting next_dagrun for example_branch_datetime_operator to 2025-07-21 00:00:00+00:00, run_after=2025-07-22 00:00:00+00:00
[2025-07-22T08:55:45.149+0000] {logging_mixin.py:188} INFO - [2025-07-22T08:55:45.148+0000] {dag.py:3954} INFO - Setting next_dagrun for example_branch_datetime_operator_2 to 2025-07-21 00:00:00+00:00, run_after=2025-07-22 00:00:00+00:00
[2025-07-22T08:55:45.152+0000] {logging_mixin.py:188} INFO - [2025-07-22T08:55:45.152+0000] {dag.py:3954} INFO - Setting next_dagrun for example_branch_datetime_operator_3 to 2025-07-21 00:00:00+00:00, run_after=2025-07-22 00:00:00+00:00
[2025-07-22T08:55:45.181+0000] {processor.py:183} INFO - Processing /home/airflow/.local/lib/python3.12/site-packages/airflow/example_dags/example_branch_datetime_operator.py took 0.113 seconds
[2025-07-22T08:56:15.497+0000] {processor.py:161} INFO - Started process (PID=567) to work on /home/airflow/.local/lib/python3.12/site-packages/airflow/example_dags/example_branch_datetime_operator.py
[2025-07-22T08:56:15.498+0000] {processor.py:830} INFO - Processing file /home/airflow/.local/lib/python3.12/site-packages/airflow/example_dags/example_branch_datetime_operator.py for tasks to queue
[2025-07-22T08:56:15.500+0000] {logging_mixin.py:188} INFO - [2025-07-22T08:56:15.500+0000] {dagbag.py:545} INFO - Filling up the DagBag from /home/airflow/.local/lib/python3.12/site-packages/airflow/example_dags/example_branch_datetime_operator.py
[2025-07-22T08:56:15.517+0000] {processor.py:840} INFO - DAG(s) 'example_branch_datetime_operator', 'example_branch_datetime_operator_2', 'example_branch_datetime_operator_3' retrieved from /home/airflow/.local/lib/python3.12/site-packages/airflow/example_dags/example_branch_datetime_operator.py
[2025-07-22T08:56:15.557+0000] {logging_mixin.py:188} INFO - [2025-07-22T08:56:15.557+0000] {dag.py:3096} INFO - Sync 3 DAGs
[2025-07-22T08:56:15.587+0000] {logging_mixin.py:188} INFO - [2025-07-22T08:56:15.586+0000] {dag.py:3954} INFO - Setting next_dagrun for example_branch_datetime_operator to 2025-07-21 00:00:00+00:00, run_after=2025-07-22 00:00:00+00:00
[2025-07-22T08:56:15.603+0000] {logging_mixin.py:188} INFO - [2025-07-22T08:56:15.603+0000] {dag.py:3954} INFO - Setting next_dagrun for example_branch_datetime_operator_2 to 2025-07-21 00:00:00+00:00, run_after=2025-07-22 00:00:00+00:00
[2025-07-22T08:56:15.609+0000] {logging_mixin.py:188} INFO - [2025-07-22T08:56:15.608+0000] {dag.py:3954} INFO - Setting next_dagrun for example_branch_datetime_operator_3 to 2025-07-21 00:00:00+00:00, run_after=2025-07-22 00:00:00+00:00
[2025-07-22T08:56:15.657+0000] {processor.py:183} INFO - Processing /home/airflow/.local/lib/python3.12/site-packages/airflow/example_dags/example_branch_datetime_operator.py took 0.167 seconds
[2025-07-22T08:56:46.126+0000] {processor.py:161} INFO - Started process (PID=625) to work on /home/airflow/.local/lib/python3.12/site-packages/airflow/example_dags/example_branch_datetime_operator.py
[2025-07-22T08:56:46.128+0000] {processor.py:830} INFO - Processing file /home/airflow/.local/lib/python3.12/site-packages/airflow/example_dags/example_branch_datetime_operator.py for tasks to queue
[2025-07-22T08:56:46.134+0000] {logging_mixin.py:188} INFO - [2025-07-22T08:56:46.133+0000] {dagbag.py:545} INFO - Filling up the DagBag from /home/airflow/.local/lib/python3.12/site-packages/airflow/example_dags/example_branch_datetime_operator.py
[2025-07-22T08:56:46.162+0000] {processor.py:840} INFO - DAG(s) 'example_branch_datetime_operator_3', 'example_branch_datetime_operator', 'example_branch_datetime_operator_2' retrieved from /home/airflow/.local/lib/python3.12/site-packages/airflow/example_dags/example_branch_datetime_operator.py
[2025-07-22T08:56:46.222+0000] {logging_mixin.py:188} INFO - [2025-07-22T08:56:46.222+0000] {dag.py:3096} INFO - Sync 3 DAGs
[2025-07-22T08:56:46.301+0000] {logging_mixin.py:188} INFO - [2025-07-22T08:56:46.301+0000] {dag.py:3954} INFO - Setting next_dagrun for example_branch_datetime_operator to 2025-07-21 00:00:00+00:00, run_after=2025-07-22 00:00:00+00:00
[2025-07-22T08:56:46.316+0000] {logging_mixin.py:188} INFO - [2025-07-22T08:56:46.316+0000] {dag.py:3954} INFO - Setting next_dagrun for example_branch_datetime_operator_2 to 2025-07-21 00:00:00+00:00, run_after=2025-07-22 00:00:00+00:00
[2025-07-22T08:56:46.322+0000] {logging_mixin.py:188} INFO - [2025-07-22T08:56:46.321+0000] {dag.py:3954} INFO - Setting next_dagrun for example_branch_datetime_operator_3 to 2025-07-21 00:00:00+00:00, run_after=2025-07-22 00:00:00+00:00
[2025-07-22T08:56:46.365+0000] {processor.py:183} INFO - Processing /home/airflow/.local/lib/python3.12/site-packages/airflow/example_dags/example_branch_datetime_operator.py took 0.254 seconds
[2025-07-22T08:57:16.473+0000] {processor.py:161} INFO - Started process (PID=685) to work on /home/airflow/.local/lib/python3.12/site-packages/airflow/example_dags/example_branch_datetime_operator.py
[2025-07-22T08:57:16.474+0000] {processor.py:830} INFO - Processing file /home/airflow/.local/lib/python3.12/site-packages/airflow/example_dags/example_branch_datetime_operator.py for tasks to queue
[2025-07-22T08:57:16.478+0000] {logging_mixin.py:188} INFO - [2025-07-22T08:57:16.477+0000] {dagbag.py:545} INFO - Filling up the DagBag from /home/airflow/.local/lib/python3.12/site-packages/airflow/example_dags/example_branch_datetime_operator.py
[2025-07-22T08:57:16.492+0000] {processor.py:840} INFO - DAG(s) 'example_branch_datetime_operator_3', 'example_branch_datetime_operator', 'example_branch_datetime_operator_2' retrieved from /home/airflow/.local/lib/python3.12/site-packages/airflow/example_dags/example_branch_datetime_operator.py
[2025-07-22T08:57:16.533+0000] {logging_mixin.py:188} INFO - [2025-07-22T08:57:16.532+0000] {dag.py:3096} INFO - Sync 3 DAGs
[2025-07-22T08:57:16.566+0000] {logging_mixin.py:188} INFO - [2025-07-22T08:57:16.565+0000] {dag.py:3954} INFO - Setting next_dagrun for example_branch_datetime_operator to 2025-07-21 00:00:00+00:00, run_after=2025-07-22 00:00:00+00:00
[2025-07-22T08:57:16.573+0000] {logging_mixin.py:188} INFO - [2025-07-22T08:57:16.573+0000] {dag.py:3954} INFO - Setting next_dagrun for example_branch_datetime_operator_2 to 2025-07-21 00:00:00+00:00, run_after=2025-07-22 00:00:00+00:00
[2025-07-22T08:57:16.577+0000] {logging_mixin.py:188} INFO - [2025-07-22T08:57:16.577+0000] {dag.py:3954} INFO - Setting next_dagrun for example_branch_datetime_operator_3 to 2025-07-21 00:00:00+00:00, run_after=2025-07-22 00:00:00+00:00
[2025-07-22T08:57:16.600+0000] {processor.py:183} INFO - Processing /home/airflow/.local/lib/python3.12/site-packages/airflow/example_dags/example_branch_datetime_operator.py took 0.136 seconds
[2025-07-22T08:57:46.833+0000] {processor.py:161} INFO - Started process (PID=745) to work on /home/airflow/.local/lib/python3.12/site-packages/airflow/example_dags/example_branch_datetime_operator.py
[2025-07-22T08:57:46.834+0000] {processor.py:830} INFO - Processing file /home/airflow/.local/lib/python3.12/site-packages/airflow/example_dags/example_branch_datetime_operator.py for tasks to queue
[2025-07-22T08:57:46.836+0000] {logging_mixin.py:188} INFO - [2025-07-22T08:57:46.836+0000] {dagbag.py:545} INFO - Filling up the DagBag from /home/airflow/.local/lib/python3.12/site-packages/airflow/example_dags/example_branch_datetime_operator.py
[2025-07-22T08:57:46.847+0000] {processor.py:840} INFO - DAG(s) 'example_branch_datetime_operator', 'example_branch_datetime_operator_3', 'example_branch_datetime_operator_2' retrieved from /home/airflow/.local/lib/python3.12/site-packages/airflow/example_dags/example_branch_datetime_operator.py
[2025-07-22T08:57:46.878+0000] {logging_mixin.py:188} INFO - [2025-07-22T08:57:46.878+0000] {dag.py:3096} INFO - Sync 3 DAGs
[2025-07-22T08:57:46.906+0000] {logging_mixin.py:188} INFO - [2025-07-22T08:57:46.906+0000] {dag.py:3954} INFO - Setting next_dagrun for example_branch_datetime_operator to 2025-07-21 00:00:00+00:00, run_after=2025-07-22 00:00:00+00:00
[2025-07-22T08:57:46.913+0000] {logging_mixin.py:188} INFO - [2025-07-22T08:57:46.912+0000] {dag.py:3954} INFO - Setting next_dagrun for example_branch_datetime_operator_2 to 2025-07-21 00:00:00+00:00, run_after=2025-07-22 00:00:00+00:00
[2025-07-22T08:57:46.916+0000] {logging_mixin.py:188} INFO - [2025-07-22T08:57:46.916+0000] {dag.py:3954} INFO - Setting next_dagrun for example_branch_datetime_operator_3 to 2025-07-21 00:00:00+00:00, run_after=2025-07-22 00:00:00+00:00
[2025-07-22T08:57:46.935+0000] {processor.py:183} INFO - Processing /home/airflow/.local/lib/python3.12/site-packages/airflow/example_dags/example_branch_datetime_operator.py took 0.108 seconds
[2025-07-22T08:58:17.501+0000] {processor.py:161} INFO - Started process (PID=805) to work on /home/airflow/.local/lib/python3.12/site-packages/airflow/example_dags/example_branch_datetime_operator.py
[2025-07-22T08:58:17.503+0000] {processor.py:830} INFO - Processing file /home/airflow/.local/lib/python3.12/site-packages/airflow/example_dags/example_branch_datetime_operator.py for tasks to queue
[2025-07-22T08:58:17.506+0000] {logging_mixin.py:188} INFO - [2025-07-22T08:58:17.505+0000] {dagbag.py:545} INFO - Filling up the DagBag from /home/airflow/.local/lib/python3.12/site-packages/airflow/example_dags/example_branch_datetime_operator.py
[2025-07-22T08:58:17.526+0000] {processor.py:840} INFO - DAG(s) 'example_branch_datetime_operator', 'example_branch_datetime_operator_3', 'example_branch_datetime_operator_2' retrieved from /home/airflow/.local/lib/python3.12/site-packages/airflow/example_dags/example_branch_datetime_operator.py
[2025-07-22T08:58:17.573+0000] {logging_mixin.py:188} INFO - [2025-07-22T08:58:17.573+0000] {dag.py:3096} INFO - Sync 3 DAGs
[2025-07-22T08:58:17.610+0000] {logging_mixin.py:188} INFO - [2025-07-22T08:58:17.610+0000] {dag.py:3954} INFO - Setting next_dagrun for example_branch_datetime_operator to 2025-07-21 00:00:00+00:00, run_after=2025-07-22 00:00:00+00:00
[2025-07-22T08:58:17.617+0000] {logging_mixin.py:188} INFO - [2025-07-22T08:58:17.617+0000] {dag.py:3954} INFO - Setting next_dagrun for example_branch_datetime_operator_2 to 2025-07-21 00:00:00+00:00, run_after=2025-07-22 00:00:00+00:00
[2025-07-22T08:58:17.621+0000] {logging_mixin.py:188} INFO - [2025-07-22T08:58:17.621+0000] {dag.py:3954} INFO - Setting next_dagrun for example_branch_datetime_operator_3 to 2025-07-21 00:00:00+00:00, run_after=2025-07-22 00:00:00+00:00
[2025-07-22T08:58:17.642+0000] {processor.py:183} INFO - Processing /home/airflow/.local/lib/python3.12/site-packages/airflow/example_dags/example_branch_datetime_operator.py took 0.151 seconds
[2025-07-22T08:58:48.283+0000] {processor.py:161} INFO - Started process (PID=865) to work on /home/airflow/.local/lib/python3.12/site-packages/airflow/example_dags/example_branch_datetime_operator.py
[2025-07-22T08:58:48.284+0000] {processor.py:830} INFO - Processing file /home/airflow/.local/lib/python3.12/site-packages/airflow/example_dags/example_branch_datetime_operator.py for tasks to queue
[2025-07-22T08:58:48.286+0000] {logging_mixin.py:188} INFO - [2025-07-22T08:58:48.286+0000] {dagbag.py:545} INFO - Filling up the DagBag from /home/airflow/.local/lib/python3.12/site-packages/airflow/example_dags/example_branch_datetime_operator.py
[2025-07-22T08:58:48.297+0000] {processor.py:840} INFO - DAG(s) 'example_branch_datetime_operator_2', 'example_branch_datetime_operator_3', 'example_branch_datetime_operator' retrieved from /home/airflow/.local/lib/python3.12/site-packages/airflow/example_dags/example_branch_datetime_operator.py
[2025-07-22T08:58:48.327+0000] {logging_mixin.py:188} INFO - [2025-07-22T08:58:48.327+0000] {dag.py:3096} INFO - Sync 3 DAGs
[2025-07-22T08:58:48.354+0000] {logging_mixin.py:188} INFO - [2025-07-22T08:58:48.354+0000] {dag.py:3954} INFO - Setting next_dagrun for example_branch_datetime_operator to 2025-07-21 00:00:00+00:00, run_after=2025-07-22 00:00:00+00:00
[2025-07-22T08:58:48.360+0000] {logging_mixin.py:188} INFO - [2025-07-22T08:58:48.360+0000] {dag.py:3954} INFO - Setting next_dagrun for example_branch_datetime_operator_2 to 2025-07-21 00:00:00+00:00, run_after=2025-07-22 00:00:00+00:00
[2025-07-22T08:58:48.363+0000] {logging_mixin.py:188} INFO - [2025-07-22T08:58:48.363+0000] {dag.py:3954} INFO - Setting next_dagrun for example_branch_datetime_operator_3 to 2025-07-21 00:00:00+00:00, run_after=2025-07-22 00:00:00+00:00
[2025-07-22T08:58:48.385+0000] {processor.py:183} INFO - Processing /home/airflow/.local/lib/python3.12/site-packages/airflow/example_dags/example_branch_datetime_operator.py took 0.108 seconds
[2025-07-22T08:59:19.145+0000] {processor.py:161} INFO - Started process (PID=925) to work on /home/airflow/.local/lib/python3.12/site-packages/airflow/example_dags/example_branch_datetime_operator.py
[2025-07-22T08:59:19.146+0000] {processor.py:830} INFO - Processing file /home/airflow/.local/lib/python3.12/site-packages/airflow/example_dags/example_branch_datetime_operator.py for tasks to queue
[2025-07-22T08:59:19.148+0000] {logging_mixin.py:188} INFO - [2025-07-22T08:59:19.148+0000] {dagbag.py:545} INFO - Filling up the DagBag from /home/airflow/.local/lib/python3.12/site-packages/airflow/example_dags/example_branch_datetime_operator.py
[2025-07-22T08:59:19.160+0000] {processor.py:840} INFO - DAG(s) 'example_branch_datetime_operator_2', 'example_branch_datetime_operator_3', 'example_branch_datetime_operator' retrieved from /home/airflow/.local/lib/python3.12/site-packages/airflow/example_dags/example_branch_datetime_operator.py
[2025-07-22T08:59:19.194+0000] {logging_mixin.py:188} INFO - [2025-07-22T08:59:19.194+0000] {dag.py:3096} INFO - Sync 3 DAGs
[2025-07-22T08:59:19.225+0000] {logging_mixin.py:188} INFO - [2025-07-22T08:59:19.225+0000] {dag.py:3954} INFO - Setting next_dagrun for example_branch_datetime_operator to 2025-07-21 00:00:00+00:00, run_after=2025-07-22 00:00:00+00:00
[2025-07-22T08:59:19.232+0000] {logging_mixin.py:188} INFO - [2025-07-22T08:59:19.231+0000] {dag.py:3954} INFO - Setting next_dagrun for example_branch_datetime_operator_2 to 2025-07-21 00:00:00+00:00, run_after=2025-07-22 00:00:00+00:00
[2025-07-22T08:59:19.235+0000] {logging_mixin.py:188} INFO - [2025-07-22T08:59:19.235+0000] {dag.py:3954} INFO - Setting next_dagrun for example_branch_datetime_operator_3 to 2025-07-21 00:00:00+00:00, run_after=2025-07-22 00:00:00+00:00
[2025-07-22T08:59:19.257+0000] {processor.py:183} INFO - Processing /home/airflow/.local/lib/python3.12/site-packages/airflow/example_dags/example_branch_datetime_operator.py took 0.119 seconds
[2025-07-22T08:59:49.452+0000] {processor.py:161} INFO - Started process (PID=985) to work on /home/airflow/.local/lib/python3.12/site-packages/airflow/example_dags/example_branch_datetime_operator.py
[2025-07-22T08:59:49.454+0000] {processor.py:830} INFO - Processing file /home/airflow/.local/lib/python3.12/site-packages/airflow/example_dags/example_branch_datetime_operator.py for tasks to queue
[2025-07-22T08:59:49.457+0000] {logging_mixin.py:188} INFO - [2025-07-22T08:59:49.456+0000] {dagbag.py:545} INFO - Filling up the DagBag from /home/airflow/.local/lib/python3.12/site-packages/airflow/example_dags/example_branch_datetime_operator.py
[2025-07-22T08:59:49.471+0000] {processor.py:840} INFO - DAG(s) 'example_branch_datetime_operator_2', 'example_branch_datetime_operator', 'example_branch_datetime_operator_3' retrieved from /home/airflow/.local/lib/python3.12/site-packages/airflow/example_dags/example_branch_datetime_operator.py
[2025-07-22T08:59:49.508+0000] {logging_mixin.py:188} INFO - [2025-07-22T08:59:49.508+0000] {dag.py:3096} INFO - Sync 3 DAGs
[2025-07-22T08:59:49.543+0000] {logging_mixin.py:188} INFO - [2025-07-22T08:59:49.543+0000] {dag.py:3954} INFO - Setting next_dagrun for example_branch_datetime_operator to 2025-07-21 00:00:00+00:00, run_after=2025-07-22 00:00:00+00:00
[2025-07-22T08:59:49.551+0000] {logging_mixin.py:188} INFO - [2025-07-22T08:59:49.551+0000] {dag.py:3954} INFO - Setting next_dagrun for example_branch_datetime_operator_2 to 2025-07-21 00:00:00+00:00, run_after=2025-07-22 00:00:00+00:00
[2025-07-22T08:59:49.554+0000] {logging_mixin.py:188} INFO - [2025-07-22T08:59:49.554+0000] {dag.py:3954} INFO - Setting next_dagrun for example_branch_datetime_operator_3 to 2025-07-21 00:00:00+00:00, run_after=2025-07-22 00:00:00+00:00
[2025-07-22T08:59:49.586+0000] {processor.py:183} INFO - Processing /home/airflow/.local/lib/python3.12/site-packages/airflow/example_dags/example_branch_datetime_operator.py took 0.143 seconds
[2025-07-22T09:00:19.985+0000] {processor.py:161} INFO - Started process (PID=1044) to work on /home/airflow/.local/lib/python3.12/site-packages/airflow/example_dags/example_branch_datetime_operator.py
[2025-07-22T09:00:19.986+0000] {processor.py:830} INFO - Processing file /home/airflow/.local/lib/python3.12/site-packages/airflow/example_dags/example_branch_datetime_operator.py for tasks to queue
[2025-07-22T09:00:19.989+0000] {logging_mixin.py:188} INFO - [2025-07-22T09:00:19.988+0000] {dagbag.py:545} INFO - Filling up the DagBag from /home/airflow/.local/lib/python3.12/site-packages/airflow/example_dags/example_branch_datetime_operator.py
[2025-07-22T09:00:19.999+0000] {processor.py:840} INFO - DAG(s) 'example_branch_datetime_operator', 'example_branch_datetime_operator_2', 'example_branch_datetime_operator_3' retrieved from /home/airflow/.local/lib/python3.12/site-packages/airflow/example_dags/example_branch_datetime_operator.py
[2025-07-22T09:00:20.032+0000] {logging_mixin.py:188} INFO - [2025-07-22T09:00:20.032+0000] {dag.py:3096} INFO - Sync 3 DAGs
[2025-07-22T09:00:20.058+0000] {logging_mixin.py:188} INFO - [2025-07-22T09:00:20.058+0000] {dag.py:3954} INFO - Setting next_dagrun for example_branch_datetime_operator to 2025-07-21 00:00:00+00:00, run_after=2025-07-22 00:00:00+00:00
[2025-07-22T09:00:20.064+0000] {logging_mixin.py:188} INFO - [2025-07-22T09:00:20.063+0000] {dag.py:3954} INFO - Setting next_dagrun for example_branch_datetime_operator_2 to 2025-07-21 00:00:00+00:00, run_after=2025-07-22 00:00:00+00:00
[2025-07-22T09:00:20.067+0000] {logging_mixin.py:188} INFO - [2025-07-22T09:00:20.066+0000] {dag.py:3954} INFO - Setting next_dagrun for example_branch_datetime_operator_3 to 2025-07-21 00:00:00+00:00, run_after=2025-07-22 00:00:00+00:00
[2025-07-22T09:00:20.085+0000] {processor.py:183} INFO - Processing /home/airflow/.local/lib/python3.12/site-packages/airflow/example_dags/example_branch_datetime_operator.py took 0.106 seconds
[2025-07-22T09:00:50.828+0000] {processor.py:161} INFO - Started process (PID=1104) to work on /home/airflow/.local/lib/python3.12/site-packages/airflow/example_dags/example_branch_datetime_operator.py
[2025-07-22T09:00:50.829+0000] {processor.py:830} INFO - Processing file /home/airflow/.local/lib/python3.12/site-packages/airflow/example_dags/example_branch_datetime_operator.py for tasks to queue
[2025-07-22T09:00:50.832+0000] {logging_mixin.py:188} INFO - [2025-07-22T09:00:50.831+0000] {dagbag.py:545} INFO - Filling up the DagBag from /home/airflow/.local/lib/python3.12/site-packages/airflow/example_dags/example_branch_datetime_operator.py
[2025-07-22T09:00:50.846+0000] {processor.py:840} INFO - DAG(s) 'example_branch_datetime_operator_2', 'example_branch_datetime_operator', 'example_branch_datetime_operator_3' retrieved from /home/airflow/.local/lib/python3.12/site-packages/airflow/example_dags/example_branch_datetime_operator.py
[2025-07-22T09:00:50.888+0000] {logging_mixin.py:188} INFO - [2025-07-22T09:00:50.888+0000] {dag.py:3096} INFO - Sync 3 DAGs
[2025-07-22T09:00:50.921+0000] {logging_mixin.py:188} INFO - [2025-07-22T09:00:50.921+0000] {dag.py:3954} INFO - Setting next_dagrun for example_branch_datetime_operator to 2025-07-21 00:00:00+00:00, run_after=2025-07-22 00:00:00+00:00
[2025-07-22T09:00:50.929+0000] {logging_mixin.py:188} INFO - [2025-07-22T09:00:50.929+0000] {dag.py:3954} INFO - Setting next_dagrun for example_branch_datetime_operator_2 to 2025-07-21 00:00:00+00:00, run_after=2025-07-22 00:00:00+00:00
[2025-07-22T09:00:50.933+0000] {logging_mixin.py:188} INFO - [2025-07-22T09:00:50.932+0000] {dag.py:3954} INFO - Setting next_dagrun for example_branch_datetime_operator_3 to 2025-07-21 00:00:00+00:00, run_after=2025-07-22 00:00:00+00:00
[2025-07-22T09:00:50.966+0000] {processor.py:183} INFO - Processing /home/airflow/.local/lib/python3.12/site-packages/airflow/example_dags/example_branch_datetime_operator.py took 0.146 seconds
[2025-07-22T09:01:21.630+0000] {processor.py:161} INFO - Started process (PID=1164) to work on /home/airflow/.local/lib/python3.12/site-packages/airflow/example_dags/example_branch_datetime_operator.py
[2025-07-22T09:01:21.632+0000] {processor.py:830} INFO - Processing file /home/airflow/.local/lib/python3.12/site-packages/airflow/example_dags/example_branch_datetime_operator.py for tasks to queue
[2025-07-22T09:01:21.635+0000] {logging_mixin.py:188} INFO - [2025-07-22T09:01:21.634+0000] {dagbag.py:545} INFO - Filling up the DagBag from /home/airflow/.local/lib/python3.12/site-packages/airflow/example_dags/example_branch_datetime_operator.py
[2025-07-22T09:01:21.647+0000] {processor.py:840} INFO - DAG(s) 'example_branch_datetime_operator', 'example_branch_datetime_operator_2', 'example_branch_datetime_operator_3' retrieved from /home/airflow/.local/lib/python3.12/site-packages/airflow/example_dags/example_branch_datetime_operator.py
[2025-07-22T09:01:21.681+0000] {logging_mixin.py:188} INFO - [2025-07-22T09:01:21.681+0000] {dag.py:3096} INFO - Sync 3 DAGs
[2025-07-22T09:01:21.711+0000] {logging_mixin.py:188} INFO - [2025-07-22T09:01:21.710+0000] {dag.py:3954} INFO - Setting next_dagrun for example_branch_datetime_operator to 2025-07-21 00:00:00+00:00, run_after=2025-07-22 00:00:00+00:00
[2025-07-22T09:01:21.718+0000] {logging_mixin.py:188} INFO - [2025-07-22T09:01:21.718+0000] {dag.py:3954} INFO - Setting next_dagrun for example_branch_datetime_operator_2 to 2025-07-21 00:00:00+00:00, run_after=2025-07-22 00:00:00+00:00
[2025-07-22T09:01:21.722+0000] {logging_mixin.py:188} INFO - [2025-07-22T09:01:21.721+0000] {dag.py:3954} INFO - Setting next_dagrun for example_branch_datetime_operator_3 to 2025-07-21 00:00:00+00:00, run_after=2025-07-22 00:00:00+00:00
[2025-07-22T09:01:21.745+0000] {processor.py:183} INFO - Processing /home/airflow/.local/lib/python3.12/site-packages/airflow/example_dags/example_branch_datetime_operator.py took 0.124 seconds
[2025-07-22T09:01:51.886+0000] {processor.py:161} INFO - Started process (PID=1224) to work on /home/airflow/.local/lib/python3.12/site-packages/airflow/example_dags/example_branch_datetime_operator.py
[2025-07-22T09:01:51.887+0000] {processor.py:830} INFO - Processing file /home/airflow/.local/lib/python3.12/site-packages/airflow/example_dags/example_branch_datetime_operator.py for tasks to queue
[2025-07-22T09:01:51.890+0000] {logging_mixin.py:188} INFO - [2025-07-22T09:01:51.889+0000] {dagbag.py:545} INFO - Filling up the DagBag from /home/airflow/.local/lib/python3.12/site-packages/airflow/example_dags/example_branch_datetime_operator.py
[2025-07-22T09:01:51.904+0000] {processor.py:840} INFO - DAG(s) 'example_branch_datetime_operator_2', 'example_branch_datetime_operator_3', 'example_branch_datetime_operator' retrieved from /home/airflow/.local/lib/python3.12/site-packages/airflow/example_dags/example_branch_datetime_operator.py
[2025-07-22T09:01:51.942+0000] {logging_mixin.py:188} INFO - [2025-07-22T09:01:51.941+0000] {dag.py:3096} INFO - Sync 3 DAGs
[2025-07-22T09:01:51.971+0000] {logging_mixin.py:188} INFO - [2025-07-22T09:01:51.971+0000] {dag.py:3954} INFO - Setting next_dagrun for example_branch_datetime_operator to 2025-07-21 00:00:00+00:00, run_after=2025-07-22 00:00:00+00:00
[2025-07-22T09:01:51.977+0000] {logging_mixin.py:188} INFO - [2025-07-22T09:01:51.977+0000] {dag.py:3954} INFO - Setting next_dagrun for example_branch_datetime_operator_2 to 2025-07-21 00:00:00+00:00, run_after=2025-07-22 00:00:00+00:00
[2025-07-22T09:01:51.980+0000] {logging_mixin.py:188} INFO - [2025-07-22T09:01:51.980+0000] {dag.py:3954} INFO - Setting next_dagrun for example_branch_datetime_operator_3 to 2025-07-21 00:00:00+00:00, run_after=2025-07-22 00:00:00+00:00
[2025-07-22T09:01:51.999+0000] {processor.py:183} INFO - Processing /home/airflow/.local/lib/python3.12/site-packages/airflow/example_dags/example_branch_datetime_operator.py took 0.122 seconds
[2025-07-22T09:02:22.107+0000] {processor.py:161} INFO - Started process (PID=1284) to work on /home/airflow/.local/lib/python3.12/site-packages/airflow/example_dags/example_branch_datetime_operator.py
[2025-07-22T09:02:22.109+0000] {processor.py:830} INFO - Processing file /home/airflow/.local/lib/python3.12/site-packages/airflow/example_dags/example_branch_datetime_operator.py for tasks to queue
[2025-07-22T09:02:22.111+0000] {logging_mixin.py:188} INFO - [2025-07-22T09:02:22.111+0000] {dagbag.py:545} INFO - Filling up the DagBag from /home/airflow/.local/lib/python3.12/site-packages/airflow/example_dags/example_branch_datetime_operator.py
[2025-07-22T09:02:22.124+0000] {processor.py:840} INFO - DAG(s) 'example_branch_datetime_operator_2', 'example_branch_datetime_operator_3', 'example_branch_datetime_operator' retrieved from /home/airflow/.local/lib/python3.12/site-packages/airflow/example_dags/example_branch_datetime_operator.py
[2025-07-22T09:02:22.160+0000] {logging_mixin.py:188} INFO - [2025-07-22T09:02:22.159+0000] {dag.py:3096} INFO - Sync 3 DAGs
[2025-07-22T09:02:22.203+0000] {logging_mixin.py:188} INFO - [2025-07-22T09:02:22.202+0000] {dag.py:3954} INFO - Setting next_dagrun for example_branch_datetime_operator to 2025-07-21 00:00:00+00:00, run_after=2025-07-22 00:00:00+00:00
[2025-07-22T09:02:22.210+0000] {logging_mixin.py:188} INFO - [2025-07-22T09:02:22.209+0000] {dag.py:3954} INFO - Setting next_dagrun for example_branch_datetime_operator_2 to 2025-07-21 00:00:00+00:00, run_after=2025-07-22 00:00:00+00:00
[2025-07-22T09:02:22.214+0000] {logging_mixin.py:188} INFO - [2025-07-22T09:02:22.214+0000] {dag.py:3954} INFO - Setting next_dagrun for example_branch_datetime_operator_3 to 2025-07-21 00:00:00+00:00, run_after=2025-07-22 00:00:00+00:00
[2025-07-22T09:02:22.244+0000] {processor.py:183} INFO - Processing /home/airflow/.local/lib/python3.12/site-packages/airflow/example_dags/example_branch_datetime_operator.py took 0.144 seconds
[2025-07-22T09:02:52.692+0000] {processor.py:161} INFO - Started process (PID=1344) to work on /home/airflow/.local/lib/python3.12/site-packages/airflow/example_dags/example_branch_datetime_operator.py
[2025-07-22T09:02:52.693+0000] {processor.py:830} INFO - Processing file /home/airflow/.local/lib/python3.12/site-packages/airflow/example_dags/example_branch_datetime_operator.py for tasks to queue
[2025-07-22T09:02:52.695+0000] {logging_mixin.py:188} INFO - [2025-07-22T09:02:52.695+0000] {dagbag.py:545} INFO - Filling up the DagBag from /home/airflow/.local/lib/python3.12/site-packages/airflow/example_dags/example_branch_datetime_operator.py
[2025-07-22T09:02:52.706+0000] {processor.py:840} INFO - DAG(s) 'example_branch_datetime_operator_3', 'example_branch_datetime_operator', 'example_branch_datetime_operator_2' retrieved from /home/airflow/.local/lib/python3.12/site-packages/airflow/example_dags/example_branch_datetime_operator.py
[2025-07-22T09:02:52.737+0000] {logging_mixin.py:188} INFO - [2025-07-22T09:02:52.737+0000] {dag.py:3096} INFO - Sync 3 DAGs
[2025-07-22T09:02:52.763+0000] {logging_mixin.py:188} INFO - [2025-07-22T09:02:52.763+0000] {dag.py:3954} INFO - Setting next_dagrun for example_branch_datetime_operator to 2025-07-21 00:00:00+00:00, run_after=2025-07-22 00:00:00+00:00
[2025-07-22T09:02:52.770+0000] {logging_mixin.py:188} INFO - [2025-07-22T09:02:52.769+0000] {dag.py:3954} INFO - Setting next_dagrun for example_branch_datetime_operator_2 to 2025-07-21 00:00:00+00:00, run_after=2025-07-22 00:00:00+00:00
[2025-07-22T09:02:52.773+0000] {logging_mixin.py:188} INFO - [2025-07-22T09:02:52.773+0000] {dag.py:3954} INFO - Setting next_dagrun for example_branch_datetime_operator_3 to 2025-07-21 00:00:00+00:00, run_after=2025-07-22 00:00:00+00:00
[2025-07-22T09:02:52.795+0000] {processor.py:183} INFO - Processing /home/airflow/.local/lib/python3.12/site-packages/airflow/example_dags/example_branch_datetime_operator.py took 0.110 seconds
[2025-07-22T09:03:23.136+0000] {processor.py:161} INFO - Started process (PID=1404) to work on /home/airflow/.local/lib/python3.12/site-packages/airflow/example_dags/example_branch_datetime_operator.py
[2025-07-22T09:03:23.137+0000] {processor.py:830} INFO - Processing file /home/airflow/.local/lib/python3.12/site-packages/airflow/example_dags/example_branch_datetime_operator.py for tasks to queue
[2025-07-22T09:03:23.140+0000] {logging_mixin.py:188} INFO - [2025-07-22T09:03:23.140+0000] {dagbag.py:545} INFO - Filling up the DagBag from /home/airflow/.local/lib/python3.12/site-packages/airflow/example_dags/example_branch_datetime_operator.py
[2025-07-22T09:03:23.154+0000] {processor.py:840} INFO - DAG(s) 'example_branch_datetime_operator', 'example_branch_datetime_operator_3', 'example_branch_datetime_operator_2' retrieved from /home/airflow/.local/lib/python3.12/site-packages/airflow/example_dags/example_branch_datetime_operator.py
[2025-07-22T09:03:23.188+0000] {logging_mixin.py:188} INFO - [2025-07-22T09:03:23.188+0000] {dag.py:3096} INFO - Sync 3 DAGs
[2025-07-22T09:03:23.219+0000] {logging_mixin.py:188} INFO - [2025-07-22T09:03:23.218+0000] {dag.py:3954} INFO - Setting next_dagrun for example_branch_datetime_operator to 2025-07-21 00:00:00+00:00, run_after=2025-07-22 00:00:00+00:00
[2025-07-22T09:03:23.225+0000] {logging_mixin.py:188} INFO - [2025-07-22T09:03:23.225+0000] {dag.py:3954} INFO - Setting next_dagrun for example_branch_datetime_operator_2 to 2025-07-21 00:00:00+00:00, run_after=2025-07-22 00:00:00+00:00
[2025-07-22T09:03:23.229+0000] {logging_mixin.py:188} INFO - [2025-07-22T09:03:23.229+0000] {dag.py:3954} INFO - Setting next_dagrun for example_branch_datetime_operator_3 to 2025-07-21 00:00:00+00:00, run_after=2025-07-22 00:00:00+00:00
[2025-07-22T09:03:23.252+0000] {processor.py:183} INFO - Processing /home/airflow/.local/lib/python3.12/site-packages/airflow/example_dags/example_branch_datetime_operator.py took 0.124 seconds
[2025-07-22T09:03:53.298+0000] {processor.py:161} INFO - Started process (PID=1464) to work on /home/airflow/.local/lib/python3.12/site-packages/airflow/example_dags/example_branch_datetime_operator.py
[2025-07-22T09:03:53.299+0000] {processor.py:830} INFO - Processing file /home/airflow/.local/lib/python3.12/site-packages/airflow/example_dags/example_branch_datetime_operator.py for tasks to queue
[2025-07-22T09:03:53.301+0000] {logging_mixin.py:188} INFO - [2025-07-22T09:03:53.301+0000] {dagbag.py:545} INFO - Filling up the DagBag from /home/airflow/.local/lib/python3.12/site-packages/airflow/example_dags/example_branch_datetime_operator.py
[2025-07-22T09:03:53.312+0000] {processor.py:840} INFO - DAG(s) 'example_branch_datetime_operator_2', 'example_branch_datetime_operator_3', 'example_branch_datetime_operator' retrieved from /home/airflow/.local/lib/python3.12/site-packages/airflow/example_dags/example_branch_datetime_operator.py
[2025-07-22T09:03:53.342+0000] {logging_mixin.py:188} INFO - [2025-07-22T09:03:53.341+0000] {dag.py:3096} INFO - Sync 3 DAGs
[2025-07-22T09:03:53.367+0000] {logging_mixin.py:188} INFO - [2025-07-22T09:03:53.367+0000] {dag.py:3954} INFO - Setting next_dagrun for example_branch_datetime_operator to 2025-07-21 00:00:00+00:00, run_after=2025-07-22 00:00:00+00:00
[2025-07-22T09:03:53.373+0000] {logging_mixin.py:188} INFO - [2025-07-22T09:03:53.373+0000] {dag.py:3954} INFO - Setting next_dagrun for example_branch_datetime_operator_2 to 2025-07-21 00:00:00+00:00, run_after=2025-07-22 00:00:00+00:00
[2025-07-22T09:03:53.376+0000] {logging_mixin.py:188} INFO - [2025-07-22T09:03:53.376+0000] {dag.py:3954} INFO - Setting next_dagrun for example_branch_datetime_operator_3 to 2025-07-21 00:00:00+00:00, run_after=2025-07-22 00:00:00+00:00
[2025-07-22T09:03:53.395+0000] {processor.py:183} INFO - Processing /home/airflow/.local/lib/python3.12/site-packages/airflow/example_dags/example_branch_datetime_operator.py took 0.103 seconds
[2025-07-22T09:04:24.041+0000] {processor.py:161} INFO - Started process (PID=1524) to work on /home/airflow/.local/lib/python3.12/site-packages/airflow/example_dags/example_branch_datetime_operator.py
[2025-07-22T09:04:24.042+0000] {processor.py:830} INFO - Processing file /home/airflow/.local/lib/python3.12/site-packages/airflow/example_dags/example_branch_datetime_operator.py for tasks to queue
[2025-07-22T09:04:24.044+0000] {logging_mixin.py:188} INFO - [2025-07-22T09:04:24.044+0000] {dagbag.py:545} INFO - Filling up the DagBag from /home/airflow/.local/lib/python3.12/site-packages/airflow/example_dags/example_branch_datetime_operator.py
[2025-07-22T09:04:24.057+0000] {processor.py:840} INFO - DAG(s) 'example_branch_datetime_operator', 'example_branch_datetime_operator_2', 'example_branch_datetime_operator_3' retrieved from /home/airflow/.local/lib/python3.12/site-packages/airflow/example_dags/example_branch_datetime_operator.py
[2025-07-22T09:04:24.092+0000] {logging_mixin.py:188} INFO - [2025-07-22T09:04:24.092+0000] {dag.py:3096} INFO - Sync 3 DAGs
[2025-07-22T09:04:24.133+0000] {logging_mixin.py:188} INFO - [2025-07-22T09:04:24.133+0000] {dag.py:3954} INFO - Setting next_dagrun for example_branch_datetime_operator to 2025-07-21 00:00:00+00:00, run_after=2025-07-22 00:00:00+00:00
[2025-07-22T09:04:24.143+0000] {logging_mixin.py:188} INFO - [2025-07-22T09:04:24.142+0000] {dag.py:3954} INFO - Setting next_dagrun for example_branch_datetime_operator_2 to 2025-07-21 00:00:00+00:00, run_after=2025-07-22 00:00:00+00:00
[2025-07-22T09:04:24.148+0000] {logging_mixin.py:188} INFO - [2025-07-22T09:04:24.148+0000] {dag.py:3954} INFO - Setting next_dagrun for example_branch_datetime_operator_3 to 2025-07-21 00:00:00+00:00, run_after=2025-07-22 00:00:00+00:00
[2025-07-22T09:04:24.170+0000] {processor.py:183} INFO - Processing /home/airflow/.local/lib/python3.12/site-packages/airflow/example_dags/example_branch_datetime_operator.py took 0.136 seconds
[2025-07-22T09:04:54.454+0000] {processor.py:161} INFO - Started process (PID=1584) to work on /home/airflow/.local/lib/python3.12/site-packages/airflow/example_dags/example_branch_datetime_operator.py
[2025-07-22T09:04:54.456+0000] {processor.py:830} INFO - Processing file /home/airflow/.local/lib/python3.12/site-packages/airflow/example_dags/example_branch_datetime_operator.py for tasks to queue
[2025-07-22T09:04:54.458+0000] {logging_mixin.py:188} INFO - [2025-07-22T09:04:54.458+0000] {dagbag.py:545} INFO - Filling up the DagBag from /home/airflow/.local/lib/python3.12/site-packages/airflow/example_dags/example_branch_datetime_operator.py
[2025-07-22T09:04:54.471+0000] {processor.py:840} INFO - DAG(s) 'example_branch_datetime_operator_3', 'example_branch_datetime_operator_2', 'example_branch_datetime_operator' retrieved from /home/airflow/.local/lib/python3.12/site-packages/airflow/example_dags/example_branch_datetime_operator.py
[2025-07-22T09:04:54.506+0000] {logging_mixin.py:188} INFO - [2025-07-22T09:04:54.506+0000] {dag.py:3096} INFO - Sync 3 DAGs
[2025-07-22T09:04:54.539+0000] {logging_mixin.py:188} INFO - [2025-07-22T09:04:54.539+0000] {dag.py:3954} INFO - Setting next_dagrun for example_branch_datetime_operator to 2025-07-21 00:00:00+00:00, run_after=2025-07-22 00:00:00+00:00
[2025-07-22T09:04:54.546+0000] {logging_mixin.py:188} INFO - [2025-07-22T09:04:54.546+0000] {dag.py:3954} INFO - Setting next_dagrun for example_branch_datetime_operator_2 to 2025-07-21 00:00:00+00:00, run_after=2025-07-22 00:00:00+00:00
[2025-07-22T09:04:54.550+0000] {logging_mixin.py:188} INFO - [2025-07-22T09:04:54.550+0000] {dag.py:3954} INFO - Setting next_dagrun for example_branch_datetime_operator_3 to 2025-07-21 00:00:00+00:00, run_after=2025-07-22 00:00:00+00:00
[2025-07-22T09:04:54.574+0000] {processor.py:183} INFO - Processing /home/airflow/.local/lib/python3.12/site-packages/airflow/example_dags/example_branch_datetime_operator.py took 0.128 seconds
[2025-07-22T09:05:25.464+0000] {processor.py:161} INFO - Started process (PID=1644) to work on /home/airflow/.local/lib/python3.12/site-packages/airflow/example_dags/example_branch_datetime_operator.py
[2025-07-22T09:05:25.465+0000] {processor.py:830} INFO - Processing file /home/airflow/.local/lib/python3.12/site-packages/airflow/example_dags/example_branch_datetime_operator.py for tasks to queue
[2025-07-22T09:05:25.467+0000] {logging_mixin.py:188} INFO - [2025-07-22T09:05:25.467+0000] {dagbag.py:545} INFO - Filling up the DagBag from /home/airflow/.local/lib/python3.12/site-packages/airflow/example_dags/example_branch_datetime_operator.py
[2025-07-22T09:05:25.478+0000] {processor.py:840} INFO - DAG(s) 'example_branch_datetime_operator', 'example_branch_datetime_operator_2', 'example_branch_datetime_operator_3' retrieved from /home/airflow/.local/lib/python3.12/site-packages/airflow/example_dags/example_branch_datetime_operator.py
[2025-07-22T09:05:25.508+0000] {logging_mixin.py:188} INFO - [2025-07-22T09:05:25.508+0000] {dag.py:3096} INFO - Sync 3 DAGs
[2025-07-22T09:05:25.534+0000] {logging_mixin.py:188} INFO - [2025-07-22T09:05:25.533+0000] {dag.py:3954} INFO - Setting next_dagrun for example_branch_datetime_operator to 2025-07-21 00:00:00+00:00, run_after=2025-07-22 00:00:00+00:00
[2025-07-22T09:05:25.540+0000] {logging_mixin.py:188} INFO - [2025-07-22T09:05:25.540+0000] {dag.py:3954} INFO - Setting next_dagrun for example_branch_datetime_operator_2 to 2025-07-21 00:00:00+00:00, run_after=2025-07-22 00:00:00+00:00
[2025-07-22T09:05:25.543+0000] {logging_mixin.py:188} INFO - [2025-07-22T09:05:25.543+0000] {dag.py:3954} INFO - Setting next_dagrun for example_branch_datetime_operator_3 to 2025-07-21 00:00:00+00:00, run_after=2025-07-22 00:00:00+00:00
[2025-07-22T09:05:25.564+0000] {processor.py:183} INFO - Processing /home/airflow/.local/lib/python3.12/site-packages/airflow/example_dags/example_branch_datetime_operator.py took 0.106 seconds
[2025-07-22T09:05:55.787+0000] {processor.py:161} INFO - Started process (PID=1704) to work on /home/airflow/.local/lib/python3.12/site-packages/airflow/example_dags/example_branch_datetime_operator.py
[2025-07-22T09:05:55.788+0000] {processor.py:830} INFO - Processing file /home/airflow/.local/lib/python3.12/site-packages/airflow/example_dags/example_branch_datetime_operator.py for tasks to queue
[2025-07-22T09:05:55.791+0000] {logging_mixin.py:188} INFO - [2025-07-22T09:05:55.790+0000] {dagbag.py:545} INFO - Filling up the DagBag from /home/airflow/.local/lib/python3.12/site-packages/airflow/example_dags/example_branch_datetime_operator.py
[2025-07-22T09:05:55.806+0000] {processor.py:840} INFO - DAG(s) 'example_branch_datetime_operator_2', 'example_branch_datetime_operator', 'example_branch_datetime_operator_3' retrieved from /home/airflow/.local/lib/python3.12/site-packages/airflow/example_dags/example_branch_datetime_operator.py
[2025-07-22T09:05:55.847+0000] {logging_mixin.py:188} INFO - [2025-07-22T09:05:55.847+0000] {dag.py:3096} INFO - Sync 3 DAGs
[2025-07-22T09:05:55.897+0000] {logging_mixin.py:188} INFO - [2025-07-22T09:05:55.896+0000] {dag.py:3954} INFO - Setting next_dagrun for example_branch_datetime_operator to 2025-07-21 00:00:00+00:00, run_after=2025-07-22 00:00:00+00:00
[2025-07-22T09:05:55.905+0000] {logging_mixin.py:188} INFO - [2025-07-22T09:05:55.905+0000] {dag.py:3954} INFO - Setting next_dagrun for example_branch_datetime_operator_2 to 2025-07-21 00:00:00+00:00, run_after=2025-07-22 00:00:00+00:00
[2025-07-22T09:05:55.909+0000] {logging_mixin.py:188} INFO - [2025-07-22T09:05:55.909+0000] {dag.py:3954} INFO - Setting next_dagrun for example_branch_datetime_operator_3 to 2025-07-21 00:00:00+00:00, run_after=2025-07-22 00:00:00+00:00
[2025-07-22T09:05:55.932+0000] {processor.py:183} INFO - Processing /home/airflow/.local/lib/python3.12/site-packages/airflow/example_dags/example_branch_datetime_operator.py took 0.159 seconds
[2025-07-22T09:06:26.231+0000] {processor.py:161} INFO - Started process (PID=1764) to work on /home/airflow/.local/lib/python3.12/site-packages/airflow/example_dags/example_branch_datetime_operator.py
[2025-07-22T09:06:26.237+0000] {processor.py:830} INFO - Processing file /home/airflow/.local/lib/python3.12/site-packages/airflow/example_dags/example_branch_datetime_operator.py for tasks to queue
[2025-07-22T09:06:26.242+0000] {logging_mixin.py:188} INFO - [2025-07-22T09:06:26.242+0000] {dagbag.py:545} INFO - Filling up the DagBag from /home/airflow/.local/lib/python3.12/site-packages/airflow/example_dags/example_branch_datetime_operator.py
[2025-07-22T09:06:26.275+0000] {processor.py:840} INFO - DAG(s) 'example_branch_datetime_operator_3', 'example_branch_datetime_operator_2', 'example_branch_datetime_operator' retrieved from /home/airflow/.local/lib/python3.12/site-packages/airflow/example_dags/example_branch_datetime_operator.py
[2025-07-22T09:06:26.334+0000] {logging_mixin.py:188} INFO - [2025-07-22T09:06:26.333+0000] {dag.py:3096} INFO - Sync 3 DAGs
[2025-07-22T09:06:26.368+0000] {logging_mixin.py:188} INFO - [2025-07-22T09:06:26.368+0000] {dag.py:3954} INFO - Setting next_dagrun for example_branch_datetime_operator to 2025-07-21 00:00:00+00:00, run_after=2025-07-22 00:00:00+00:00
[2025-07-22T09:06:26.376+0000] {logging_mixin.py:188} INFO - [2025-07-22T09:06:26.375+0000] {dag.py:3954} INFO - Setting next_dagrun for example_branch_datetime_operator_2 to 2025-07-21 00:00:00+00:00, run_after=2025-07-22 00:00:00+00:00
[2025-07-22T09:06:26.379+0000] {logging_mixin.py:188} INFO - [2025-07-22T09:06:26.379+0000] {dag.py:3954} INFO - Setting next_dagrun for example_branch_datetime_operator_3 to 2025-07-21 00:00:00+00:00, run_after=2025-07-22 00:00:00+00:00
[2025-07-22T09:06:26.401+0000] {processor.py:183} INFO - Processing /home/airflow/.local/lib/python3.12/site-packages/airflow/example_dags/example_branch_datetime_operator.py took 0.182 seconds
[2025-07-22T09:06:56.764+0000] {processor.py:161} INFO - Started process (PID=1824) to work on /home/airflow/.local/lib/python3.12/site-packages/airflow/example_dags/example_branch_datetime_operator.py
[2025-07-22T09:06:56.766+0000] {processor.py:830} INFO - Processing file /home/airflow/.local/lib/python3.12/site-packages/airflow/example_dags/example_branch_datetime_operator.py for tasks to queue
[2025-07-22T09:06:56.770+0000] {logging_mixin.py:188} INFO - [2025-07-22T09:06:56.769+0000] {dagbag.py:545} INFO - Filling up the DagBag from /home/airflow/.local/lib/python3.12/site-packages/airflow/example_dags/example_branch_datetime_operator.py
[2025-07-22T09:06:56.795+0000] {processor.py:840} INFO - DAG(s) 'example_branch_datetime_operator_3', 'example_branch_datetime_operator_2', 'example_branch_datetime_operator' retrieved from /home/airflow/.local/lib/python3.12/site-packages/airflow/example_dags/example_branch_datetime_operator.py
[2025-07-22T09:06:56.880+0000] {logging_mixin.py:188} INFO - [2025-07-22T09:06:56.879+0000] {dag.py:3096} INFO - Sync 3 DAGs
[2025-07-22T09:06:56.933+0000] {logging_mixin.py:188} INFO - [2025-07-22T09:06:56.933+0000] {dag.py:3954} INFO - Setting next_dagrun for example_branch_datetime_operator to 2025-07-21 00:00:00+00:00, run_after=2025-07-22 00:00:00+00:00
[2025-07-22T09:06:56.950+0000] {logging_mixin.py:188} INFO - [2025-07-22T09:06:56.949+0000] {dag.py:3954} INFO - Setting next_dagrun for example_branch_datetime_operator_2 to 2025-07-21 00:00:00+00:00, run_after=2025-07-22 00:00:00+00:00
[2025-07-22T09:06:56.959+0000] {logging_mixin.py:188} INFO - [2025-07-22T09:06:56.958+0000] {dag.py:3954} INFO - Setting next_dagrun for example_branch_datetime_operator_3 to 2025-07-21 00:00:00+00:00, run_after=2025-07-22 00:00:00+00:00
[2025-07-22T09:06:57.008+0000] {processor.py:183} INFO - Processing /home/airflow/.local/lib/python3.12/site-packages/airflow/example_dags/example_branch_datetime_operator.py took 0.259 seconds
[2025-07-22T09:07:27.184+0000] {processor.py:161} INFO - Started process (PID=1884) to work on /home/airflow/.local/lib/python3.12/site-packages/airflow/example_dags/example_branch_datetime_operator.py
[2025-07-22T09:07:27.187+0000] {processor.py:830} INFO - Processing file /home/airflow/.local/lib/python3.12/site-packages/airflow/example_dags/example_branch_datetime_operator.py for tasks to queue
[2025-07-22T09:07:27.196+0000] {logging_mixin.py:188} INFO - [2025-07-22T09:07:27.194+0000] {dagbag.py:545} INFO - Filling up the DagBag from /home/airflow/.local/lib/python3.12/site-packages/airflow/example_dags/example_branch_datetime_operator.py
[2025-07-22T09:07:27.236+0000] {processor.py:840} INFO - DAG(s) 'example_branch_datetime_operator_3', 'example_branch_datetime_operator_2', 'example_branch_datetime_operator' retrieved from /home/airflow/.local/lib/python3.12/site-packages/airflow/example_dags/example_branch_datetime_operator.py
[2025-07-22T09:07:27.357+0000] {logging_mixin.py:188} INFO - [2025-07-22T09:07:27.356+0000] {dag.py:3096} INFO - Sync 3 DAGs
[2025-07-22T09:07:27.458+0000] {logging_mixin.py:188} INFO - [2025-07-22T09:07:27.457+0000] {dag.py:3954} INFO - Setting next_dagrun for example_branch_datetime_operator to 2025-07-21 00:00:00+00:00, run_after=2025-07-22 00:00:00+00:00
[2025-07-22T09:07:27.472+0000] {logging_mixin.py:188} INFO - [2025-07-22T09:07:27.471+0000] {dag.py:3954} INFO - Setting next_dagrun for example_branch_datetime_operator_2 to 2025-07-21 00:00:00+00:00, run_after=2025-07-22 00:00:00+00:00
[2025-07-22T09:07:27.476+0000] {logging_mixin.py:188} INFO - [2025-07-22T09:07:27.476+0000] {dag.py:3954} INFO - Setting next_dagrun for example_branch_datetime_operator_3 to 2025-07-21 00:00:00+00:00, run_after=2025-07-22 00:00:00+00:00
[2025-07-22T09:07:27.501+0000] {processor.py:183} INFO - Processing /home/airflow/.local/lib/python3.12/site-packages/airflow/example_dags/example_branch_datetime_operator.py took 0.338 seconds
[2025-07-22T09:07:57.737+0000] {processor.py:161} INFO - Started process (PID=1944) to work on /home/airflow/.local/lib/python3.12/site-packages/airflow/example_dags/example_branch_datetime_operator.py
[2025-07-22T09:07:57.739+0000] {processor.py:830} INFO - Processing file /home/airflow/.local/lib/python3.12/site-packages/airflow/example_dags/example_branch_datetime_operator.py for tasks to queue
[2025-07-22T09:07:57.741+0000] {logging_mixin.py:188} INFO - [2025-07-22T09:07:57.741+0000] {dagbag.py:545} INFO - Filling up the DagBag from /home/airflow/.local/lib/python3.12/site-packages/airflow/example_dags/example_branch_datetime_operator.py
[2025-07-22T09:07:57.752+0000] {processor.py:840} INFO - DAG(s) 'example_branch_datetime_operator', 'example_branch_datetime_operator_3', 'example_branch_datetime_operator_2' retrieved from /home/airflow/.local/lib/python3.12/site-packages/airflow/example_dags/example_branch_datetime_operator.py
[2025-07-22T09:07:57.785+0000] {logging_mixin.py:188} INFO - [2025-07-22T09:07:57.784+0000] {dag.py:3096} INFO - Sync 3 DAGs
[2025-07-22T09:07:57.815+0000] {logging_mixin.py:188} INFO - [2025-07-22T09:07:57.815+0000] {dag.py:3954} INFO - Setting next_dagrun for example_branch_datetime_operator to 2025-07-21 00:00:00+00:00, run_after=2025-07-22 00:00:00+00:00
[2025-07-22T09:07:57.822+0000] {logging_mixin.py:188} INFO - [2025-07-22T09:07:57.822+0000] {dag.py:3954} INFO - Setting next_dagrun for example_branch_datetime_operator_2 to 2025-07-21 00:00:00+00:00, run_after=2025-07-22 00:00:00+00:00
[2025-07-22T09:07:57.826+0000] {logging_mixin.py:188} INFO - [2025-07-22T09:07:57.826+0000] {dag.py:3954} INFO - Setting next_dagrun for example_branch_datetime_operator_3 to 2025-07-21 00:00:00+00:00, run_after=2025-07-22 00:00:00+00:00
[2025-07-22T09:07:57.846+0000] {processor.py:183} INFO - Processing /home/airflow/.local/lib/python3.12/site-packages/airflow/example_dags/example_branch_datetime_operator.py took 0.115 seconds
[2025-07-22T09:08:28.487+0000] {processor.py:161} INFO - Started process (PID=2004) to work on /home/airflow/.local/lib/python3.12/site-packages/airflow/example_dags/example_branch_datetime_operator.py
[2025-07-22T09:08:28.489+0000] {processor.py:830} INFO - Processing file /home/airflow/.local/lib/python3.12/site-packages/airflow/example_dags/example_branch_datetime_operator.py for tasks to queue
[2025-07-22T09:08:28.492+0000] {logging_mixin.py:188} INFO - [2025-07-22T09:08:28.491+0000] {dagbag.py:545} INFO - Filling up the DagBag from /home/airflow/.local/lib/python3.12/site-packages/airflow/example_dags/example_branch_datetime_operator.py
[2025-07-22T09:08:28.509+0000] {processor.py:840} INFO - DAG(s) 'example_branch_datetime_operator_2', 'example_branch_datetime_operator', 'example_branch_datetime_operator_3' retrieved from /home/airflow/.local/lib/python3.12/site-packages/airflow/example_dags/example_branch_datetime_operator.py
[2025-07-22T09:08:28.556+0000] {logging_mixin.py:188} INFO - [2025-07-22T09:08:28.556+0000] {dag.py:3096} INFO - Sync 3 DAGs
[2025-07-22T09:08:28.597+0000] {logging_mixin.py:188} INFO - [2025-07-22T09:08:28.596+0000] {dag.py:3954} INFO - Setting next_dagrun for example_branch_datetime_operator to 2025-07-21 00:00:00+00:00, run_after=2025-07-22 00:00:00+00:00
[2025-07-22T09:08:28.606+0000] {logging_mixin.py:188} INFO - [2025-07-22T09:08:28.606+0000] {dag.py:3954} INFO - Setting next_dagrun for example_branch_datetime_operator_2 to 2025-07-21 00:00:00+00:00, run_after=2025-07-22 00:00:00+00:00
[2025-07-22T09:08:28.610+0000] {logging_mixin.py:188} INFO - [2025-07-22T09:08:28.610+0000] {dag.py:3954} INFO - Setting next_dagrun for example_branch_datetime_operator_3 to 2025-07-21 00:00:00+00:00, run_after=2025-07-22 00:00:00+00:00
[2025-07-22T09:08:28.636+0000] {processor.py:183} INFO - Processing /home/airflow/.local/lib/python3.12/site-packages/airflow/example_dags/example_branch_datetime_operator.py took 0.162 seconds
[2025-07-22T09:08:58.744+0000] {processor.py:161} INFO - Started process (PID=2064) to work on /home/airflow/.local/lib/python3.12/site-packages/airflow/example_dags/example_branch_datetime_operator.py
[2025-07-22T09:08:58.745+0000] {processor.py:830} INFO - Processing file /home/airflow/.local/lib/python3.12/site-packages/airflow/example_dags/example_branch_datetime_operator.py for tasks to queue
[2025-07-22T09:08:58.747+0000] {logging_mixin.py:188} INFO - [2025-07-22T09:08:58.747+0000] {dagbag.py:545} INFO - Filling up the DagBag from /home/airflow/.local/lib/python3.12/site-packages/airflow/example_dags/example_branch_datetime_operator.py
[2025-07-22T09:08:58.759+0000] {processor.py:840} INFO - DAG(s) 'example_branch_datetime_operator_3', 'example_branch_datetime_operator', 'example_branch_datetime_operator_2' retrieved from /home/airflow/.local/lib/python3.12/site-packages/airflow/example_dags/example_branch_datetime_operator.py
[2025-07-22T09:08:58.792+0000] {logging_mixin.py:188} INFO - [2025-07-22T09:08:58.792+0000] {dag.py:3096} INFO - Sync 3 DAGs
[2025-07-22T09:08:58.819+0000] {logging_mixin.py:188} INFO - [2025-07-22T09:08:58.819+0000] {dag.py:3954} INFO - Setting next_dagrun for example_branch_datetime_operator to 2025-07-21 00:00:00+00:00, run_after=2025-07-22 00:00:00+00:00
[2025-07-22T09:08:58.826+0000] {logging_mixin.py:188} INFO - [2025-07-22T09:08:58.825+0000] {dag.py:3954} INFO - Setting next_dagrun for example_branch_datetime_operator_2 to 2025-07-21 00:00:00+00:00, run_after=2025-07-22 00:00:00+00:00
[2025-07-22T09:08:58.829+0000] {logging_mixin.py:188} INFO - [2025-07-22T09:08:58.829+0000] {dag.py:3954} INFO - Setting next_dagrun for example_branch_datetime_operator_3 to 2025-07-21 00:00:00+00:00, run_after=2025-07-22 00:00:00+00:00
[2025-07-22T09:08:58.849+0000] {processor.py:183} INFO - Processing /home/airflow/.local/lib/python3.12/site-packages/airflow/example_dags/example_branch_datetime_operator.py took 0.112 seconds
[2025-07-22T09:09:28.974+0000] {processor.py:161} INFO - Started process (PID=2124) to work on /home/airflow/.local/lib/python3.12/site-packages/airflow/example_dags/example_branch_datetime_operator.py
[2025-07-22T09:09:28.975+0000] {processor.py:830} INFO - Processing file /home/airflow/.local/lib/python3.12/site-packages/airflow/example_dags/example_branch_datetime_operator.py for tasks to queue
[2025-07-22T09:09:28.978+0000] {logging_mixin.py:188} INFO - [2025-07-22T09:09:28.977+0000] {dagbag.py:545} INFO - Filling up the DagBag from /home/airflow/.local/lib/python3.12/site-packages/airflow/example_dags/example_branch_datetime_operator.py
[2025-07-22T09:09:28.992+0000] {processor.py:840} INFO - DAG(s) 'example_branch_datetime_operator', 'example_branch_datetime_operator_3', 'example_branch_datetime_operator_2' retrieved from /home/airflow/.local/lib/python3.12/site-packages/airflow/example_dags/example_branch_datetime_operator.py
[2025-07-22T09:09:29.031+0000] {logging_mixin.py:188} INFO - [2025-07-22T09:09:29.031+0000] {dag.py:3096} INFO - Sync 3 DAGs
[2025-07-22T09:09:29.062+0000] {logging_mixin.py:188} INFO - [2025-07-22T09:09:29.062+0000] {dag.py:3954} INFO - Setting next_dagrun for example_branch_datetime_operator to 2025-07-21 00:00:00+00:00, run_after=2025-07-22 00:00:00+00:00
[2025-07-22T09:09:29.068+0000] {logging_mixin.py:188} INFO - [2025-07-22T09:09:29.068+0000] {dag.py:3954} INFO - Setting next_dagrun for example_branch_datetime_operator_2 to 2025-07-21 00:00:00+00:00, run_after=2025-07-22 00:00:00+00:00
[2025-07-22T09:09:29.073+0000] {logging_mixin.py:188} INFO - [2025-07-22T09:09:29.072+0000] {dag.py:3954} INFO - Setting next_dagrun for example_branch_datetime_operator_3 to 2025-07-21 00:00:00+00:00, run_after=2025-07-22 00:00:00+00:00
[2025-07-22T09:09:29.095+0000] {processor.py:183} INFO - Processing /home/airflow/.local/lib/python3.12/site-packages/airflow/example_dags/example_branch_datetime_operator.py took 0.129 seconds
[2025-07-22T09:09:59.761+0000] {processor.py:161} INFO - Started process (PID=2184) to work on /home/airflow/.local/lib/python3.12/site-packages/airflow/example_dags/example_branch_datetime_operator.py
[2025-07-22T09:09:59.762+0000] {processor.py:830} INFO - Processing file /home/airflow/.local/lib/python3.12/site-packages/airflow/example_dags/example_branch_datetime_operator.py for tasks to queue
[2025-07-22T09:09:59.765+0000] {logging_mixin.py:188} INFO - [2025-07-22T09:09:59.764+0000] {dagbag.py:545} INFO - Filling up the DagBag from /home/airflow/.local/lib/python3.12/site-packages/airflow/example_dags/example_branch_datetime_operator.py
[2025-07-22T09:09:59.776+0000] {processor.py:840} INFO - DAG(s) 'example_branch_datetime_operator_3', 'example_branch_datetime_operator_2', 'example_branch_datetime_operator' retrieved from /home/airflow/.local/lib/python3.12/site-packages/airflow/example_dags/example_branch_datetime_operator.py
[2025-07-22T09:09:59.806+0000] {logging_mixin.py:188} INFO - [2025-07-22T09:09:59.806+0000] {dag.py:3096} INFO - Sync 3 DAGs
[2025-07-22T09:09:59.991+0000] {logging_mixin.py:188} INFO - [2025-07-22T09:09:59.991+0000] {dag.py:3954} INFO - Setting next_dagrun for example_branch_datetime_operator to 2025-07-21 00:00:00+00:00, run_after=2025-07-22 00:00:00+00:00
[2025-07-22T09:10:00.001+0000] {logging_mixin.py:188} INFO - [2025-07-22T09:10:00.000+0000] {dag.py:3954} INFO - Setting next_dagrun for example_branch_datetime_operator_2 to 2025-07-21 00:00:00+00:00, run_after=2025-07-22 00:00:00+00:00
[2025-07-22T09:10:00.005+0000] {logging_mixin.py:188} INFO - [2025-07-22T09:10:00.005+0000] {dag.py:3954} INFO - Setting next_dagrun for example_branch_datetime_operator_3 to 2025-07-21 00:00:00+00:00, run_after=2025-07-22 00:00:00+00:00
[2025-07-22T09:10:00.039+0000] {processor.py:183} INFO - Processing /home/airflow/.local/lib/python3.12/site-packages/airflow/example_dags/example_branch_datetime_operator.py took 0.285 seconds
[2025-07-22T09:10:30.307+0000] {processor.py:161} INFO - Started process (PID=2244) to work on /home/airflow/.local/lib/python3.12/site-packages/airflow/example_dags/example_branch_datetime_operator.py
[2025-07-22T09:10:30.308+0000] {processor.py:830} INFO - Processing file /home/airflow/.local/lib/python3.12/site-packages/airflow/example_dags/example_branch_datetime_operator.py for tasks to queue
[2025-07-22T09:10:30.310+0000] {logging_mixin.py:188} INFO - [2025-07-22T09:10:30.310+0000] {dagbag.py:545} INFO - Filling up the DagBag from /home/airflow/.local/lib/python3.12/site-packages/airflow/example_dags/example_branch_datetime_operator.py
[2025-07-22T09:10:30.321+0000] {processor.py:840} INFO - DAG(s) 'example_branch_datetime_operator_3', 'example_branch_datetime_operator', 'example_branch_datetime_operator_2' retrieved from /home/airflow/.local/lib/python3.12/site-packages/airflow/example_dags/example_branch_datetime_operator.py
[2025-07-22T09:10:30.375+0000] {logging_mixin.py:188} INFO - [2025-07-22T09:10:30.375+0000] {dag.py:3096} INFO - Sync 3 DAGs
[2025-07-22T09:10:30.401+0000] {logging_mixin.py:188} INFO - [2025-07-22T09:10:30.401+0000] {dag.py:3954} INFO - Setting next_dagrun for example_branch_datetime_operator to 2025-07-21 00:00:00+00:00, run_after=2025-07-22 00:00:00+00:00
[2025-07-22T09:10:30.407+0000] {logging_mixin.py:188} INFO - [2025-07-22T09:10:30.407+0000] {dag.py:3954} INFO - Setting next_dagrun for example_branch_datetime_operator_2 to 2025-07-21 00:00:00+00:00, run_after=2025-07-22 00:00:00+00:00
[2025-07-22T09:10:30.410+0000] {logging_mixin.py:188} INFO - [2025-07-22T09:10:30.410+0000] {dag.py:3954} INFO - Setting next_dagrun for example_branch_datetime_operator_3 to 2025-07-21 00:00:00+00:00, run_after=2025-07-22 00:00:00+00:00
[2025-07-22T09:10:30.430+0000] {processor.py:183} INFO - Processing /home/airflow/.local/lib/python3.12/site-packages/airflow/example_dags/example_branch_datetime_operator.py took 0.130 seconds
[2025-07-22T09:11:00.755+0000] {processor.py:161} INFO - Started process (PID=2304) to work on /home/airflow/.local/lib/python3.12/site-packages/airflow/example_dags/example_branch_datetime_operator.py
[2025-07-22T09:11:00.756+0000] {processor.py:830} INFO - Processing file /home/airflow/.local/lib/python3.12/site-packages/airflow/example_dags/example_branch_datetime_operator.py for tasks to queue
[2025-07-22T09:11:00.758+0000] {logging_mixin.py:188} INFO - [2025-07-22T09:11:00.758+0000] {dagbag.py:545} INFO - Filling up the DagBag from /home/airflow/.local/lib/python3.12/site-packages/airflow/example_dags/example_branch_datetime_operator.py
[2025-07-22T09:11:00.769+0000] {processor.py:840} INFO - DAG(s) 'example_branch_datetime_operator', 'example_branch_datetime_operator_2', 'example_branch_datetime_operator_3' retrieved from /home/airflow/.local/lib/python3.12/site-packages/airflow/example_dags/example_branch_datetime_operator.py
[2025-07-22T09:11:00.806+0000] {logging_mixin.py:188} INFO - [2025-07-22T09:11:00.806+0000] {dag.py:3096} INFO - Sync 3 DAGs
[2025-07-22T09:11:00.835+0000] {logging_mixin.py:188} INFO - [2025-07-22T09:11:00.835+0000] {dag.py:3954} INFO - Setting next_dagrun for example_branch_datetime_operator to 2025-07-21 00:00:00+00:00, run_after=2025-07-22 00:00:00+00:00
[2025-07-22T09:11:00.842+0000] {logging_mixin.py:188} INFO - [2025-07-22T09:11:00.842+0000] {dag.py:3954} INFO - Setting next_dagrun for example_branch_datetime_operator_2 to 2025-07-21 00:00:00+00:00, run_after=2025-07-22 00:00:00+00:00
[2025-07-22T09:11:00.846+0000] {logging_mixin.py:188} INFO - [2025-07-22T09:11:00.846+0000] {dag.py:3954} INFO - Setting next_dagrun for example_branch_datetime_operator_3 to 2025-07-21 00:00:00+00:00, run_after=2025-07-22 00:00:00+00:00
[2025-07-22T09:11:00.870+0000] {processor.py:183} INFO - Processing /home/airflow/.local/lib/python3.12/site-packages/airflow/example_dags/example_branch_datetime_operator.py took 0.122 seconds
[2025-07-22T09:11:31.440+0000] {processor.py:161} INFO - Started process (PID=2364) to work on /home/airflow/.local/lib/python3.12/site-packages/airflow/example_dags/example_branch_datetime_operator.py
[2025-07-22T09:11:31.442+0000] {processor.py:830} INFO - Processing file /home/airflow/.local/lib/python3.12/site-packages/airflow/example_dags/example_branch_datetime_operator.py for tasks to queue
[2025-07-22T09:11:31.444+0000] {logging_mixin.py:188} INFO - [2025-07-22T09:11:31.444+0000] {dagbag.py:545} INFO - Filling up the DagBag from /home/airflow/.local/lib/python3.12/site-packages/airflow/example_dags/example_branch_datetime_operator.py
[2025-07-22T09:11:31.459+0000] {processor.py:840} INFO - DAG(s) 'example_branch_datetime_operator_3', 'example_branch_datetime_operator_2', 'example_branch_datetime_operator' retrieved from /home/airflow/.local/lib/python3.12/site-packages/airflow/example_dags/example_branch_datetime_operator.py
[2025-07-22T09:11:31.494+0000] {logging_mixin.py:188} INFO - [2025-07-22T09:11:31.494+0000] {dag.py:3096} INFO - Sync 3 DAGs
[2025-07-22T09:11:31.526+0000] {logging_mixin.py:188} INFO - [2025-07-22T09:11:31.526+0000] {dag.py:3954} INFO - Setting next_dagrun for example_branch_datetime_operator to 2025-07-21 00:00:00+00:00, run_after=2025-07-22 00:00:00+00:00
[2025-07-22T09:11:31.533+0000] {logging_mixin.py:188} INFO - [2025-07-22T09:11:31.533+0000] {dag.py:3954} INFO - Setting next_dagrun for example_branch_datetime_operator_2 to 2025-07-21 00:00:00+00:00, run_after=2025-07-22 00:00:00+00:00
[2025-07-22T09:11:31.537+0000] {logging_mixin.py:188} INFO - [2025-07-22T09:11:31.537+0000] {dag.py:3954} INFO - Setting next_dagrun for example_branch_datetime_operator_3 to 2025-07-21 00:00:00+00:00, run_after=2025-07-22 00:00:00+00:00
[2025-07-22T09:11:31.560+0000] {processor.py:183} INFO - Processing /home/airflow/.local/lib/python3.12/site-packages/airflow/example_dags/example_branch_datetime_operator.py took 0.128 seconds
[2025-07-22T09:12:02.670+0000] {processor.py:161} INFO - Started process (PID=2424) to work on /home/airflow/.local/lib/python3.12/site-packages/airflow/example_dags/example_branch_datetime_operator.py
[2025-07-22T09:12:02.673+0000] {processor.py:830} INFO - Processing file /home/airflow/.local/lib/python3.12/site-packages/airflow/example_dags/example_branch_datetime_operator.py for tasks to queue
[2025-07-22T09:12:02.678+0000] {logging_mixin.py:188} INFO - [2025-07-22T09:12:02.677+0000] {dagbag.py:545} INFO - Filling up the DagBag from /home/airflow/.local/lib/python3.12/site-packages/airflow/example_dags/example_branch_datetime_operator.py
[2025-07-22T09:12:02.704+0000] {processor.py:840} INFO - DAG(s) 'example_branch_datetime_operator', 'example_branch_datetime_operator_3', 'example_branch_datetime_operator_2' retrieved from /home/airflow/.local/lib/python3.12/site-packages/airflow/example_dags/example_branch_datetime_operator.py
[2025-07-22T09:12:02.757+0000] {logging_mixin.py:188} INFO - [2025-07-22T09:12:02.757+0000] {dag.py:3096} INFO - Sync 3 DAGs
[2025-07-22T09:12:02.816+0000] {logging_mixin.py:188} INFO - [2025-07-22T09:12:02.815+0000] {dag.py:3954} INFO - Setting next_dagrun for example_branch_datetime_operator to 2025-07-21 00:00:00+00:00, run_after=2025-07-22 00:00:00+00:00
[2025-07-22T09:12:02.827+0000] {logging_mixin.py:188} INFO - [2025-07-22T09:12:02.826+0000] {dag.py:3954} INFO - Setting next_dagrun for example_branch_datetime_operator_2 to 2025-07-21 00:00:00+00:00, run_after=2025-07-22 00:00:00+00:00
[2025-07-22T09:12:02.832+0000] {logging_mixin.py:188} INFO - [2025-07-22T09:12:02.832+0000] {dag.py:3954} INFO - Setting next_dagrun for example_branch_datetime_operator_3 to 2025-07-21 00:00:00+00:00, run_after=2025-07-22 00:00:00+00:00
[2025-07-22T09:12:02.868+0000] {processor.py:183} INFO - Processing /home/airflow/.local/lib/python3.12/site-packages/airflow/example_dags/example_branch_datetime_operator.py took 0.211 seconds
[2025-07-22T09:12:33.603+0000] {processor.py:161} INFO - Started process (PID=2484) to work on /home/airflow/.local/lib/python3.12/site-packages/airflow/example_dags/example_branch_datetime_operator.py
[2025-07-22T09:12:33.605+0000] {processor.py:830} INFO - Processing file /home/airflow/.local/lib/python3.12/site-packages/airflow/example_dags/example_branch_datetime_operator.py for tasks to queue
[2025-07-22T09:12:33.608+0000] {logging_mixin.py:188} INFO - [2025-07-22T09:12:33.608+0000] {dagbag.py:545} INFO - Filling up the DagBag from /home/airflow/.local/lib/python3.12/site-packages/airflow/example_dags/example_branch_datetime_operator.py
[2025-07-22T09:12:33.624+0000] {processor.py:840} INFO - DAG(s) 'example_branch_datetime_operator_2', 'example_branch_datetime_operator', 'example_branch_datetime_operator_3' retrieved from /home/airflow/.local/lib/python3.12/site-packages/airflow/example_dags/example_branch_datetime_operator.py
[2025-07-22T09:12:33.668+0000] {logging_mixin.py:188} INFO - [2025-07-22T09:12:33.668+0000] {dag.py:3096} INFO - Sync 3 DAGs
[2025-07-22T09:12:33.705+0000] {logging_mixin.py:188} INFO - [2025-07-22T09:12:33.705+0000] {dag.py:3954} INFO - Setting next_dagrun for example_branch_datetime_operator to 2025-07-21 00:00:00+00:00, run_after=2025-07-22 00:00:00+00:00
[2025-07-22T09:12:33.713+0000] {logging_mixin.py:188} INFO - [2025-07-22T09:12:33.713+0000] {dag.py:3954} INFO - Setting next_dagrun for example_branch_datetime_operator_2 to 2025-07-21 00:00:00+00:00, run_after=2025-07-22 00:00:00+00:00
[2025-07-22T09:12:33.718+0000] {logging_mixin.py:188} INFO - [2025-07-22T09:12:33.718+0000] {dag.py:3954} INFO - Setting next_dagrun for example_branch_datetime_operator_3 to 2025-07-21 00:00:00+00:00, run_after=2025-07-22 00:00:00+00:00
[2025-07-22T09:12:33.743+0000] {processor.py:183} INFO - Processing /home/airflow/.local/lib/python3.12/site-packages/airflow/example_dags/example_branch_datetime_operator.py took 0.148 seconds
[2025-07-22T09:13:04.530+0000] {processor.py:161} INFO - Started process (PID=2550) to work on /home/airflow/.local/lib/python3.12/site-packages/airflow/example_dags/example_branch_datetime_operator.py
[2025-07-22T09:13:04.532+0000] {processor.py:830} INFO - Processing file /home/airflow/.local/lib/python3.12/site-packages/airflow/example_dags/example_branch_datetime_operator.py for tasks to queue
[2025-07-22T09:13:04.536+0000] {logging_mixin.py:188} INFO - [2025-07-22T09:13:04.535+0000] {dagbag.py:545} INFO - Filling up the DagBag from /home/airflow/.local/lib/python3.12/site-packages/airflow/example_dags/example_branch_datetime_operator.py
[2025-07-22T09:13:04.559+0000] {processor.py:840} INFO - DAG(s) 'example_branch_datetime_operator_2', 'example_branch_datetime_operator', 'example_branch_datetime_operator_3' retrieved from /home/airflow/.local/lib/python3.12/site-packages/airflow/example_dags/example_branch_datetime_operator.py
[2025-07-22T09:13:04.627+0000] {logging_mixin.py:188} INFO - [2025-07-22T09:13:04.626+0000] {dag.py:3096} INFO - Sync 3 DAGs
[2025-07-22T09:13:04.682+0000] {logging_mixin.py:188} INFO - [2025-07-22T09:13:04.680+0000] {dag.py:3954} INFO - Setting next_dagrun for example_branch_datetime_operator to 2025-07-21 00:00:00+00:00, run_after=2025-07-22 00:00:00+00:00
[2025-07-22T09:13:04.691+0000] {logging_mixin.py:188} INFO - [2025-07-22T09:13:04.691+0000] {dag.py:3954} INFO - Setting next_dagrun for example_branch_datetime_operator_2 to 2025-07-21 00:00:00+00:00, run_after=2025-07-22 00:00:00+00:00
[2025-07-22T09:13:04.697+0000] {logging_mixin.py:188} INFO - [2025-07-22T09:13:04.696+0000] {dag.py:3954} INFO - Setting next_dagrun for example_branch_datetime_operator_3 to 2025-07-21 00:00:00+00:00, run_after=2025-07-22 00:00:00+00:00
[2025-07-22T09:13:04.744+0000] {processor.py:183} INFO - Processing /home/airflow/.local/lib/python3.12/site-packages/airflow/example_dags/example_branch_datetime_operator.py took 0.227 seconds
[2025-07-22T09:13:34.902+0000] {processor.py:161} INFO - Started process (PID=2610) to work on /home/airflow/.local/lib/python3.12/site-packages/airflow/example_dags/example_branch_datetime_operator.py
[2025-07-22T09:13:34.906+0000] {processor.py:830} INFO - Processing file /home/airflow/.local/lib/python3.12/site-packages/airflow/example_dags/example_branch_datetime_operator.py for tasks to queue
[2025-07-22T09:13:34.915+0000] {logging_mixin.py:188} INFO - [2025-07-22T09:13:34.914+0000] {dagbag.py:545} INFO - Filling up the DagBag from /home/airflow/.local/lib/python3.12/site-packages/airflow/example_dags/example_branch_datetime_operator.py
[2025-07-22T09:13:34.961+0000] {processor.py:840} INFO - DAG(s) 'example_branch_datetime_operator_2', 'example_branch_datetime_operator_3', 'example_branch_datetime_operator' retrieved from /home/airflow/.local/lib/python3.12/site-packages/airflow/example_dags/example_branch_datetime_operator.py
[2025-07-22T09:13:35.020+0000] {logging_mixin.py:188} INFO - [2025-07-22T09:13:35.019+0000] {dag.py:3096} INFO - Sync 3 DAGs
[2025-07-22T09:13:35.065+0000] {logging_mixin.py:188} INFO - [2025-07-22T09:13:35.065+0000] {dag.py:3954} INFO - Setting next_dagrun for example_branch_datetime_operator to 2025-07-21 00:00:00+00:00, run_after=2025-07-22 00:00:00+00:00
[2025-07-22T09:13:35.074+0000] {logging_mixin.py:188} INFO - [2025-07-22T09:13:35.073+0000] {dag.py:3954} INFO - Setting next_dagrun for example_branch_datetime_operator_2 to 2025-07-21 00:00:00+00:00, run_after=2025-07-22 00:00:00+00:00
[2025-07-22T09:13:35.079+0000] {logging_mixin.py:188} INFO - [2025-07-22T09:13:35.079+0000] {dag.py:3954} INFO - Setting next_dagrun for example_branch_datetime_operator_3 to 2025-07-21 00:00:00+00:00, run_after=2025-07-22 00:00:00+00:00
[2025-07-22T09:13:35.110+0000] {processor.py:183} INFO - Processing /home/airflow/.local/lib/python3.12/site-packages/airflow/example_dags/example_branch_datetime_operator.py took 0.231 seconds
[2025-07-22T09:14:05.220+0000] {processor.py:161} INFO - Started process (PID=2671) to work on /home/airflow/.local/lib/python3.12/site-packages/airflow/example_dags/example_branch_datetime_operator.py
[2025-07-22T09:14:05.222+0000] {processor.py:830} INFO - Processing file /home/airflow/.local/lib/python3.12/site-packages/airflow/example_dags/example_branch_datetime_operator.py for tasks to queue
[2025-07-22T09:14:05.224+0000] {logging_mixin.py:188} INFO - [2025-07-22T09:14:05.224+0000] {dagbag.py:545} INFO - Filling up the DagBag from /home/airflow/.local/lib/python3.12/site-packages/airflow/example_dags/example_branch_datetime_operator.py
[2025-07-22T09:14:05.238+0000] {processor.py:840} INFO - DAG(s) 'example_branch_datetime_operator_2', 'example_branch_datetime_operator_3', 'example_branch_datetime_operator' retrieved from /home/airflow/.local/lib/python3.12/site-packages/airflow/example_dags/example_branch_datetime_operator.py
[2025-07-22T09:14:05.287+0000] {logging_mixin.py:188} INFO - [2025-07-22T09:14:05.286+0000] {dag.py:3096} INFO - Sync 3 DAGs
[2025-07-22T09:14:05.318+0000] {logging_mixin.py:188} INFO - [2025-07-22T09:14:05.318+0000] {dag.py:3954} INFO - Setting next_dagrun for example_branch_datetime_operator to 2025-07-21 00:00:00+00:00, run_after=2025-07-22 00:00:00+00:00
[2025-07-22T09:14:05.324+0000] {logging_mixin.py:188} INFO - [2025-07-22T09:14:05.324+0000] {dag.py:3954} INFO - Setting next_dagrun for example_branch_datetime_operator_2 to 2025-07-21 00:00:00+00:00, run_after=2025-07-22 00:00:00+00:00
[2025-07-22T09:14:05.328+0000] {logging_mixin.py:188} INFO - [2025-07-22T09:14:05.327+0000] {dag.py:3954} INFO - Setting next_dagrun for example_branch_datetime_operator_3 to 2025-07-21 00:00:00+00:00, run_after=2025-07-22 00:00:00+00:00
[2025-07-22T09:14:05.349+0000] {processor.py:183} INFO - Processing /home/airflow/.local/lib/python3.12/site-packages/airflow/example_dags/example_branch_datetime_operator.py took 0.137 seconds
[2025-07-22T09:14:36.062+0000] {processor.py:161} INFO - Started process (PID=2731) to work on /home/airflow/.local/lib/python3.12/site-packages/airflow/example_dags/example_branch_datetime_operator.py
[2025-07-22T09:14:36.063+0000] {processor.py:830} INFO - Processing file /home/airflow/.local/lib/python3.12/site-packages/airflow/example_dags/example_branch_datetime_operator.py for tasks to queue
[2025-07-22T09:14:36.065+0000] {logging_mixin.py:188} INFO - [2025-07-22T09:14:36.065+0000] {dagbag.py:545} INFO - Filling up the DagBag from /home/airflow/.local/lib/python3.12/site-packages/airflow/example_dags/example_branch_datetime_operator.py
[2025-07-22T09:14:36.078+0000] {processor.py:840} INFO - DAG(s) 'example_branch_datetime_operator_3', 'example_branch_datetime_operator', 'example_branch_datetime_operator_2' retrieved from /home/airflow/.local/lib/python3.12/site-packages/airflow/example_dags/example_branch_datetime_operator.py
[2025-07-22T09:14:36.109+0000] {logging_mixin.py:188} INFO - [2025-07-22T09:14:36.108+0000] {dag.py:3096} INFO - Sync 3 DAGs
[2025-07-22T09:14:36.135+0000] {logging_mixin.py:188} INFO - [2025-07-22T09:14:36.135+0000] {dag.py:3954} INFO - Setting next_dagrun for example_branch_datetime_operator to 2025-07-21 00:00:00+00:00, run_after=2025-07-22 00:00:00+00:00
[2025-07-22T09:14:36.141+0000] {logging_mixin.py:188} INFO - [2025-07-22T09:14:36.141+0000] {dag.py:3954} INFO - Setting next_dagrun for example_branch_datetime_operator_2 to 2025-07-21 00:00:00+00:00, run_after=2025-07-22 00:00:00+00:00
[2025-07-22T09:14:36.145+0000] {logging_mixin.py:188} INFO - [2025-07-22T09:14:36.144+0000] {dag.py:3954} INFO - Setting next_dagrun for example_branch_datetime_operator_3 to 2025-07-21 00:00:00+00:00, run_after=2025-07-22 00:00:00+00:00
[2025-07-22T09:14:36.165+0000] {processor.py:183} INFO - Processing /home/airflow/.local/lib/python3.12/site-packages/airflow/example_dags/example_branch_datetime_operator.py took 0.111 seconds
[2025-07-22T09:15:06.547+0000] {processor.py:161} INFO - Started process (PID=2791) to work on /home/airflow/.local/lib/python3.12/site-packages/airflow/example_dags/example_branch_datetime_operator.py
[2025-07-22T09:15:06.548+0000] {processor.py:830} INFO - Processing file /home/airflow/.local/lib/python3.12/site-packages/airflow/example_dags/example_branch_datetime_operator.py for tasks to queue
[2025-07-22T09:15:06.551+0000] {logging_mixin.py:188} INFO - [2025-07-22T09:15:06.551+0000] {dagbag.py:545} INFO - Filling up the DagBag from /home/airflow/.local/lib/python3.12/site-packages/airflow/example_dags/example_branch_datetime_operator.py
[2025-07-22T09:15:06.562+0000] {processor.py:840} INFO - DAG(s) 'example_branch_datetime_operator', 'example_branch_datetime_operator_3', 'example_branch_datetime_operator_2' retrieved from /home/airflow/.local/lib/python3.12/site-packages/airflow/example_dags/example_branch_datetime_operator.py
[2025-07-22T09:15:06.592+0000] {logging_mixin.py:188} INFO - [2025-07-22T09:15:06.592+0000] {dag.py:3096} INFO - Sync 3 DAGs
[2025-07-22T09:15:06.618+0000] {logging_mixin.py:188} INFO - [2025-07-22T09:15:06.618+0000] {dag.py:3954} INFO - Setting next_dagrun for example_branch_datetime_operator to 2025-07-21 00:00:00+00:00, run_after=2025-07-22 00:00:00+00:00
[2025-07-22T09:15:06.624+0000] {logging_mixin.py:188} INFO - [2025-07-22T09:15:06.624+0000] {dag.py:3954} INFO - Setting next_dagrun for example_branch_datetime_operator_2 to 2025-07-21 00:00:00+00:00, run_after=2025-07-22 00:00:00+00:00
[2025-07-22T09:15:06.627+0000] {logging_mixin.py:188} INFO - [2025-07-22T09:15:06.627+0000] {dag.py:3954} INFO - Setting next_dagrun for example_branch_datetime_operator_3 to 2025-07-21 00:00:00+00:00, run_after=2025-07-22 00:00:00+00:00
[2025-07-22T09:15:06.646+0000] {processor.py:183} INFO - Processing /home/airflow/.local/lib/python3.12/site-packages/airflow/example_dags/example_branch_datetime_operator.py took 0.106 seconds
[2025-07-22T09:15:36.705+0000] {processor.py:161} INFO - Started process (PID=2851) to work on /home/airflow/.local/lib/python3.12/site-packages/airflow/example_dags/example_branch_datetime_operator.py
[2025-07-22T09:15:36.706+0000] {processor.py:830} INFO - Processing file /home/airflow/.local/lib/python3.12/site-packages/airflow/example_dags/example_branch_datetime_operator.py for tasks to queue
[2025-07-22T09:15:36.708+0000] {logging_mixin.py:188} INFO - [2025-07-22T09:15:36.708+0000] {dagbag.py:545} INFO - Filling up the DagBag from /home/airflow/.local/lib/python3.12/site-packages/airflow/example_dags/example_branch_datetime_operator.py
[2025-07-22T09:15:36.719+0000] {processor.py:840} INFO - DAG(s) 'example_branch_datetime_operator_3', 'example_branch_datetime_operator', 'example_branch_datetime_operator_2' retrieved from /home/airflow/.local/lib/python3.12/site-packages/airflow/example_dags/example_branch_datetime_operator.py
[2025-07-22T09:15:36.752+0000] {logging_mixin.py:188} INFO - [2025-07-22T09:15:36.751+0000] {dag.py:3096} INFO - Sync 3 DAGs
[2025-07-22T09:15:36.779+0000] {logging_mixin.py:188} INFO - [2025-07-22T09:15:36.779+0000] {dag.py:3954} INFO - Setting next_dagrun for example_branch_datetime_operator to 2025-07-21 00:00:00+00:00, run_after=2025-07-22 00:00:00+00:00
[2025-07-22T09:15:36.786+0000] {logging_mixin.py:188} INFO - [2025-07-22T09:15:36.785+0000] {dag.py:3954} INFO - Setting next_dagrun for example_branch_datetime_operator_2 to 2025-07-21 00:00:00+00:00, run_after=2025-07-22 00:00:00+00:00
[2025-07-22T09:15:36.789+0000] {logging_mixin.py:188} INFO - [2025-07-22T09:15:36.789+0000] {dag.py:3954} INFO - Setting next_dagrun for example_branch_datetime_operator_3 to 2025-07-21 00:00:00+00:00, run_after=2025-07-22 00:00:00+00:00
[2025-07-22T09:15:36.810+0000] {processor.py:183} INFO - Processing /home/airflow/.local/lib/python3.12/site-packages/airflow/example_dags/example_branch_datetime_operator.py took 0.112 seconds
[2025-07-22T09:16:07.087+0000] {processor.py:161} INFO - Started process (PID=2911) to work on /home/airflow/.local/lib/python3.12/site-packages/airflow/example_dags/example_branch_datetime_operator.py
[2025-07-22T09:16:07.089+0000] {processor.py:830} INFO - Processing file /home/airflow/.local/lib/python3.12/site-packages/airflow/example_dags/example_branch_datetime_operator.py for tasks to queue
[2025-07-22T09:16:07.092+0000] {logging_mixin.py:188} INFO - [2025-07-22T09:16:07.092+0000] {dagbag.py:545} INFO - Filling up the DagBag from /home/airflow/.local/lib/python3.12/site-packages/airflow/example_dags/example_branch_datetime_operator.py
[2025-07-22T09:16:07.107+0000] {processor.py:840} INFO - DAG(s) 'example_branch_datetime_operator_2', 'example_branch_datetime_operator', 'example_branch_datetime_operator_3' retrieved from /home/airflow/.local/lib/python3.12/site-packages/airflow/example_dags/example_branch_datetime_operator.py
[2025-07-22T09:16:07.164+0000] {logging_mixin.py:188} INFO - [2025-07-22T09:16:07.163+0000] {dag.py:3096} INFO - Sync 3 DAGs
[2025-07-22T09:16:07.214+0000] {logging_mixin.py:188} INFO - [2025-07-22T09:16:07.214+0000] {dag.py:3954} INFO - Setting next_dagrun for example_branch_datetime_operator to 2025-07-21 00:00:00+00:00, run_after=2025-07-22 00:00:00+00:00
[2025-07-22T09:16:07.227+0000] {logging_mixin.py:188} INFO - [2025-07-22T09:16:07.226+0000] {dag.py:3954} INFO - Setting next_dagrun for example_branch_datetime_operator_2 to 2025-07-21 00:00:00+00:00, run_after=2025-07-22 00:00:00+00:00
[2025-07-22T09:16:07.233+0000] {logging_mixin.py:188} INFO - [2025-07-22T09:16:07.233+0000] {dag.py:3954} INFO - Setting next_dagrun for example_branch_datetime_operator_3 to 2025-07-21 00:00:00+00:00, run_after=2025-07-22 00:00:00+00:00
[2025-07-22T09:16:07.257+0000] {processor.py:183} INFO - Processing /home/airflow/.local/lib/python3.12/site-packages/airflow/example_dags/example_branch_datetime_operator.py took 0.179 seconds
[2025-07-22T09:16:38.205+0000] {processor.py:161} INFO - Started process (PID=2970) to work on /home/airflow/.local/lib/python3.12/site-packages/airflow/example_dags/example_branch_datetime_operator.py
[2025-07-22T09:16:38.206+0000] {processor.py:830} INFO - Processing file /home/airflow/.local/lib/python3.12/site-packages/airflow/example_dags/example_branch_datetime_operator.py for tasks to queue
[2025-07-22T09:16:38.209+0000] {logging_mixin.py:188} INFO - [2025-07-22T09:16:38.208+0000] {dagbag.py:545} INFO - Filling up the DagBag from /home/airflow/.local/lib/python3.12/site-packages/airflow/example_dags/example_branch_datetime_operator.py
[2025-07-22T09:16:38.221+0000] {processor.py:840} INFO - DAG(s) 'example_branch_datetime_operator', 'example_branch_datetime_operator_3', 'example_branch_datetime_operator_2' retrieved from /home/airflow/.local/lib/python3.12/site-packages/airflow/example_dags/example_branch_datetime_operator.py
[2025-07-22T09:16:38.256+0000] {logging_mixin.py:188} INFO - [2025-07-22T09:16:38.255+0000] {dag.py:3096} INFO - Sync 3 DAGs
[2025-07-22T09:16:38.285+0000] {logging_mixin.py:188} INFO - [2025-07-22T09:16:38.285+0000] {dag.py:3954} INFO - Setting next_dagrun for example_branch_datetime_operator to 2025-07-21 00:00:00+00:00, run_after=2025-07-22 00:00:00+00:00
[2025-07-22T09:16:38.292+0000] {logging_mixin.py:188} INFO - [2025-07-22T09:16:38.292+0000] {dag.py:3954} INFO - Setting next_dagrun for example_branch_datetime_operator_2 to 2025-07-21 00:00:00+00:00, run_after=2025-07-22 00:00:00+00:00
[2025-07-22T09:16:38.296+0000] {logging_mixin.py:188} INFO - [2025-07-22T09:16:38.296+0000] {dag.py:3954} INFO - Setting next_dagrun for example_branch_datetime_operator_3 to 2025-07-21 00:00:00+00:00, run_after=2025-07-22 00:00:00+00:00
[2025-07-22T09:16:38.328+0000] {processor.py:183} INFO - Processing /home/airflow/.local/lib/python3.12/site-packages/airflow/example_dags/example_branch_datetime_operator.py took 0.130 seconds
[2025-07-22T09:17:08.769+0000] {processor.py:161} INFO - Started process (PID=3030) to work on /home/airflow/.local/lib/python3.12/site-packages/airflow/example_dags/example_branch_datetime_operator.py
[2025-07-22T09:17:08.770+0000] {processor.py:830} INFO - Processing file /home/airflow/.local/lib/python3.12/site-packages/airflow/example_dags/example_branch_datetime_operator.py for tasks to queue
[2025-07-22T09:17:08.774+0000] {logging_mixin.py:188} INFO - [2025-07-22T09:17:08.773+0000] {dagbag.py:545} INFO - Filling up the DagBag from /home/airflow/.local/lib/python3.12/site-packages/airflow/example_dags/example_branch_datetime_operator.py
[2025-07-22T09:17:08.790+0000] {processor.py:840} INFO - DAG(s) 'example_branch_datetime_operator', 'example_branch_datetime_operator_2', 'example_branch_datetime_operator_3' retrieved from /home/airflow/.local/lib/python3.12/site-packages/airflow/example_dags/example_branch_datetime_operator.py
[2025-07-22T09:17:08.830+0000] {logging_mixin.py:188} INFO - [2025-07-22T09:17:08.829+0000] {dag.py:3096} INFO - Sync 3 DAGs
[2025-07-22T09:17:08.864+0000] {logging_mixin.py:188} INFO - [2025-07-22T09:17:08.864+0000] {dag.py:3954} INFO - Setting next_dagrun for example_branch_datetime_operator to 2025-07-21 00:00:00+00:00, run_after=2025-07-22 00:00:00+00:00
[2025-07-22T09:17:08.871+0000] {logging_mixin.py:188} INFO - [2025-07-22T09:17:08.871+0000] {dag.py:3954} INFO - Setting next_dagrun for example_branch_datetime_operator_2 to 2025-07-21 00:00:00+00:00, run_after=2025-07-22 00:00:00+00:00
[2025-07-22T09:17:08.875+0000] {logging_mixin.py:188} INFO - [2025-07-22T09:17:08.875+0000] {dag.py:3954} INFO - Setting next_dagrun for example_branch_datetime_operator_3 to 2025-07-21 00:00:00+00:00, run_after=2025-07-22 00:00:00+00:00
[2025-07-22T09:17:08.904+0000] {processor.py:183} INFO - Processing /home/airflow/.local/lib/python3.12/site-packages/airflow/example_dags/example_branch_datetime_operator.py took 0.145 seconds
[2025-07-22T09:17:39.003+0000] {processor.py:161} INFO - Started process (PID=3089) to work on /home/airflow/.local/lib/python3.12/site-packages/airflow/example_dags/example_branch_datetime_operator.py
[2025-07-22T09:17:39.004+0000] {processor.py:830} INFO - Processing file /home/airflow/.local/lib/python3.12/site-packages/airflow/example_dags/example_branch_datetime_operator.py for tasks to queue
[2025-07-22T09:17:39.007+0000] {logging_mixin.py:188} INFO - [2025-07-22T09:17:39.006+0000] {dagbag.py:545} INFO - Filling up the DagBag from /home/airflow/.local/lib/python3.12/site-packages/airflow/example_dags/example_branch_datetime_operator.py
[2025-07-22T09:17:39.020+0000] {processor.py:840} INFO - DAG(s) 'example_branch_datetime_operator_2', 'example_branch_datetime_operator_3', 'example_branch_datetime_operator' retrieved from /home/airflow/.local/lib/python3.12/site-packages/airflow/example_dags/example_branch_datetime_operator.py
[2025-07-22T09:17:39.056+0000] {logging_mixin.py:188} INFO - [2025-07-22T09:17:39.056+0000] {dag.py:3096} INFO - Sync 3 DAGs
[2025-07-22T09:17:39.087+0000] {logging_mixin.py:188} INFO - [2025-07-22T09:17:39.086+0000] {dag.py:3954} INFO - Setting next_dagrun for example_branch_datetime_operator to 2025-07-21 00:00:00+00:00, run_after=2025-07-22 00:00:00+00:00
[2025-07-22T09:17:39.093+0000] {logging_mixin.py:188} INFO - [2025-07-22T09:17:39.093+0000] {dag.py:3954} INFO - Setting next_dagrun for example_branch_datetime_operator_2 to 2025-07-21 00:00:00+00:00, run_after=2025-07-22 00:00:00+00:00
[2025-07-22T09:17:39.096+0000] {logging_mixin.py:188} INFO - [2025-07-22T09:17:39.096+0000] {dag.py:3954} INFO - Setting next_dagrun for example_branch_datetime_operator_3 to 2025-07-21 00:00:00+00:00, run_after=2025-07-22 00:00:00+00:00
[2025-07-22T09:17:39.125+0000] {processor.py:183} INFO - Processing /home/airflow/.local/lib/python3.12/site-packages/airflow/example_dags/example_branch_datetime_operator.py took 0.129 seconds
[2025-07-22T09:18:09.852+0000] {processor.py:161} INFO - Started process (PID=3149) to work on /home/airflow/.local/lib/python3.12/site-packages/airflow/example_dags/example_branch_datetime_operator.py
[2025-07-22T09:18:09.853+0000] {processor.py:830} INFO - Processing file /home/airflow/.local/lib/python3.12/site-packages/airflow/example_dags/example_branch_datetime_operator.py for tasks to queue
[2025-07-22T09:18:09.857+0000] {logging_mixin.py:188} INFO - [2025-07-22T09:18:09.856+0000] {dagbag.py:545} INFO - Filling up the DagBag from /home/airflow/.local/lib/python3.12/site-packages/airflow/example_dags/example_branch_datetime_operator.py
[2025-07-22T09:18:09.869+0000] {processor.py:840} INFO - DAG(s) 'example_branch_datetime_operator', 'example_branch_datetime_operator_3', 'example_branch_datetime_operator_2' retrieved from /home/airflow/.local/lib/python3.12/site-packages/airflow/example_dags/example_branch_datetime_operator.py
[2025-07-22T09:18:09.903+0000] {logging_mixin.py:188} INFO - [2025-07-22T09:18:09.902+0000] {dag.py:3096} INFO - Sync 3 DAGs
[2025-07-22T09:18:09.933+0000] {logging_mixin.py:188} INFO - [2025-07-22T09:18:09.933+0000] {dag.py:3954} INFO - Setting next_dagrun for example_branch_datetime_operator to 2025-07-21 00:00:00+00:00, run_after=2025-07-22 00:00:00+00:00
[2025-07-22T09:18:09.940+0000] {logging_mixin.py:188} INFO - [2025-07-22T09:18:09.940+0000] {dag.py:3954} INFO - Setting next_dagrun for example_branch_datetime_operator_2 to 2025-07-21 00:00:00+00:00, run_after=2025-07-22 00:00:00+00:00
[2025-07-22T09:18:09.943+0000] {logging_mixin.py:188} INFO - [2025-07-22T09:18:09.943+0000] {dag.py:3954} INFO - Setting next_dagrun for example_branch_datetime_operator_3 to 2025-07-21 00:00:00+00:00, run_after=2025-07-22 00:00:00+00:00
[2025-07-22T09:18:09.964+0000] {processor.py:183} INFO - Processing /home/airflow/.local/lib/python3.12/site-packages/airflow/example_dags/example_branch_datetime_operator.py took 0.128 seconds
[2025-07-22T09:18:40.663+0000] {processor.py:161} INFO - Started process (PID=3209) to work on /home/airflow/.local/lib/python3.12/site-packages/airflow/example_dags/example_branch_datetime_operator.py
[2025-07-22T09:18:40.665+0000] {processor.py:830} INFO - Processing file /home/airflow/.local/lib/python3.12/site-packages/airflow/example_dags/example_branch_datetime_operator.py for tasks to queue
[2025-07-22T09:18:40.670+0000] {logging_mixin.py:188} INFO - [2025-07-22T09:18:40.669+0000] {dagbag.py:545} INFO - Filling up the DagBag from /home/airflow/.local/lib/python3.12/site-packages/airflow/example_dags/example_branch_datetime_operator.py
[2025-07-22T09:18:40.692+0000] {processor.py:840} INFO - DAG(s) 'example_branch_datetime_operator_3', 'example_branch_datetime_operator_2', 'example_branch_datetime_operator' retrieved from /home/airflow/.local/lib/python3.12/site-packages/airflow/example_dags/example_branch_datetime_operator.py
[2025-07-22T09:18:40.751+0000] {logging_mixin.py:188} INFO - [2025-07-22T09:18:40.750+0000] {dag.py:3096} INFO - Sync 3 DAGs
[2025-07-22T09:18:40.789+0000] {logging_mixin.py:188} INFO - [2025-07-22T09:18:40.789+0000] {dag.py:3954} INFO - Setting next_dagrun for example_branch_datetime_operator to 2025-07-21 00:00:00+00:00, run_after=2025-07-22 00:00:00+00:00
[2025-07-22T09:18:40.797+0000] {logging_mixin.py:188} INFO - [2025-07-22T09:18:40.797+0000] {dag.py:3954} INFO - Setting next_dagrun for example_branch_datetime_operator_2 to 2025-07-21 00:00:00+00:00, run_after=2025-07-22 00:00:00+00:00
[2025-07-22T09:18:40.803+0000] {logging_mixin.py:188} INFO - [2025-07-22T09:18:40.802+0000] {dag.py:3954} INFO - Setting next_dagrun for example_branch_datetime_operator_3 to 2025-07-21 00:00:00+00:00, run_after=2025-07-22 00:00:00+00:00
[2025-07-22T09:18:40.832+0000] {processor.py:183} INFO - Processing /home/airflow/.local/lib/python3.12/site-packages/airflow/example_dags/example_branch_datetime_operator.py took 0.179 seconds
[2025-07-22T09:19:11.136+0000] {processor.py:161} INFO - Started process (PID=3269) to work on /home/airflow/.local/lib/python3.12/site-packages/airflow/example_dags/example_branch_datetime_operator.py
[2025-07-22T09:19:11.138+0000] {processor.py:830} INFO - Processing file /home/airflow/.local/lib/python3.12/site-packages/airflow/example_dags/example_branch_datetime_operator.py for tasks to queue
[2025-07-22T09:19:11.140+0000] {logging_mixin.py:188} INFO - [2025-07-22T09:19:11.140+0000] {dagbag.py:545} INFO - Filling up the DagBag from /home/airflow/.local/lib/python3.12/site-packages/airflow/example_dags/example_branch_datetime_operator.py
[2025-07-22T09:19:11.151+0000] {processor.py:840} INFO - DAG(s) 'example_branch_datetime_operator_2', 'example_branch_datetime_operator_3', 'example_branch_datetime_operator' retrieved from /home/airflow/.local/lib/python3.12/site-packages/airflow/example_dags/example_branch_datetime_operator.py
[2025-07-22T09:19:11.181+0000] {logging_mixin.py:188} INFO - [2025-07-22T09:19:11.181+0000] {dag.py:3096} INFO - Sync 3 DAGs
[2025-07-22T09:19:11.207+0000] {logging_mixin.py:188} INFO - [2025-07-22T09:19:11.206+0000] {dag.py:3954} INFO - Setting next_dagrun for example_branch_datetime_operator to 2025-07-21 00:00:00+00:00, run_after=2025-07-22 00:00:00+00:00
[2025-07-22T09:19:11.212+0000] {logging_mixin.py:188} INFO - [2025-07-22T09:19:11.212+0000] {dag.py:3954} INFO - Setting next_dagrun for example_branch_datetime_operator_2 to 2025-07-21 00:00:00+00:00, run_after=2025-07-22 00:00:00+00:00
[2025-07-22T09:19:11.215+0000] {logging_mixin.py:188} INFO - [2025-07-22T09:19:11.215+0000] {dag.py:3954} INFO - Setting next_dagrun for example_branch_datetime_operator_3 to 2025-07-21 00:00:00+00:00, run_after=2025-07-22 00:00:00+00:00
[2025-07-22T09:19:11.233+0000] {processor.py:183} INFO - Processing /home/airflow/.local/lib/python3.12/site-packages/airflow/example_dags/example_branch_datetime_operator.py took 0.104 seconds
[2025-07-22T09:19:41.424+0000] {processor.py:161} INFO - Started process (PID=3329) to work on /home/airflow/.local/lib/python3.12/site-packages/airflow/example_dags/example_branch_datetime_operator.py
[2025-07-22T09:19:41.426+0000] {processor.py:830} INFO - Processing file /home/airflow/.local/lib/python3.12/site-packages/airflow/example_dags/example_branch_datetime_operator.py for tasks to queue
[2025-07-22T09:19:41.429+0000] {logging_mixin.py:188} INFO - [2025-07-22T09:19:41.428+0000] {dagbag.py:545} INFO - Filling up the DagBag from /home/airflow/.local/lib/python3.12/site-packages/airflow/example_dags/example_branch_datetime_operator.py
[2025-07-22T09:19:41.445+0000] {processor.py:840} INFO - DAG(s) 'example_branch_datetime_operator_2', 'example_branch_datetime_operator', 'example_branch_datetime_operator_3' retrieved from /home/airflow/.local/lib/python3.12/site-packages/airflow/example_dags/example_branch_datetime_operator.py
[2025-07-22T09:19:41.483+0000] {logging_mixin.py:188} INFO - [2025-07-22T09:19:41.483+0000] {dag.py:3096} INFO - Sync 3 DAGs
[2025-07-22T09:19:41.516+0000] {logging_mixin.py:188} INFO - [2025-07-22T09:19:41.516+0000] {dag.py:3954} INFO - Setting next_dagrun for example_branch_datetime_operator to 2025-07-21 00:00:00+00:00, run_after=2025-07-22 00:00:00+00:00
[2025-07-22T09:19:41.524+0000] {logging_mixin.py:188} INFO - [2025-07-22T09:19:41.523+0000] {dag.py:3954} INFO - Setting next_dagrun for example_branch_datetime_operator_2 to 2025-07-21 00:00:00+00:00, run_after=2025-07-22 00:00:00+00:00
[2025-07-22T09:19:41.527+0000] {logging_mixin.py:188} INFO - [2025-07-22T09:19:41.527+0000] {dag.py:3954} INFO - Setting next_dagrun for example_branch_datetime_operator_3 to 2025-07-21 00:00:00+00:00, run_after=2025-07-22 00:00:00+00:00
[2025-07-22T09:19:41.559+0000] {processor.py:183} INFO - Processing /home/airflow/.local/lib/python3.12/site-packages/airflow/example_dags/example_branch_datetime_operator.py took 0.148 seconds
[2025-07-22T09:20:11.784+0000] {processor.py:161} INFO - Started process (PID=3389) to work on /home/airflow/.local/lib/python3.12/site-packages/airflow/example_dags/example_branch_datetime_operator.py
[2025-07-22T09:20:11.785+0000] {processor.py:830} INFO - Processing file /home/airflow/.local/lib/python3.12/site-packages/airflow/example_dags/example_branch_datetime_operator.py for tasks to queue
[2025-07-22T09:20:11.788+0000] {logging_mixin.py:188} INFO - [2025-07-22T09:20:11.787+0000] {dagbag.py:545} INFO - Filling up the DagBag from /home/airflow/.local/lib/python3.12/site-packages/airflow/example_dags/example_branch_datetime_operator.py
[2025-07-22T09:20:11.802+0000] {processor.py:840} INFO - DAG(s) 'example_branch_datetime_operator', 'example_branch_datetime_operator_2', 'example_branch_datetime_operator_3' retrieved from /home/airflow/.local/lib/python3.12/site-packages/airflow/example_dags/example_branch_datetime_operator.py
[2025-07-22T09:20:11.838+0000] {logging_mixin.py:188} INFO - [2025-07-22T09:20:11.838+0000] {dag.py:3096} INFO - Sync 3 DAGs
[2025-07-22T09:20:11.869+0000] {logging_mixin.py:188} INFO - [2025-07-22T09:20:11.869+0000] {dag.py:3954} INFO - Setting next_dagrun for example_branch_datetime_operator to 2025-07-21 00:00:00+00:00, run_after=2025-07-22 00:00:00+00:00
[2025-07-22T09:20:11.876+0000] {logging_mixin.py:188} INFO - [2025-07-22T09:20:11.875+0000] {dag.py:3954} INFO - Setting next_dagrun for example_branch_datetime_operator_2 to 2025-07-21 00:00:00+00:00, run_after=2025-07-22 00:00:00+00:00
[2025-07-22T09:20:11.880+0000] {logging_mixin.py:188} INFO - [2025-07-22T09:20:11.880+0000] {dag.py:3954} INFO - Setting next_dagrun for example_branch_datetime_operator_3 to 2025-07-21 00:00:00+00:00, run_after=2025-07-22 00:00:00+00:00
[2025-07-22T09:20:11.907+0000] {processor.py:183} INFO - Processing /home/airflow/.local/lib/python3.12/site-packages/airflow/example_dags/example_branch_datetime_operator.py took 0.131 seconds
[2025-07-22T09:20:42.144+0000] {processor.py:161} INFO - Started process (PID=3449) to work on /home/airflow/.local/lib/python3.12/site-packages/airflow/example_dags/example_branch_datetime_operator.py
[2025-07-22T09:20:42.145+0000] {processor.py:830} INFO - Processing file /home/airflow/.local/lib/python3.12/site-packages/airflow/example_dags/example_branch_datetime_operator.py for tasks to queue
[2025-07-22T09:20:42.148+0000] {logging_mixin.py:188} INFO - [2025-07-22T09:20:42.147+0000] {dagbag.py:545} INFO - Filling up the DagBag from /home/airflow/.local/lib/python3.12/site-packages/airflow/example_dags/example_branch_datetime_operator.py
[2025-07-22T09:20:42.159+0000] {processor.py:840} INFO - DAG(s) 'example_branch_datetime_operator', 'example_branch_datetime_operator_2', 'example_branch_datetime_operator_3' retrieved from /home/airflow/.local/lib/python3.12/site-packages/airflow/example_dags/example_branch_datetime_operator.py
[2025-07-22T09:20:42.190+0000] {logging_mixin.py:188} INFO - [2025-07-22T09:20:42.189+0000] {dag.py:3096} INFO - Sync 3 DAGs
[2025-07-22T09:20:42.216+0000] {logging_mixin.py:188} INFO - [2025-07-22T09:20:42.215+0000] {dag.py:3954} INFO - Setting next_dagrun for example_branch_datetime_operator to 2025-07-21 00:00:00+00:00, run_after=2025-07-22 00:00:00+00:00
[2025-07-22T09:20:42.221+0000] {logging_mixin.py:188} INFO - [2025-07-22T09:20:42.221+0000] {dag.py:3954} INFO - Setting next_dagrun for example_branch_datetime_operator_2 to 2025-07-21 00:00:00+00:00, run_after=2025-07-22 00:00:00+00:00
[2025-07-22T09:20:42.224+0000] {logging_mixin.py:188} INFO - [2025-07-22T09:20:42.224+0000] {dag.py:3954} INFO - Setting next_dagrun for example_branch_datetime_operator_3 to 2025-07-21 00:00:00+00:00, run_after=2025-07-22 00:00:00+00:00
[2025-07-22T09:20:42.245+0000] {processor.py:183} INFO - Processing /home/airflow/.local/lib/python3.12/site-packages/airflow/example_dags/example_branch_datetime_operator.py took 0.108 seconds
[2025-07-22T09:21:12.443+0000] {processor.py:161} INFO - Started process (PID=3510) to work on /home/airflow/.local/lib/python3.12/site-packages/airflow/example_dags/example_branch_datetime_operator.py
[2025-07-22T09:21:12.444+0000] {processor.py:830} INFO - Processing file /home/airflow/.local/lib/python3.12/site-packages/airflow/example_dags/example_branch_datetime_operator.py for tasks to queue
[2025-07-22T09:21:12.446+0000] {logging_mixin.py:188} INFO - [2025-07-22T09:21:12.446+0000] {dagbag.py:545} INFO - Filling up the DagBag from /home/airflow/.local/lib/python3.12/site-packages/airflow/example_dags/example_branch_datetime_operator.py
[2025-07-22T09:21:12.458+0000] {processor.py:840} INFO - DAG(s) 'example_branch_datetime_operator_3', 'example_branch_datetime_operator_2', 'example_branch_datetime_operator' retrieved from /home/airflow/.local/lib/python3.12/site-packages/airflow/example_dags/example_branch_datetime_operator.py
[2025-07-22T09:21:12.488+0000] {logging_mixin.py:188} INFO - [2025-07-22T09:21:12.488+0000] {dag.py:3096} INFO - Sync 3 DAGs
[2025-07-22T09:21:12.514+0000] {logging_mixin.py:188} INFO - [2025-07-22T09:21:12.514+0000] {dag.py:3954} INFO - Setting next_dagrun for example_branch_datetime_operator to 2025-07-21 00:00:00+00:00, run_after=2025-07-22 00:00:00+00:00
[2025-07-22T09:21:12.520+0000] {logging_mixin.py:188} INFO - [2025-07-22T09:21:12.520+0000] {dag.py:3954} INFO - Setting next_dagrun for example_branch_datetime_operator_2 to 2025-07-21 00:00:00+00:00, run_after=2025-07-22 00:00:00+00:00
[2025-07-22T09:21:12.524+0000] {logging_mixin.py:188} INFO - [2025-07-22T09:21:12.523+0000] {dag.py:3954} INFO - Setting next_dagrun for example_branch_datetime_operator_3 to 2025-07-21 00:00:00+00:00, run_after=2025-07-22 00:00:00+00:00
[2025-07-22T09:21:12.545+0000] {processor.py:183} INFO - Processing /home/airflow/.local/lib/python3.12/site-packages/airflow/example_dags/example_branch_datetime_operator.py took 0.108 seconds
[2025-07-22T09:21:42.759+0000] {processor.py:161} INFO - Started process (PID=3570) to work on /home/airflow/.local/lib/python3.12/site-packages/airflow/example_dags/example_branch_datetime_operator.py
[2025-07-22T09:21:42.761+0000] {processor.py:830} INFO - Processing file /home/airflow/.local/lib/python3.12/site-packages/airflow/example_dags/example_branch_datetime_operator.py for tasks to queue
[2025-07-22T09:21:42.763+0000] {logging_mixin.py:188} INFO - [2025-07-22T09:21:42.762+0000] {dagbag.py:545} INFO - Filling up the DagBag from /home/airflow/.local/lib/python3.12/site-packages/airflow/example_dags/example_branch_datetime_operator.py
[2025-07-22T09:21:42.774+0000] {processor.py:840} INFO - DAG(s) 'example_branch_datetime_operator_3', 'example_branch_datetime_operator_2', 'example_branch_datetime_operator' retrieved from /home/airflow/.local/lib/python3.12/site-packages/airflow/example_dags/example_branch_datetime_operator.py
[2025-07-22T09:21:42.803+0000] {logging_mixin.py:188} INFO - [2025-07-22T09:21:42.802+0000] {dag.py:3096} INFO - Sync 3 DAGs
[2025-07-22T09:21:42.827+0000] {logging_mixin.py:188} INFO - [2025-07-22T09:21:42.827+0000] {dag.py:3954} INFO - Setting next_dagrun for example_branch_datetime_operator to 2025-07-21 00:00:00+00:00, run_after=2025-07-22 00:00:00+00:00
[2025-07-22T09:21:42.832+0000] {logging_mixin.py:188} INFO - [2025-07-22T09:21:42.832+0000] {dag.py:3954} INFO - Setting next_dagrun for example_branch_datetime_operator_2 to 2025-07-21 00:00:00+00:00, run_after=2025-07-22 00:00:00+00:00
[2025-07-22T09:21:42.835+0000] {logging_mixin.py:188} INFO - [2025-07-22T09:21:42.835+0000] {dag.py:3954} INFO - Setting next_dagrun for example_branch_datetime_operator_3 to 2025-07-21 00:00:00+00:00, run_after=2025-07-22 00:00:00+00:00
[2025-07-22T09:21:42.854+0000] {processor.py:183} INFO - Processing /home/airflow/.local/lib/python3.12/site-packages/airflow/example_dags/example_branch_datetime_operator.py took 0.102 seconds
[2025-07-22T09:22:12.967+0000] {processor.py:161} INFO - Started process (PID=3630) to work on /home/airflow/.local/lib/python3.12/site-packages/airflow/example_dags/example_branch_datetime_operator.py
[2025-07-22T09:22:12.969+0000] {processor.py:830} INFO - Processing file /home/airflow/.local/lib/python3.12/site-packages/airflow/example_dags/example_branch_datetime_operator.py for tasks to queue
[2025-07-22T09:22:12.971+0000] {logging_mixin.py:188} INFO - [2025-07-22T09:22:12.971+0000] {dagbag.py:545} INFO - Filling up the DagBag from /home/airflow/.local/lib/python3.12/site-packages/airflow/example_dags/example_branch_datetime_operator.py
[2025-07-22T09:22:12.982+0000] {processor.py:840} INFO - DAG(s) 'example_branch_datetime_operator', 'example_branch_datetime_operator_3', 'example_branch_datetime_operator_2' retrieved from /home/airflow/.local/lib/python3.12/site-packages/airflow/example_dags/example_branch_datetime_operator.py
[2025-07-22T09:22:13.015+0000] {logging_mixin.py:188} INFO - [2025-07-22T09:22:13.015+0000] {dag.py:3096} INFO - Sync 3 DAGs
[2025-07-22T09:22:13.045+0000] {logging_mixin.py:188} INFO - [2025-07-22T09:22:13.044+0000] {dag.py:3954} INFO - Setting next_dagrun for example_branch_datetime_operator to 2025-07-21 00:00:00+00:00, run_after=2025-07-22 00:00:00+00:00
[2025-07-22T09:22:13.051+0000] {logging_mixin.py:188} INFO - [2025-07-22T09:22:13.050+0000] {dag.py:3954} INFO - Setting next_dagrun for example_branch_datetime_operator_2 to 2025-07-21 00:00:00+00:00, run_after=2025-07-22 00:00:00+00:00
[2025-07-22T09:22:13.054+0000] {logging_mixin.py:188} INFO - [2025-07-22T09:22:13.054+0000] {dag.py:3954} INFO - Setting next_dagrun for example_branch_datetime_operator_3 to 2025-07-21 00:00:00+00:00, run_after=2025-07-22 00:00:00+00:00
[2025-07-22T09:22:13.077+0000] {processor.py:183} INFO - Processing /home/airflow/.local/lib/python3.12/site-packages/airflow/example_dags/example_branch_datetime_operator.py took 0.117 seconds
