[2025-07-22T08:52:04.186+0000] {processor.py:161} INFO - Started process (PID=79) to work on /home/airflow/.local/lib/python3.12/site-packages/airflow/example_dags/example_subdag_operator.py
[2025-07-22T08:52:04.189+0000] {processor.py:830} INFO - Processing file /home/airflow/.local/lib/python3.12/site-packages/airflow/example_dags/example_subdag_operator.py for tasks to queue
[2025-07-22T08:52:04.194+0000] {logging_mixin.py:188} INFO - [2025-07-22T08:52:04.193+0000] {dagbag.py:545} INFO - Filling up the DagBag from /home/airflow/.local/lib/python3.12/site-packages/airflow/example_dags/example_subdag_operator.py
[2025-07-22T08:52:04.279+0000] {processor.py:840} INFO - DAG(s) 'example_subdag_operator.section-1', 'example_subdag_operator.section-2', 'example_subdag_operator' retrieved from /home/airflow/.local/lib/python3.12/site-packages/airflow/example_dags/example_subdag_operator.py
[2025-07-22T08:52:04.737+0000] {logging_mixin.py:188} INFO - [2025-07-22T08:52:04.736+0000] {dag.py:3096} INFO - Sync 3 DAGs
[2025-07-22T08:52:04.850+0000] {logging_mixin.py:188} INFO - [2025-07-22T08:52:04.849+0000] {dag.py:3954} INFO - Setting next_dagrun for example_subdag_operator to 2022-01-01 00:00:00+00:00, run_after=2022-01-01 00:00:00+00:00
[2025-07-22T08:52:04.878+0000] {logging_mixin.py:188} INFO - [2025-07-22T08:52:04.868+0000] {dag.py:3954} INFO - Setting next_dagrun for example_subdag_operator.section-1 to None, run_after=None
[2025-07-22T08:52:04.896+0000] {logging_mixin.py:188} INFO - [2025-07-22T08:52:04.895+0000] {dag.py:3954} INFO - Setting next_dagrun for example_subdag_operator.section-2 to None, run_after=None
[2025-07-22T08:52:04.970+0000] {logging_mixin.py:188} INFO - [2025-07-22T08:52:04.970+0000] {dag.py:3096} INFO - Sync 2 DAGs
[2025-07-22T08:52:04.984+0000] {logging_mixin.py:188} INFO - [2025-07-22T08:52:04.983+0000] {dag.py:3954} INFO - Setting next_dagrun for example_subdag_operator.section-1 to None, run_after=None
[2025-07-22T08:52:04.986+0000] {logging_mixin.py:188} INFO - [2025-07-22T08:52:04.985+0000] {dag.py:3954} INFO - Setting next_dagrun for example_subdag_operator.section-2 to None, run_after=None
[2025-07-22T08:52:05.044+0000] {processor.py:183} INFO - Processing /home/airflow/.local/lib/python3.12/site-packages/airflow/example_dags/example_subdag_operator.py took 0.875 seconds
[2025-07-22T08:52:35.681+0000] {processor.py:161} INFO - Started process (PID=137) to work on /home/airflow/.local/lib/python3.12/site-packages/airflow/example_dags/example_subdag_operator.py
[2025-07-22T08:52:35.682+0000] {processor.py:830} INFO - Processing file /home/airflow/.local/lib/python3.12/site-packages/airflow/example_dags/example_subdag_operator.py for tasks to queue
[2025-07-22T08:52:35.684+0000] {logging_mixin.py:188} INFO - [2025-07-22T08:52:35.684+0000] {dagbag.py:545} INFO - Filling up the DagBag from /home/airflow/.local/lib/python3.12/site-packages/airflow/example_dags/example_subdag_operator.py
[2025-07-22T08:52:35.712+0000] {processor.py:840} INFO - DAG(s) 'example_subdag_operator.section-1', 'example_subdag_operator.section-2', 'example_subdag_operator' retrieved from /home/airflow/.local/lib/python3.12/site-packages/airflow/example_dags/example_subdag_operator.py
[2025-07-22T08:52:35.732+0000] {logging_mixin.py:188} INFO - [2025-07-22T08:52:35.731+0000] {dag.py:3096} INFO - Sync 3 DAGs
[2025-07-22T08:52:35.755+0000] {logging_mixin.py:188} INFO - [2025-07-22T08:52:35.754+0000] {dag.py:3954} INFO - Setting next_dagrun for example_subdag_operator to 2022-01-01 00:00:00+00:00, run_after=2022-01-01 00:00:00+00:00
[2025-07-22T08:52:35.759+0000] {logging_mixin.py:188} INFO - [2025-07-22T08:52:35.759+0000] {dag.py:3954} INFO - Setting next_dagrun for example_subdag_operator.section-1 to None, run_after=None
[2025-07-22T08:52:35.761+0000] {logging_mixin.py:188} INFO - [2025-07-22T08:52:35.761+0000] {dag.py:3954} INFO - Setting next_dagrun for example_subdag_operator.section-2 to None, run_after=None
[2025-07-22T08:52:35.769+0000] {logging_mixin.py:188} INFO - [2025-07-22T08:52:35.769+0000] {dag.py:3096} INFO - Sync 2 DAGs
[2025-07-22T08:52:35.775+0000] {logging_mixin.py:188} INFO - [2025-07-22T08:52:35.775+0000] {dag.py:3954} INFO - Setting next_dagrun for example_subdag_operator.section-1 to None, run_after=None
[2025-07-22T08:52:35.776+0000] {logging_mixin.py:188} INFO - [2025-07-22T08:52:35.776+0000] {dag.py:3954} INFO - Setting next_dagrun for example_subdag_operator.section-2 to None, run_after=None
[2025-07-22T08:52:35.797+0000] {processor.py:183} INFO - Processing /home/airflow/.local/lib/python3.12/site-packages/airflow/example_dags/example_subdag_operator.py took 0.123 seconds
[2025-07-22T08:53:05.996+0000] {processor.py:161} INFO - Started process (PID=195) to work on /home/airflow/.local/lib/python3.12/site-packages/airflow/example_dags/example_subdag_operator.py
[2025-07-22T08:53:05.997+0000] {processor.py:830} INFO - Processing file /home/airflow/.local/lib/python3.12/site-packages/airflow/example_dags/example_subdag_operator.py for tasks to queue
[2025-07-22T08:53:06.000+0000] {logging_mixin.py:188} INFO - [2025-07-22T08:53:05.999+0000] {dagbag.py:545} INFO - Filling up the DagBag from /home/airflow/.local/lib/python3.12/site-packages/airflow/example_dags/example_subdag_operator.py
[2025-07-22T08:53:06.030+0000] {processor.py:840} INFO - DAG(s) 'example_subdag_operator.section-1', 'example_subdag_operator.section-2', 'example_subdag_operator' retrieved from /home/airflow/.local/lib/python3.12/site-packages/airflow/example_dags/example_subdag_operator.py
[2025-07-22T08:53:06.055+0000] {logging_mixin.py:188} INFO - [2025-07-22T08:53:06.055+0000] {dag.py:3096} INFO - Sync 3 DAGs
[2025-07-22T08:53:06.091+0000] {logging_mixin.py:188} INFO - [2025-07-22T08:53:06.091+0000] {dag.py:3954} INFO - Setting next_dagrun for example_subdag_operator to 2022-01-01 00:00:00+00:00, run_after=2022-01-01 00:00:00+00:00
[2025-07-22T08:53:06.097+0000] {logging_mixin.py:188} INFO - [2025-07-22T08:53:06.097+0000] {dag.py:3954} INFO - Setting next_dagrun for example_subdag_operator.section-1 to None, run_after=None
[2025-07-22T08:53:06.100+0000] {logging_mixin.py:188} INFO - [2025-07-22T08:53:06.099+0000] {dag.py:3954} INFO - Setting next_dagrun for example_subdag_operator.section-2 to None, run_after=None
[2025-07-22T08:53:06.110+0000] {logging_mixin.py:188} INFO - [2025-07-22T08:53:06.110+0000] {dag.py:3096} INFO - Sync 2 DAGs
[2025-07-22T08:53:06.118+0000] {logging_mixin.py:188} INFO - [2025-07-22T08:53:06.118+0000] {dag.py:3954} INFO - Setting next_dagrun for example_subdag_operator.section-1 to None, run_after=None
[2025-07-22T08:53:06.119+0000] {logging_mixin.py:188} INFO - [2025-07-22T08:53:06.119+0000] {dag.py:3954} INFO - Setting next_dagrun for example_subdag_operator.section-2 to None, run_after=None
[2025-07-22T08:53:06.136+0000] {processor.py:183} INFO - Processing /home/airflow/.local/lib/python3.12/site-packages/airflow/example_dags/example_subdag_operator.py took 0.147 seconds
[2025-07-22T08:53:36.494+0000] {processor.py:161} INFO - Started process (PID=253) to work on /home/airflow/.local/lib/python3.12/site-packages/airflow/example_dags/example_subdag_operator.py
[2025-07-22T08:53:36.496+0000] {processor.py:830} INFO - Processing file /home/airflow/.local/lib/python3.12/site-packages/airflow/example_dags/example_subdag_operator.py for tasks to queue
[2025-07-22T08:53:36.499+0000] {logging_mixin.py:188} INFO - [2025-07-22T08:53:36.499+0000] {dagbag.py:545} INFO - Filling up the DagBag from /home/airflow/.local/lib/python3.12/site-packages/airflow/example_dags/example_subdag_operator.py
[2025-07-22T08:53:36.526+0000] {processor.py:840} INFO - DAG(s) 'example_subdag_operator.section-1', 'example_subdag_operator.section-2', 'example_subdag_operator' retrieved from /home/airflow/.local/lib/python3.12/site-packages/airflow/example_dags/example_subdag_operator.py
[2025-07-22T08:53:36.545+0000] {logging_mixin.py:188} INFO - [2025-07-22T08:53:36.544+0000] {dag.py:3096} INFO - Sync 3 DAGs
[2025-07-22T08:53:36.568+0000] {logging_mixin.py:188} INFO - [2025-07-22T08:53:36.568+0000] {dag.py:3954} INFO - Setting next_dagrun for example_subdag_operator to 2022-01-01 00:00:00+00:00, run_after=2022-01-01 00:00:00+00:00
[2025-07-22T08:53:36.573+0000] {logging_mixin.py:188} INFO - [2025-07-22T08:53:36.573+0000] {dag.py:3954} INFO - Setting next_dagrun for example_subdag_operator.section-1 to None, run_after=None
[2025-07-22T08:53:36.575+0000] {logging_mixin.py:188} INFO - [2025-07-22T08:53:36.575+0000] {dag.py:3954} INFO - Setting next_dagrun for example_subdag_operator.section-2 to None, run_after=None
[2025-07-22T08:53:36.584+0000] {logging_mixin.py:188} INFO - [2025-07-22T08:53:36.584+0000] {dag.py:3096} INFO - Sync 2 DAGs
[2025-07-22T08:53:36.590+0000] {logging_mixin.py:188} INFO - [2025-07-22T08:53:36.590+0000] {dag.py:3954} INFO - Setting next_dagrun for example_subdag_operator.section-1 to None, run_after=None
[2025-07-22T08:53:36.591+0000] {logging_mixin.py:188} INFO - [2025-07-22T08:53:36.590+0000] {dag.py:3954} INFO - Setting next_dagrun for example_subdag_operator.section-2 to None, run_after=None
[2025-07-22T08:53:36.605+0000] {processor.py:183} INFO - Processing /home/airflow/.local/lib/python3.12/site-packages/airflow/example_dags/example_subdag_operator.py took 0.118 seconds
[2025-07-22T08:54:06.786+0000] {processor.py:161} INFO - Started process (PID=311) to work on /home/airflow/.local/lib/python3.12/site-packages/airflow/example_dags/example_subdag_operator.py
[2025-07-22T08:54:06.787+0000] {processor.py:830} INFO - Processing file /home/airflow/.local/lib/python3.12/site-packages/airflow/example_dags/example_subdag_operator.py for tasks to queue
[2025-07-22T08:54:06.790+0000] {logging_mixin.py:188} INFO - [2025-07-22T08:54:06.790+0000] {dagbag.py:545} INFO - Filling up the DagBag from /home/airflow/.local/lib/python3.12/site-packages/airflow/example_dags/example_subdag_operator.py
[2025-07-22T08:54:06.895+0000] {processor.py:840} INFO - DAG(s) 'example_subdag_operator.section-1', 'example_subdag_operator.section-2', 'example_subdag_operator' retrieved from /home/airflow/.local/lib/python3.12/site-packages/airflow/example_dags/example_subdag_operator.py
[2025-07-22T08:54:06.943+0000] {logging_mixin.py:188} INFO - [2025-07-22T08:54:06.942+0000] {dag.py:3096} INFO - Sync 3 DAGs
[2025-07-22T08:54:07.019+0000] {logging_mixin.py:188} INFO - [2025-07-22T08:54:07.018+0000] {dag.py:3954} INFO - Setting next_dagrun for example_subdag_operator to 2022-01-01 00:00:00+00:00, run_after=2022-01-01 00:00:00+00:00
[2025-07-22T08:54:07.026+0000] {logging_mixin.py:188} INFO - [2025-07-22T08:54:07.026+0000] {dag.py:3954} INFO - Setting next_dagrun for example_subdag_operator.section-1 to None, run_after=None
[2025-07-22T08:54:07.030+0000] {logging_mixin.py:188} INFO - [2025-07-22T08:54:07.029+0000] {dag.py:3954} INFO - Setting next_dagrun for example_subdag_operator.section-2 to None, run_after=None
[2025-07-22T08:54:07.054+0000] {logging_mixin.py:188} INFO - [2025-07-22T08:54:07.053+0000] {dag.py:3096} INFO - Sync 2 DAGs
[2025-07-22T08:54:07.061+0000] {logging_mixin.py:188} INFO - [2025-07-22T08:54:07.061+0000] {dag.py:3954} INFO - Setting next_dagrun for example_subdag_operator.section-1 to None, run_after=None
[2025-07-22T08:54:07.062+0000] {logging_mixin.py:188} INFO - [2025-07-22T08:54:07.062+0000] {dag.py:3954} INFO - Setting next_dagrun for example_subdag_operator.section-2 to None, run_after=None
[2025-07-22T08:54:07.076+0000] {processor.py:183} INFO - Processing /home/airflow/.local/lib/python3.12/site-packages/airflow/example_dags/example_subdag_operator.py took 0.299 seconds
[2025-07-22T08:54:37.158+0000] {processor.py:161} INFO - Started process (PID=369) to work on /home/airflow/.local/lib/python3.12/site-packages/airflow/example_dags/example_subdag_operator.py
[2025-07-22T08:54:37.159+0000] {processor.py:830} INFO - Processing file /home/airflow/.local/lib/python3.12/site-packages/airflow/example_dags/example_subdag_operator.py for tasks to queue
[2025-07-22T08:54:37.161+0000] {logging_mixin.py:188} INFO - [2025-07-22T08:54:37.161+0000] {dagbag.py:545} INFO - Filling up the DagBag from /home/airflow/.local/lib/python3.12/site-packages/airflow/example_dags/example_subdag_operator.py
[2025-07-22T08:54:37.187+0000] {processor.py:840} INFO - DAG(s) 'example_subdag_operator.section-1', 'example_subdag_operator.section-2', 'example_subdag_operator' retrieved from /home/airflow/.local/lib/python3.12/site-packages/airflow/example_dags/example_subdag_operator.py
[2025-07-22T08:54:37.204+0000] {logging_mixin.py:188} INFO - [2025-07-22T08:54:37.204+0000] {dag.py:3096} INFO - Sync 3 DAGs
[2025-07-22T08:54:37.226+0000] {logging_mixin.py:188} INFO - [2025-07-22T08:54:37.225+0000] {dag.py:3954} INFO - Setting next_dagrun for example_subdag_operator to 2022-01-01 00:00:00+00:00, run_after=2022-01-01 00:00:00+00:00
[2025-07-22T08:54:37.230+0000] {logging_mixin.py:188} INFO - [2025-07-22T08:54:37.230+0000] {dag.py:3954} INFO - Setting next_dagrun for example_subdag_operator.section-1 to None, run_after=None
[2025-07-22T08:54:37.232+0000] {logging_mixin.py:188} INFO - [2025-07-22T08:54:37.232+0000] {dag.py:3954} INFO - Setting next_dagrun for example_subdag_operator.section-2 to None, run_after=None
[2025-07-22T08:54:37.239+0000] {logging_mixin.py:188} INFO - [2025-07-22T08:54:37.239+0000] {dag.py:3096} INFO - Sync 2 DAGs
[2025-07-22T08:54:37.245+0000] {logging_mixin.py:188} INFO - [2025-07-22T08:54:37.245+0000] {dag.py:3954} INFO - Setting next_dagrun for example_subdag_operator.section-1 to None, run_after=None
[2025-07-22T08:54:37.246+0000] {logging_mixin.py:188} INFO - [2025-07-22T08:54:37.245+0000] {dag.py:3954} INFO - Setting next_dagrun for example_subdag_operator.section-2 to None, run_after=None
[2025-07-22T08:54:37.258+0000] {processor.py:183} INFO - Processing /home/airflow/.local/lib/python3.12/site-packages/airflow/example_dags/example_subdag_operator.py took 0.107 seconds
[2025-07-22T08:55:07.670+0000] {processor.py:161} INFO - Started process (PID=427) to work on /home/airflow/.local/lib/python3.12/site-packages/airflow/example_dags/example_subdag_operator.py
[2025-07-22T08:55:07.671+0000] {processor.py:830} INFO - Processing file /home/airflow/.local/lib/python3.12/site-packages/airflow/example_dags/example_subdag_operator.py for tasks to queue
[2025-07-22T08:55:07.674+0000] {logging_mixin.py:188} INFO - [2025-07-22T08:55:07.673+0000] {dagbag.py:545} INFO - Filling up the DagBag from /home/airflow/.local/lib/python3.12/site-packages/airflow/example_dags/example_subdag_operator.py
[2025-07-22T08:55:07.721+0000] {processor.py:840} INFO - DAG(s) 'example_subdag_operator.section-1', 'example_subdag_operator.section-2', 'example_subdag_operator' retrieved from /home/airflow/.local/lib/python3.12/site-packages/airflow/example_dags/example_subdag_operator.py
[2025-07-22T08:55:07.745+0000] {logging_mixin.py:188} INFO - [2025-07-22T08:55:07.745+0000] {dag.py:3096} INFO - Sync 3 DAGs
[2025-07-22T08:55:07.771+0000] {logging_mixin.py:188} INFO - [2025-07-22T08:55:07.771+0000] {dag.py:3954} INFO - Setting next_dagrun for example_subdag_operator to 2022-01-01 00:00:00+00:00, run_after=2022-01-01 00:00:00+00:00
[2025-07-22T08:55:07.775+0000] {logging_mixin.py:188} INFO - [2025-07-22T08:55:07.775+0000] {dag.py:3954} INFO - Setting next_dagrun for example_subdag_operator.section-1 to None, run_after=None
[2025-07-22T08:55:07.777+0000] {logging_mixin.py:188} INFO - [2025-07-22T08:55:07.777+0000] {dag.py:3954} INFO - Setting next_dagrun for example_subdag_operator.section-2 to None, run_after=None
[2025-07-22T08:55:07.785+0000] {logging_mixin.py:188} INFO - [2025-07-22T08:55:07.785+0000] {dag.py:3096} INFO - Sync 2 DAGs
[2025-07-22T08:55:07.791+0000] {logging_mixin.py:188} INFO - [2025-07-22T08:55:07.791+0000] {dag.py:3954} INFO - Setting next_dagrun for example_subdag_operator.section-1 to None, run_after=None
[2025-07-22T08:55:07.792+0000] {logging_mixin.py:188} INFO - [2025-07-22T08:55:07.791+0000] {dag.py:3954} INFO - Setting next_dagrun for example_subdag_operator.section-2 to None, run_after=None
[2025-07-22T08:55:07.806+0000] {processor.py:183} INFO - Processing /home/airflow/.local/lib/python3.12/site-packages/airflow/example_dags/example_subdag_operator.py took 0.149 seconds
[2025-07-22T08:55:38.038+0000] {processor.py:161} INFO - Started process (PID=485) to work on /home/airflow/.local/lib/python3.12/site-packages/airflow/example_dags/example_subdag_operator.py
[2025-07-22T08:55:38.041+0000] {processor.py:830} INFO - Processing file /home/airflow/.local/lib/python3.12/site-packages/airflow/example_dags/example_subdag_operator.py for tasks to queue
[2025-07-22T08:55:38.045+0000] {logging_mixin.py:188} INFO - [2025-07-22T08:55:38.045+0000] {dagbag.py:545} INFO - Filling up the DagBag from /home/airflow/.local/lib/python3.12/site-packages/airflow/example_dags/example_subdag_operator.py
[2025-07-22T08:55:38.083+0000] {processor.py:840} INFO - DAG(s) 'example_subdag_operator.section-1', 'example_subdag_operator.section-2', 'example_subdag_operator' retrieved from /home/airflow/.local/lib/python3.12/site-packages/airflow/example_dags/example_subdag_operator.py
[2025-07-22T08:55:38.109+0000] {logging_mixin.py:188} INFO - [2025-07-22T08:55:38.108+0000] {dag.py:3096} INFO - Sync 3 DAGs
[2025-07-22T08:55:38.143+0000] {logging_mixin.py:188} INFO - [2025-07-22T08:55:38.143+0000] {dag.py:3954} INFO - Setting next_dagrun for example_subdag_operator to 2022-01-01 00:00:00+00:00, run_after=2022-01-01 00:00:00+00:00
[2025-07-22T08:55:38.152+0000] {logging_mixin.py:188} INFO - [2025-07-22T08:55:38.152+0000] {dag.py:3954} INFO - Setting next_dagrun for example_subdag_operator.section-1 to None, run_after=None
[2025-07-22T08:55:38.155+0000] {logging_mixin.py:188} INFO - [2025-07-22T08:55:38.154+0000] {dag.py:3954} INFO - Setting next_dagrun for example_subdag_operator.section-2 to None, run_after=None
[2025-07-22T08:55:38.168+0000] {logging_mixin.py:188} INFO - [2025-07-22T08:55:38.168+0000] {dag.py:3096} INFO - Sync 2 DAGs
[2025-07-22T08:55:38.179+0000] {logging_mixin.py:188} INFO - [2025-07-22T08:55:38.178+0000] {dag.py:3954} INFO - Setting next_dagrun for example_subdag_operator.section-1 to None, run_after=None
[2025-07-22T08:55:38.180+0000] {logging_mixin.py:188} INFO - [2025-07-22T08:55:38.180+0000] {dag.py:3954} INFO - Setting next_dagrun for example_subdag_operator.section-2 to None, run_after=None
[2025-07-22T08:55:38.221+0000] {processor.py:183} INFO - Processing /home/airflow/.local/lib/python3.12/site-packages/airflow/example_dags/example_subdag_operator.py took 0.191 seconds
[2025-07-22T08:56:08.560+0000] {processor.py:161} INFO - Started process (PID=543) to work on /home/airflow/.local/lib/python3.12/site-packages/airflow/example_dags/example_subdag_operator.py
[2025-07-22T08:56:08.561+0000] {processor.py:830} INFO - Processing file /home/airflow/.local/lib/python3.12/site-packages/airflow/example_dags/example_subdag_operator.py for tasks to queue
[2025-07-22T08:56:08.563+0000] {logging_mixin.py:188} INFO - [2025-07-22T08:56:08.563+0000] {dagbag.py:545} INFO - Filling up the DagBag from /home/airflow/.local/lib/python3.12/site-packages/airflow/example_dags/example_subdag_operator.py
[2025-07-22T08:56:08.588+0000] {processor.py:840} INFO - DAG(s) 'example_subdag_operator.section-1', 'example_subdag_operator.section-2', 'example_subdag_operator' retrieved from /home/airflow/.local/lib/python3.12/site-packages/airflow/example_dags/example_subdag_operator.py
[2025-07-22T08:56:08.605+0000] {logging_mixin.py:188} INFO - [2025-07-22T08:56:08.605+0000] {dag.py:3096} INFO - Sync 3 DAGs
[2025-07-22T08:56:08.628+0000] {logging_mixin.py:188} INFO - [2025-07-22T08:56:08.628+0000] {dag.py:3954} INFO - Setting next_dagrun for example_subdag_operator to 2022-01-01 00:00:00+00:00, run_after=2022-01-01 00:00:00+00:00
[2025-07-22T08:56:08.632+0000] {logging_mixin.py:188} INFO - [2025-07-22T08:56:08.632+0000] {dag.py:3954} INFO - Setting next_dagrun for example_subdag_operator.section-1 to None, run_after=None
[2025-07-22T08:56:08.634+0000] {logging_mixin.py:188} INFO - [2025-07-22T08:56:08.634+0000] {dag.py:3954} INFO - Setting next_dagrun for example_subdag_operator.section-2 to None, run_after=None
[2025-07-22T08:56:08.642+0000] {logging_mixin.py:188} INFO - [2025-07-22T08:56:08.641+0000] {dag.py:3096} INFO - Sync 2 DAGs
[2025-07-22T08:56:08.648+0000] {logging_mixin.py:188} INFO - [2025-07-22T08:56:08.647+0000] {dag.py:3954} INFO - Setting next_dagrun for example_subdag_operator.section-1 to None, run_after=None
[2025-07-22T08:56:08.648+0000] {logging_mixin.py:188} INFO - [2025-07-22T08:56:08.648+0000] {dag.py:3954} INFO - Setting next_dagrun for example_subdag_operator.section-2 to None, run_after=None
[2025-07-22T08:56:08.662+0000] {processor.py:183} INFO - Processing /home/airflow/.local/lib/python3.12/site-packages/airflow/example_dags/example_subdag_operator.py took 0.108 seconds
[2025-07-22T08:56:38.952+0000] {processor.py:161} INFO - Started process (PID=601) to work on /home/airflow/.local/lib/python3.12/site-packages/airflow/example_dags/example_subdag_operator.py
[2025-07-22T08:56:38.953+0000] {processor.py:830} INFO - Processing file /home/airflow/.local/lib/python3.12/site-packages/airflow/example_dags/example_subdag_operator.py for tasks to queue
[2025-07-22T08:56:38.955+0000] {logging_mixin.py:188} INFO - [2025-07-22T08:56:38.955+0000] {dagbag.py:545} INFO - Filling up the DagBag from /home/airflow/.local/lib/python3.12/site-packages/airflow/example_dags/example_subdag_operator.py
[2025-07-22T08:56:38.980+0000] {processor.py:840} INFO - DAG(s) 'example_subdag_operator.section-1', 'example_subdag_operator.section-2', 'example_subdag_operator' retrieved from /home/airflow/.local/lib/python3.12/site-packages/airflow/example_dags/example_subdag_operator.py
[2025-07-22T08:56:38.997+0000] {logging_mixin.py:188} INFO - [2025-07-22T08:56:38.997+0000] {dag.py:3096} INFO - Sync 3 DAGs
[2025-07-22T08:56:39.019+0000] {logging_mixin.py:188} INFO - [2025-07-22T08:56:39.018+0000] {dag.py:3954} INFO - Setting next_dagrun for example_subdag_operator to 2022-01-01 00:00:00+00:00, run_after=2022-01-01 00:00:00+00:00
[2025-07-22T08:56:39.023+0000] {logging_mixin.py:188} INFO - [2025-07-22T08:56:39.023+0000] {dag.py:3954} INFO - Setting next_dagrun for example_subdag_operator.section-1 to None, run_after=None
[2025-07-22T08:56:39.025+0000] {logging_mixin.py:188} INFO - [2025-07-22T08:56:39.025+0000] {dag.py:3954} INFO - Setting next_dagrun for example_subdag_operator.section-2 to None, run_after=None
[2025-07-22T08:56:39.033+0000] {logging_mixin.py:188} INFO - [2025-07-22T08:56:39.032+0000] {dag.py:3096} INFO - Sync 2 DAGs
[2025-07-22T08:56:39.038+0000] {logging_mixin.py:188} INFO - [2025-07-22T08:56:39.038+0000] {dag.py:3954} INFO - Setting next_dagrun for example_subdag_operator.section-1 to None, run_after=None
[2025-07-22T08:56:39.039+0000] {logging_mixin.py:188} INFO - [2025-07-22T08:56:39.039+0000] {dag.py:3954} INFO - Setting next_dagrun for example_subdag_operator.section-2 to None, run_after=None
[2025-07-22T08:56:39.052+0000] {processor.py:183} INFO - Processing /home/airflow/.local/lib/python3.12/site-packages/airflow/example_dags/example_subdag_operator.py took 0.106 seconds
[2025-07-22T08:57:09.224+0000] {processor.py:161} INFO - Started process (PID=661) to work on /home/airflow/.local/lib/python3.12/site-packages/airflow/example_dags/example_subdag_operator.py
[2025-07-22T08:57:09.225+0000] {processor.py:830} INFO - Processing file /home/airflow/.local/lib/python3.12/site-packages/airflow/example_dags/example_subdag_operator.py for tasks to queue
[2025-07-22T08:57:09.228+0000] {logging_mixin.py:188} INFO - [2025-07-22T08:57:09.228+0000] {dagbag.py:545} INFO - Filling up the DagBag from /home/airflow/.local/lib/python3.12/site-packages/airflow/example_dags/example_subdag_operator.py
[2025-07-22T08:57:09.258+0000] {processor.py:840} INFO - DAG(s) 'example_subdag_operator.section-1', 'example_subdag_operator.section-2', 'example_subdag_operator' retrieved from /home/airflow/.local/lib/python3.12/site-packages/airflow/example_dags/example_subdag_operator.py
[2025-07-22T08:57:09.280+0000] {logging_mixin.py:188} INFO - [2025-07-22T08:57:09.280+0000] {dag.py:3096} INFO - Sync 3 DAGs
[2025-07-22T08:57:09.305+0000] {logging_mixin.py:188} INFO - [2025-07-22T08:57:09.305+0000] {dag.py:3954} INFO - Setting next_dagrun for example_subdag_operator to 2022-01-01 00:00:00+00:00, run_after=2022-01-01 00:00:00+00:00
[2025-07-22T08:57:09.310+0000] {logging_mixin.py:188} INFO - [2025-07-22T08:57:09.310+0000] {dag.py:3954} INFO - Setting next_dagrun for example_subdag_operator.section-1 to None, run_after=None
[2025-07-22T08:57:09.312+0000] {logging_mixin.py:188} INFO - [2025-07-22T08:57:09.312+0000] {dag.py:3954} INFO - Setting next_dagrun for example_subdag_operator.section-2 to None, run_after=None
[2025-07-22T08:57:09.320+0000] {logging_mixin.py:188} INFO - [2025-07-22T08:57:09.320+0000] {dag.py:3096} INFO - Sync 2 DAGs
[2025-07-22T08:57:09.326+0000] {logging_mixin.py:188} INFO - [2025-07-22T08:57:09.326+0000] {dag.py:3954} INFO - Setting next_dagrun for example_subdag_operator.section-1 to None, run_after=None
[2025-07-22T08:57:09.327+0000] {logging_mixin.py:188} INFO - [2025-07-22T08:57:09.327+0000] {dag.py:3954} INFO - Setting next_dagrun for example_subdag_operator.section-2 to None, run_after=None
[2025-07-22T08:57:09.340+0000] {processor.py:183} INFO - Processing /home/airflow/.local/lib/python3.12/site-packages/airflow/example_dags/example_subdag_operator.py took 0.123 seconds
[2025-07-22T08:57:39.494+0000] {processor.py:161} INFO - Started process (PID=721) to work on /home/airflow/.local/lib/python3.12/site-packages/airflow/example_dags/example_subdag_operator.py
[2025-07-22T08:57:39.495+0000] {processor.py:830} INFO - Processing file /home/airflow/.local/lib/python3.12/site-packages/airflow/example_dags/example_subdag_operator.py for tasks to queue
[2025-07-22T08:57:39.498+0000] {logging_mixin.py:188} INFO - [2025-07-22T08:57:39.497+0000] {dagbag.py:545} INFO - Filling up the DagBag from /home/airflow/.local/lib/python3.12/site-packages/airflow/example_dags/example_subdag_operator.py
[2025-07-22T08:57:39.525+0000] {processor.py:840} INFO - DAG(s) 'example_subdag_operator.section-1', 'example_subdag_operator.section-2', 'example_subdag_operator' retrieved from /home/airflow/.local/lib/python3.12/site-packages/airflow/example_dags/example_subdag_operator.py
[2025-07-22T08:57:39.545+0000] {logging_mixin.py:188} INFO - [2025-07-22T08:57:39.544+0000] {dag.py:3096} INFO - Sync 3 DAGs
[2025-07-22T08:57:39.572+0000] {logging_mixin.py:188} INFO - [2025-07-22T08:57:39.571+0000] {dag.py:3954} INFO - Setting next_dagrun for example_subdag_operator to 2022-01-01 00:00:00+00:00, run_after=2022-01-01 00:00:00+00:00
[2025-07-22T08:57:39.577+0000] {logging_mixin.py:188} INFO - [2025-07-22T08:57:39.577+0000] {dag.py:3954} INFO - Setting next_dagrun for example_subdag_operator.section-1 to None, run_after=None
[2025-07-22T08:57:39.579+0000] {logging_mixin.py:188} INFO - [2025-07-22T08:57:39.579+0000] {dag.py:3954} INFO - Setting next_dagrun for example_subdag_operator.section-2 to None, run_after=None
[2025-07-22T08:57:39.588+0000] {logging_mixin.py:188} INFO - [2025-07-22T08:57:39.587+0000] {dag.py:3096} INFO - Sync 2 DAGs
[2025-07-22T08:57:39.594+0000] {logging_mixin.py:188} INFO - [2025-07-22T08:57:39.594+0000] {dag.py:3954} INFO - Setting next_dagrun for example_subdag_operator.section-1 to None, run_after=None
[2025-07-22T08:57:39.595+0000] {logging_mixin.py:188} INFO - [2025-07-22T08:57:39.595+0000] {dag.py:3954} INFO - Setting next_dagrun for example_subdag_operator.section-2 to None, run_after=None
[2025-07-22T08:57:39.609+0000] {processor.py:183} INFO - Processing /home/airflow/.local/lib/python3.12/site-packages/airflow/example_dags/example_subdag_operator.py took 0.123 seconds
[2025-07-22T08:58:10.192+0000] {processor.py:161} INFO - Started process (PID=781) to work on /home/airflow/.local/lib/python3.12/site-packages/airflow/example_dags/example_subdag_operator.py
[2025-07-22T08:58:10.194+0000] {processor.py:830} INFO - Processing file /home/airflow/.local/lib/python3.12/site-packages/airflow/example_dags/example_subdag_operator.py for tasks to queue
[2025-07-22T08:58:10.196+0000] {logging_mixin.py:188} INFO - [2025-07-22T08:58:10.196+0000] {dagbag.py:545} INFO - Filling up the DagBag from /home/airflow/.local/lib/python3.12/site-packages/airflow/example_dags/example_subdag_operator.py
[2025-07-22T08:58:10.225+0000] {processor.py:840} INFO - DAG(s) 'example_subdag_operator.section-1', 'example_subdag_operator.section-2', 'example_subdag_operator' retrieved from /home/airflow/.local/lib/python3.12/site-packages/airflow/example_dags/example_subdag_operator.py
[2025-07-22T08:58:10.243+0000] {logging_mixin.py:188} INFO - [2025-07-22T08:58:10.243+0000] {dag.py:3096} INFO - Sync 3 DAGs
[2025-07-22T08:58:10.266+0000] {logging_mixin.py:188} INFO - [2025-07-22T08:58:10.266+0000] {dag.py:3954} INFO - Setting next_dagrun for example_subdag_operator to 2022-01-01 00:00:00+00:00, run_after=2022-01-01 00:00:00+00:00
[2025-07-22T08:58:10.270+0000] {logging_mixin.py:188} INFO - [2025-07-22T08:58:10.270+0000] {dag.py:3954} INFO - Setting next_dagrun for example_subdag_operator.section-1 to None, run_after=None
[2025-07-22T08:58:10.272+0000] {logging_mixin.py:188} INFO - [2025-07-22T08:58:10.272+0000] {dag.py:3954} INFO - Setting next_dagrun for example_subdag_operator.section-2 to None, run_after=None
[2025-07-22T08:58:10.280+0000] {logging_mixin.py:188} INFO - [2025-07-22T08:58:10.279+0000] {dag.py:3096} INFO - Sync 2 DAGs
[2025-07-22T08:58:10.285+0000] {logging_mixin.py:188} INFO - [2025-07-22T08:58:10.285+0000] {dag.py:3954} INFO - Setting next_dagrun for example_subdag_operator.section-1 to None, run_after=None
[2025-07-22T08:58:10.286+0000] {logging_mixin.py:188} INFO - [2025-07-22T08:58:10.286+0000] {dag.py:3954} INFO - Setting next_dagrun for example_subdag_operator.section-2 to None, run_after=None
[2025-07-22T08:58:10.299+0000] {processor.py:183} INFO - Processing /home/airflow/.local/lib/python3.12/site-packages/airflow/example_dags/example_subdag_operator.py took 0.113 seconds
[2025-07-22T08:58:40.792+0000] {processor.py:161} INFO - Started process (PID=841) to work on /home/airflow/.local/lib/python3.12/site-packages/airflow/example_dags/example_subdag_operator.py
[2025-07-22T08:58:40.793+0000] {processor.py:830} INFO - Processing file /home/airflow/.local/lib/python3.12/site-packages/airflow/example_dags/example_subdag_operator.py for tasks to queue
[2025-07-22T08:58:40.795+0000] {logging_mixin.py:188} INFO - [2025-07-22T08:58:40.795+0000] {dagbag.py:545} INFO - Filling up the DagBag from /home/airflow/.local/lib/python3.12/site-packages/airflow/example_dags/example_subdag_operator.py
[2025-07-22T08:58:40.822+0000] {processor.py:840} INFO - DAG(s) 'example_subdag_operator.section-1', 'example_subdag_operator.section-2', 'example_subdag_operator' retrieved from /home/airflow/.local/lib/python3.12/site-packages/airflow/example_dags/example_subdag_operator.py
[2025-07-22T08:58:40.841+0000] {logging_mixin.py:188} INFO - [2025-07-22T08:58:40.840+0000] {dag.py:3096} INFO - Sync 3 DAGs
[2025-07-22T08:58:40.865+0000] {logging_mixin.py:188} INFO - [2025-07-22T08:58:40.865+0000] {dag.py:3954} INFO - Setting next_dagrun for example_subdag_operator to 2022-01-01 00:00:00+00:00, run_after=2022-01-01 00:00:00+00:00
[2025-07-22T08:58:40.870+0000] {logging_mixin.py:188} INFO - [2025-07-22T08:58:40.870+0000] {dag.py:3954} INFO - Setting next_dagrun for example_subdag_operator.section-1 to None, run_after=None
[2025-07-22T08:58:40.872+0000] {logging_mixin.py:188} INFO - [2025-07-22T08:58:40.872+0000] {dag.py:3954} INFO - Setting next_dagrun for example_subdag_operator.section-2 to None, run_after=None
[2025-07-22T08:58:40.881+0000] {logging_mixin.py:188} INFO - [2025-07-22T08:58:40.881+0000] {dag.py:3096} INFO - Sync 2 DAGs
[2025-07-22T08:58:40.892+0000] {logging_mixin.py:188} INFO - [2025-07-22T08:58:40.892+0000] {dag.py:3954} INFO - Setting next_dagrun for example_subdag_operator.section-1 to None, run_after=None
[2025-07-22T08:58:40.894+0000] {logging_mixin.py:188} INFO - [2025-07-22T08:58:40.893+0000] {dag.py:3954} INFO - Setting next_dagrun for example_subdag_operator.section-2 to None, run_after=None
[2025-07-22T08:58:40.914+0000] {processor.py:183} INFO - Processing /home/airflow/.local/lib/python3.12/site-packages/airflow/example_dags/example_subdag_operator.py took 0.130 seconds
[2025-07-22T08:59:11.610+0000] {processor.py:161} INFO - Started process (PID=901) to work on /home/airflow/.local/lib/python3.12/site-packages/airflow/example_dags/example_subdag_operator.py
[2025-07-22T08:59:11.611+0000] {processor.py:830} INFO - Processing file /home/airflow/.local/lib/python3.12/site-packages/airflow/example_dags/example_subdag_operator.py for tasks to queue
[2025-07-22T08:59:11.613+0000] {logging_mixin.py:188} INFO - [2025-07-22T08:59:11.613+0000] {dagbag.py:545} INFO - Filling up the DagBag from /home/airflow/.local/lib/python3.12/site-packages/airflow/example_dags/example_subdag_operator.py
[2025-07-22T08:59:11.639+0000] {processor.py:840} INFO - DAG(s) 'example_subdag_operator.section-1', 'example_subdag_operator.section-2', 'example_subdag_operator' retrieved from /home/airflow/.local/lib/python3.12/site-packages/airflow/example_dags/example_subdag_operator.py
[2025-07-22T08:59:11.657+0000] {logging_mixin.py:188} INFO - [2025-07-22T08:59:11.657+0000] {dag.py:3096} INFO - Sync 3 DAGs
[2025-07-22T08:59:11.679+0000] {logging_mixin.py:188} INFO - [2025-07-22T08:59:11.679+0000] {dag.py:3954} INFO - Setting next_dagrun for example_subdag_operator to 2022-01-01 00:00:00+00:00, run_after=2022-01-01 00:00:00+00:00
[2025-07-22T08:59:11.683+0000] {logging_mixin.py:188} INFO - [2025-07-22T08:59:11.683+0000] {dag.py:3954} INFO - Setting next_dagrun for example_subdag_operator.section-1 to None, run_after=None
[2025-07-22T08:59:11.685+0000] {logging_mixin.py:188} INFO - [2025-07-22T08:59:11.685+0000] {dag.py:3954} INFO - Setting next_dagrun for example_subdag_operator.section-2 to None, run_after=None
[2025-07-22T08:59:11.693+0000] {logging_mixin.py:188} INFO - [2025-07-22T08:59:11.692+0000] {dag.py:3096} INFO - Sync 2 DAGs
[2025-07-22T08:59:11.698+0000] {logging_mixin.py:188} INFO - [2025-07-22T08:59:11.698+0000] {dag.py:3954} INFO - Setting next_dagrun for example_subdag_operator.section-1 to None, run_after=None
[2025-07-22T08:59:11.699+0000] {logging_mixin.py:188} INFO - [2025-07-22T08:59:11.699+0000] {dag.py:3954} INFO - Setting next_dagrun for example_subdag_operator.section-2 to None, run_after=None
[2025-07-22T08:59:11.712+0000] {processor.py:183} INFO - Processing /home/airflow/.local/lib/python3.12/site-packages/airflow/example_dags/example_subdag_operator.py took 0.109 seconds
[2025-07-22T08:59:42.547+0000] {processor.py:161} INFO - Started process (PID=961) to work on /home/airflow/.local/lib/python3.12/site-packages/airflow/example_dags/example_subdag_operator.py
[2025-07-22T08:59:42.548+0000] {processor.py:830} INFO - Processing file /home/airflow/.local/lib/python3.12/site-packages/airflow/example_dags/example_subdag_operator.py for tasks to queue
[2025-07-22T08:59:42.550+0000] {logging_mixin.py:188} INFO - [2025-07-22T08:59:42.550+0000] {dagbag.py:545} INFO - Filling up the DagBag from /home/airflow/.local/lib/python3.12/site-packages/airflow/example_dags/example_subdag_operator.py
[2025-07-22T08:59:42.577+0000] {processor.py:840} INFO - DAG(s) 'example_subdag_operator.section-1', 'example_subdag_operator.section-2', 'example_subdag_operator' retrieved from /home/airflow/.local/lib/python3.12/site-packages/airflow/example_dags/example_subdag_operator.py
[2025-07-22T08:59:42.596+0000] {logging_mixin.py:188} INFO - [2025-07-22T08:59:42.595+0000] {dag.py:3096} INFO - Sync 3 DAGs
[2025-07-22T08:59:42.624+0000] {logging_mixin.py:188} INFO - [2025-07-22T08:59:42.623+0000] {dag.py:3954} INFO - Setting next_dagrun for example_subdag_operator to 2022-01-01 00:00:00+00:00, run_after=2022-01-01 00:00:00+00:00
[2025-07-22T08:59:42.630+0000] {logging_mixin.py:188} INFO - [2025-07-22T08:59:42.630+0000] {dag.py:3954} INFO - Setting next_dagrun for example_subdag_operator.section-1 to None, run_after=None
[2025-07-22T08:59:42.632+0000] {logging_mixin.py:188} INFO - [2025-07-22T08:59:42.632+0000] {dag.py:3954} INFO - Setting next_dagrun for example_subdag_operator.section-2 to None, run_after=None
[2025-07-22T08:59:42.643+0000] {logging_mixin.py:188} INFO - [2025-07-22T08:59:42.643+0000] {dag.py:3096} INFO - Sync 2 DAGs
[2025-07-22T08:59:42.650+0000] {logging_mixin.py:188} INFO - [2025-07-22T08:59:42.650+0000] {dag.py:3954} INFO - Setting next_dagrun for example_subdag_operator.section-1 to None, run_after=None
[2025-07-22T08:59:42.651+0000] {logging_mixin.py:188} INFO - [2025-07-22T08:59:42.651+0000] {dag.py:3954} INFO - Setting next_dagrun for example_subdag_operator.section-2 to None, run_after=None
[2025-07-22T08:59:42.666+0000] {processor.py:183} INFO - Processing /home/airflow/.local/lib/python3.12/site-packages/airflow/example_dags/example_subdag_operator.py took 0.126 seconds
[2025-07-22T09:00:13.109+0000] {processor.py:161} INFO - Started process (PID=1021) to work on /home/airflow/.local/lib/python3.12/site-packages/airflow/example_dags/example_subdag_operator.py
[2025-07-22T09:00:13.110+0000] {processor.py:830} INFO - Processing file /home/airflow/.local/lib/python3.12/site-packages/airflow/example_dags/example_subdag_operator.py for tasks to queue
[2025-07-22T09:00:13.113+0000] {logging_mixin.py:188} INFO - [2025-07-22T09:00:13.113+0000] {dagbag.py:545} INFO - Filling up the DagBag from /home/airflow/.local/lib/python3.12/site-packages/airflow/example_dags/example_subdag_operator.py
[2025-07-22T09:00:13.143+0000] {processor.py:840} INFO - DAG(s) 'example_subdag_operator.section-1', 'example_subdag_operator.section-2', 'example_subdag_operator' retrieved from /home/airflow/.local/lib/python3.12/site-packages/airflow/example_dags/example_subdag_operator.py
[2025-07-22T09:00:13.164+0000] {logging_mixin.py:188} INFO - [2025-07-22T09:00:13.163+0000] {dag.py:3096} INFO - Sync 3 DAGs
[2025-07-22T09:00:13.192+0000] {logging_mixin.py:188} INFO - [2025-07-22T09:00:13.192+0000] {dag.py:3954} INFO - Setting next_dagrun for example_subdag_operator to 2022-01-01 00:00:00+00:00, run_after=2022-01-01 00:00:00+00:00
[2025-07-22T09:00:13.199+0000] {logging_mixin.py:188} INFO - [2025-07-22T09:00:13.199+0000] {dag.py:3954} INFO - Setting next_dagrun for example_subdag_operator.section-1 to None, run_after=None
[2025-07-22T09:00:13.201+0000] {logging_mixin.py:188} INFO - [2025-07-22T09:00:13.201+0000] {dag.py:3954} INFO - Setting next_dagrun for example_subdag_operator.section-2 to None, run_after=None
[2025-07-22T09:00:13.212+0000] {logging_mixin.py:188} INFO - [2025-07-22T09:00:13.212+0000] {dag.py:3096} INFO - Sync 2 DAGs
[2025-07-22T09:00:13.219+0000] {logging_mixin.py:188} INFO - [2025-07-22T09:00:13.218+0000] {dag.py:3954} INFO - Setting next_dagrun for example_subdag_operator.section-1 to None, run_after=None
[2025-07-22T09:00:13.220+0000] {logging_mixin.py:188} INFO - [2025-07-22T09:00:13.219+0000] {dag.py:3954} INFO - Setting next_dagrun for example_subdag_operator.section-2 to None, run_after=None
[2025-07-22T09:00:13.234+0000] {processor.py:183} INFO - Processing /home/airflow/.local/lib/python3.12/site-packages/airflow/example_dags/example_subdag_operator.py took 0.133 seconds
[2025-07-22T09:00:44.102+0000] {processor.py:161} INFO - Started process (PID=1081) to work on /home/airflow/.local/lib/python3.12/site-packages/airflow/example_dags/example_subdag_operator.py
[2025-07-22T09:00:44.103+0000] {processor.py:830} INFO - Processing file /home/airflow/.local/lib/python3.12/site-packages/airflow/example_dags/example_subdag_operator.py for tasks to queue
[2025-07-22T09:00:44.106+0000] {logging_mixin.py:188} INFO - [2025-07-22T09:00:44.105+0000] {dagbag.py:545} INFO - Filling up the DagBag from /home/airflow/.local/lib/python3.12/site-packages/airflow/example_dags/example_subdag_operator.py
[2025-07-22T09:00:44.133+0000] {processor.py:840} INFO - DAG(s) 'example_subdag_operator.section-1', 'example_subdag_operator.section-2', 'example_subdag_operator' retrieved from /home/airflow/.local/lib/python3.12/site-packages/airflow/example_dags/example_subdag_operator.py
[2025-07-22T09:00:44.160+0000] {logging_mixin.py:188} INFO - [2025-07-22T09:00:44.160+0000] {dag.py:3096} INFO - Sync 3 DAGs
[2025-07-22T09:00:44.194+0000] {logging_mixin.py:188} INFO - [2025-07-22T09:00:44.194+0000] {dag.py:3954} INFO - Setting next_dagrun for example_subdag_operator to 2022-01-01 00:00:00+00:00, run_after=2022-01-01 00:00:00+00:00
[2025-07-22T09:00:44.201+0000] {logging_mixin.py:188} INFO - [2025-07-22T09:00:44.200+0000] {dag.py:3954} INFO - Setting next_dagrun for example_subdag_operator.section-1 to None, run_after=None
[2025-07-22T09:00:44.204+0000] {logging_mixin.py:188} INFO - [2025-07-22T09:00:44.203+0000] {dag.py:3954} INFO - Setting next_dagrun for example_subdag_operator.section-2 to None, run_after=None
[2025-07-22T09:00:44.215+0000] {logging_mixin.py:188} INFO - [2025-07-22T09:00:44.214+0000] {dag.py:3096} INFO - Sync 2 DAGs
[2025-07-22T09:00:44.223+0000] {logging_mixin.py:188} INFO - [2025-07-22T09:00:44.223+0000] {dag.py:3954} INFO - Setting next_dagrun for example_subdag_operator.section-1 to None, run_after=None
[2025-07-22T09:00:44.224+0000] {logging_mixin.py:188} INFO - [2025-07-22T09:00:44.224+0000] {dag.py:3954} INFO - Setting next_dagrun for example_subdag_operator.section-2 to None, run_after=None
[2025-07-22T09:00:44.240+0000] {processor.py:183} INFO - Processing /home/airflow/.local/lib/python3.12/site-packages/airflow/example_dags/example_subdag_operator.py took 0.145 seconds
[2025-07-22T09:01:14.983+0000] {processor.py:161} INFO - Started process (PID=1141) to work on /home/airflow/.local/lib/python3.12/site-packages/airflow/example_dags/example_subdag_operator.py
[2025-07-22T09:01:14.984+0000] {processor.py:830} INFO - Processing file /home/airflow/.local/lib/python3.12/site-packages/airflow/example_dags/example_subdag_operator.py for tasks to queue
[2025-07-22T09:01:14.986+0000] {logging_mixin.py:188} INFO - [2025-07-22T09:01:14.986+0000] {dagbag.py:545} INFO - Filling up the DagBag from /home/airflow/.local/lib/python3.12/site-packages/airflow/example_dags/example_subdag_operator.py
[2025-07-22T09:01:15.011+0000] {processor.py:840} INFO - DAG(s) 'example_subdag_operator.section-1', 'example_subdag_operator.section-2', 'example_subdag_operator' retrieved from /home/airflow/.local/lib/python3.12/site-packages/airflow/example_dags/example_subdag_operator.py
[2025-07-22T09:01:15.033+0000] {logging_mixin.py:188} INFO - [2025-07-22T09:01:15.032+0000] {dag.py:3096} INFO - Sync 3 DAGs
[2025-07-22T09:01:15.055+0000] {logging_mixin.py:188} INFO - [2025-07-22T09:01:15.055+0000] {dag.py:3954} INFO - Setting next_dagrun for example_subdag_operator to 2022-01-01 00:00:00+00:00, run_after=2022-01-01 00:00:00+00:00
[2025-07-22T09:01:15.060+0000] {logging_mixin.py:188} INFO - [2025-07-22T09:01:15.060+0000] {dag.py:3954} INFO - Setting next_dagrun for example_subdag_operator.section-1 to None, run_after=None
[2025-07-22T09:01:15.062+0000] {logging_mixin.py:188} INFO - [2025-07-22T09:01:15.061+0000] {dag.py:3954} INFO - Setting next_dagrun for example_subdag_operator.section-2 to None, run_after=None
[2025-07-22T09:01:15.070+0000] {logging_mixin.py:188} INFO - [2025-07-22T09:01:15.069+0000] {dag.py:3096} INFO - Sync 2 DAGs
[2025-07-22T09:01:15.075+0000] {logging_mixin.py:188} INFO - [2025-07-22T09:01:15.075+0000] {dag.py:3954} INFO - Setting next_dagrun for example_subdag_operator.section-1 to None, run_after=None
[2025-07-22T09:01:15.076+0000] {logging_mixin.py:188} INFO - [2025-07-22T09:01:15.076+0000] {dag.py:3954} INFO - Setting next_dagrun for example_subdag_operator.section-2 to None, run_after=None
[2025-07-22T09:01:15.090+0000] {processor.py:183} INFO - Processing /home/airflow/.local/lib/python3.12/site-packages/airflow/example_dags/example_subdag_operator.py took 0.114 seconds
[2025-07-22T09:01:45.208+0000] {processor.py:161} INFO - Started process (PID=1201) to work on /home/airflow/.local/lib/python3.12/site-packages/airflow/example_dags/example_subdag_operator.py
[2025-07-22T09:01:45.210+0000] {processor.py:830} INFO - Processing file /home/airflow/.local/lib/python3.12/site-packages/airflow/example_dags/example_subdag_operator.py for tasks to queue
[2025-07-22T09:01:45.212+0000] {logging_mixin.py:188} INFO - [2025-07-22T09:01:45.211+0000] {dagbag.py:545} INFO - Filling up the DagBag from /home/airflow/.local/lib/python3.12/site-packages/airflow/example_dags/example_subdag_operator.py
[2025-07-22T09:01:45.239+0000] {processor.py:840} INFO - DAG(s) 'example_subdag_operator.section-1', 'example_subdag_operator.section-2', 'example_subdag_operator' retrieved from /home/airflow/.local/lib/python3.12/site-packages/airflow/example_dags/example_subdag_operator.py
[2025-07-22T09:01:45.258+0000] {logging_mixin.py:188} INFO - [2025-07-22T09:01:45.258+0000] {dag.py:3096} INFO - Sync 3 DAGs
[2025-07-22T09:01:45.281+0000] {logging_mixin.py:188} INFO - [2025-07-22T09:01:45.281+0000] {dag.py:3954} INFO - Setting next_dagrun for example_subdag_operator to 2022-01-01 00:00:00+00:00, run_after=2022-01-01 00:00:00+00:00
[2025-07-22T09:01:45.285+0000] {logging_mixin.py:188} INFO - [2025-07-22T09:01:45.285+0000] {dag.py:3954} INFO - Setting next_dagrun for example_subdag_operator.section-1 to None, run_after=None
[2025-07-22T09:01:45.287+0000] {logging_mixin.py:188} INFO - [2025-07-22T09:01:45.287+0000] {dag.py:3954} INFO - Setting next_dagrun for example_subdag_operator.section-2 to None, run_after=None
[2025-07-22T09:01:45.295+0000] {logging_mixin.py:188} INFO - [2025-07-22T09:01:45.295+0000] {dag.py:3096} INFO - Sync 2 DAGs
[2025-07-22T09:01:45.301+0000] {logging_mixin.py:188} INFO - [2025-07-22T09:01:45.301+0000] {dag.py:3954} INFO - Setting next_dagrun for example_subdag_operator.section-1 to None, run_after=None
[2025-07-22T09:01:45.302+0000] {logging_mixin.py:188} INFO - [2025-07-22T09:01:45.302+0000] {dag.py:3954} INFO - Setting next_dagrun for example_subdag_operator.section-2 to None, run_after=None
[2025-07-22T09:01:45.316+0000] {processor.py:183} INFO - Processing /home/airflow/.local/lib/python3.12/site-packages/airflow/example_dags/example_subdag_operator.py took 0.114 seconds
[2025-07-22T09:02:15.366+0000] {processor.py:161} INFO - Started process (PID=1261) to work on /home/airflow/.local/lib/python3.12/site-packages/airflow/example_dags/example_subdag_operator.py
[2025-07-22T09:02:15.368+0000] {processor.py:830} INFO - Processing file /home/airflow/.local/lib/python3.12/site-packages/airflow/example_dags/example_subdag_operator.py for tasks to queue
[2025-07-22T09:02:15.370+0000] {logging_mixin.py:188} INFO - [2025-07-22T09:02:15.370+0000] {dagbag.py:545} INFO - Filling up the DagBag from /home/airflow/.local/lib/python3.12/site-packages/airflow/example_dags/example_subdag_operator.py
[2025-07-22T09:02:15.400+0000] {processor.py:840} INFO - DAG(s) 'example_subdag_operator.section-1', 'example_subdag_operator.section-2', 'example_subdag_operator' retrieved from /home/airflow/.local/lib/python3.12/site-packages/airflow/example_dags/example_subdag_operator.py
[2025-07-22T09:02:15.420+0000] {logging_mixin.py:188} INFO - [2025-07-22T09:02:15.420+0000] {dag.py:3096} INFO - Sync 3 DAGs
[2025-07-22T09:02:15.448+0000] {logging_mixin.py:188} INFO - [2025-07-22T09:02:15.447+0000] {dag.py:3954} INFO - Setting next_dagrun for example_subdag_operator to 2022-01-01 00:00:00+00:00, run_after=2022-01-01 00:00:00+00:00
[2025-07-22T09:02:15.453+0000] {logging_mixin.py:188} INFO - [2025-07-22T09:02:15.453+0000] {dag.py:3954} INFO - Setting next_dagrun for example_subdag_operator.section-1 to None, run_after=None
[2025-07-22T09:02:15.455+0000] {logging_mixin.py:188} INFO - [2025-07-22T09:02:15.454+0000] {dag.py:3954} INFO - Setting next_dagrun for example_subdag_operator.section-2 to None, run_after=None
[2025-07-22T09:02:15.464+0000] {logging_mixin.py:188} INFO - [2025-07-22T09:02:15.464+0000] {dag.py:3096} INFO - Sync 2 DAGs
[2025-07-22T09:02:15.470+0000] {logging_mixin.py:188} INFO - [2025-07-22T09:02:15.470+0000] {dag.py:3954} INFO - Setting next_dagrun for example_subdag_operator.section-1 to None, run_after=None
[2025-07-22T09:02:15.471+0000] {logging_mixin.py:188} INFO - [2025-07-22T09:02:15.471+0000] {dag.py:3954} INFO - Setting next_dagrun for example_subdag_operator.section-2 to None, run_after=None
[2025-07-22T09:02:15.488+0000] {processor.py:183} INFO - Processing /home/airflow/.local/lib/python3.12/site-packages/airflow/example_dags/example_subdag_operator.py took 0.129 seconds
[2025-07-22T09:02:46.205+0000] {processor.py:161} INFO - Started process (PID=1321) to work on /home/airflow/.local/lib/python3.12/site-packages/airflow/example_dags/example_subdag_operator.py
[2025-07-22T09:02:46.207+0000] {processor.py:830} INFO - Processing file /home/airflow/.local/lib/python3.12/site-packages/airflow/example_dags/example_subdag_operator.py for tasks to queue
[2025-07-22T09:02:46.209+0000] {logging_mixin.py:188} INFO - [2025-07-22T09:02:46.208+0000] {dagbag.py:545} INFO - Filling up the DagBag from /home/airflow/.local/lib/python3.12/site-packages/airflow/example_dags/example_subdag_operator.py
[2025-07-22T09:02:46.239+0000] {processor.py:840} INFO - DAG(s) 'example_subdag_operator.section-1', 'example_subdag_operator.section-2', 'example_subdag_operator' retrieved from /home/airflow/.local/lib/python3.12/site-packages/airflow/example_dags/example_subdag_operator.py
[2025-07-22T09:02:46.256+0000] {logging_mixin.py:188} INFO - [2025-07-22T09:02:46.255+0000] {dag.py:3096} INFO - Sync 3 DAGs
[2025-07-22T09:02:46.277+0000] {logging_mixin.py:188} INFO - [2025-07-22T09:02:46.277+0000] {dag.py:3954} INFO - Setting next_dagrun for example_subdag_operator to 2022-01-01 00:00:00+00:00, run_after=2022-01-01 00:00:00+00:00
[2025-07-22T09:02:46.282+0000] {logging_mixin.py:188} INFO - [2025-07-22T09:02:46.282+0000] {dag.py:3954} INFO - Setting next_dagrun for example_subdag_operator.section-1 to None, run_after=None
[2025-07-22T09:02:46.284+0000] {logging_mixin.py:188} INFO - [2025-07-22T09:02:46.284+0000] {dag.py:3954} INFO - Setting next_dagrun for example_subdag_operator.section-2 to None, run_after=None
[2025-07-22T09:02:46.291+0000] {logging_mixin.py:188} INFO - [2025-07-22T09:02:46.291+0000] {dag.py:3096} INFO - Sync 2 DAGs
[2025-07-22T09:02:46.297+0000] {logging_mixin.py:188} INFO - [2025-07-22T09:02:46.297+0000] {dag.py:3954} INFO - Setting next_dagrun for example_subdag_operator.section-1 to None, run_after=None
[2025-07-22T09:02:46.298+0000] {logging_mixin.py:188} INFO - [2025-07-22T09:02:46.298+0000] {dag.py:3954} INFO - Setting next_dagrun for example_subdag_operator.section-2 to None, run_after=None
[2025-07-22T09:02:46.311+0000] {processor.py:183} INFO - Processing /home/airflow/.local/lib/python3.12/site-packages/airflow/example_dags/example_subdag_operator.py took 0.112 seconds
[2025-07-22T09:03:16.590+0000] {processor.py:161} INFO - Started process (PID=1381) to work on /home/airflow/.local/lib/python3.12/site-packages/airflow/example_dags/example_subdag_operator.py
[2025-07-22T09:03:16.591+0000] {processor.py:830} INFO - Processing file /home/airflow/.local/lib/python3.12/site-packages/airflow/example_dags/example_subdag_operator.py for tasks to queue
[2025-07-22T09:03:16.594+0000] {logging_mixin.py:188} INFO - [2025-07-22T09:03:16.593+0000] {dagbag.py:545} INFO - Filling up the DagBag from /home/airflow/.local/lib/python3.12/site-packages/airflow/example_dags/example_subdag_operator.py
[2025-07-22T09:03:16.628+0000] {processor.py:840} INFO - DAG(s) 'example_subdag_operator.section-1', 'example_subdag_operator.section-2', 'example_subdag_operator' retrieved from /home/airflow/.local/lib/python3.12/site-packages/airflow/example_dags/example_subdag_operator.py
[2025-07-22T09:03:16.653+0000] {logging_mixin.py:188} INFO - [2025-07-22T09:03:16.653+0000] {dag.py:3096} INFO - Sync 3 DAGs
[2025-07-22T09:03:16.682+0000] {logging_mixin.py:188} INFO - [2025-07-22T09:03:16.681+0000] {dag.py:3954} INFO - Setting next_dagrun for example_subdag_operator to 2022-01-01 00:00:00+00:00, run_after=2022-01-01 00:00:00+00:00
[2025-07-22T09:03:16.688+0000] {logging_mixin.py:188} INFO - [2025-07-22T09:03:16.687+0000] {dag.py:3954} INFO - Setting next_dagrun for example_subdag_operator.section-1 to None, run_after=None
[2025-07-22T09:03:16.691+0000] {logging_mixin.py:188} INFO - [2025-07-22T09:03:16.691+0000] {dag.py:3954} INFO - Setting next_dagrun for example_subdag_operator.section-2 to None, run_after=None
[2025-07-22T09:03:16.703+0000] {logging_mixin.py:188} INFO - [2025-07-22T09:03:16.703+0000] {dag.py:3096} INFO - Sync 2 DAGs
[2025-07-22T09:03:16.711+0000] {logging_mixin.py:188} INFO - [2025-07-22T09:03:16.710+0000] {dag.py:3954} INFO - Setting next_dagrun for example_subdag_operator.section-1 to None, run_after=None
[2025-07-22T09:03:16.711+0000] {logging_mixin.py:188} INFO - [2025-07-22T09:03:16.711+0000] {dag.py:3954} INFO - Setting next_dagrun for example_subdag_operator.section-2 to None, run_after=None
[2025-07-22T09:03:16.726+0000] {processor.py:183} INFO - Processing /home/airflow/.local/lib/python3.12/site-packages/airflow/example_dags/example_subdag_operator.py took 0.145 seconds
[2025-07-22T09:03:46.931+0000] {processor.py:161} INFO - Started process (PID=1441) to work on /home/airflow/.local/lib/python3.12/site-packages/airflow/example_dags/example_subdag_operator.py
[2025-07-22T09:03:46.932+0000] {processor.py:830} INFO - Processing file /home/airflow/.local/lib/python3.12/site-packages/airflow/example_dags/example_subdag_operator.py for tasks to queue
[2025-07-22T09:03:46.934+0000] {logging_mixin.py:188} INFO - [2025-07-22T09:03:46.934+0000] {dagbag.py:545} INFO - Filling up the DagBag from /home/airflow/.local/lib/python3.12/site-packages/airflow/example_dags/example_subdag_operator.py
[2025-07-22T09:03:46.959+0000] {processor.py:840} INFO - DAG(s) 'example_subdag_operator.section-1', 'example_subdag_operator.section-2', 'example_subdag_operator' retrieved from /home/airflow/.local/lib/python3.12/site-packages/airflow/example_dags/example_subdag_operator.py
[2025-07-22T09:03:46.976+0000] {logging_mixin.py:188} INFO - [2025-07-22T09:03:46.976+0000] {dag.py:3096} INFO - Sync 3 DAGs
[2025-07-22T09:03:46.998+0000] {logging_mixin.py:188} INFO - [2025-07-22T09:03:46.998+0000] {dag.py:3954} INFO - Setting next_dagrun for example_subdag_operator to 2022-01-01 00:00:00+00:00, run_after=2022-01-01 00:00:00+00:00
[2025-07-22T09:03:47.003+0000] {logging_mixin.py:188} INFO - [2025-07-22T09:03:47.002+0000] {dag.py:3954} INFO - Setting next_dagrun for example_subdag_operator.section-1 to None, run_after=None
[2025-07-22T09:03:47.004+0000] {logging_mixin.py:188} INFO - [2025-07-22T09:03:47.004+0000] {dag.py:3954} INFO - Setting next_dagrun for example_subdag_operator.section-2 to None, run_after=None
[2025-07-22T09:03:47.012+0000] {logging_mixin.py:188} INFO - [2025-07-22T09:03:47.011+0000] {dag.py:3096} INFO - Sync 2 DAGs
[2025-07-22T09:03:47.017+0000] {logging_mixin.py:188} INFO - [2025-07-22T09:03:47.017+0000] {dag.py:3954} INFO - Setting next_dagrun for example_subdag_operator.section-1 to None, run_after=None
[2025-07-22T09:03:47.018+0000] {logging_mixin.py:188} INFO - [2025-07-22T09:03:47.018+0000] {dag.py:3954} INFO - Setting next_dagrun for example_subdag_operator.section-2 to None, run_after=None
[2025-07-22T09:03:47.031+0000] {processor.py:183} INFO - Processing /home/airflow/.local/lib/python3.12/site-packages/airflow/example_dags/example_subdag_operator.py took 0.107 seconds
[2025-07-22T09:04:17.369+0000] {processor.py:161} INFO - Started process (PID=1501) to work on /home/airflow/.local/lib/python3.12/site-packages/airflow/example_dags/example_subdag_operator.py
[2025-07-22T09:04:17.370+0000] {processor.py:830} INFO - Processing file /home/airflow/.local/lib/python3.12/site-packages/airflow/example_dags/example_subdag_operator.py for tasks to queue
[2025-07-22T09:04:17.372+0000] {logging_mixin.py:188} INFO - [2025-07-22T09:04:17.372+0000] {dagbag.py:545} INFO - Filling up the DagBag from /home/airflow/.local/lib/python3.12/site-packages/airflow/example_dags/example_subdag_operator.py
[2025-07-22T09:04:17.398+0000] {processor.py:840} INFO - DAG(s) 'example_subdag_operator.section-1', 'example_subdag_operator.section-2', 'example_subdag_operator' retrieved from /home/airflow/.local/lib/python3.12/site-packages/airflow/example_dags/example_subdag_operator.py
[2025-07-22T09:04:17.416+0000] {logging_mixin.py:188} INFO - [2025-07-22T09:04:17.415+0000] {dag.py:3096} INFO - Sync 3 DAGs
[2025-07-22T09:04:17.440+0000] {logging_mixin.py:188} INFO - [2025-07-22T09:04:17.440+0000] {dag.py:3954} INFO - Setting next_dagrun for example_subdag_operator to 2022-01-01 00:00:00+00:00, run_after=2022-01-01 00:00:00+00:00
[2025-07-22T09:04:17.445+0000] {logging_mixin.py:188} INFO - [2025-07-22T09:04:17.445+0000] {dag.py:3954} INFO - Setting next_dagrun for example_subdag_operator.section-1 to None, run_after=None
[2025-07-22T09:04:17.447+0000] {logging_mixin.py:188} INFO - [2025-07-22T09:04:17.446+0000] {dag.py:3954} INFO - Setting next_dagrun for example_subdag_operator.section-2 to None, run_after=None
[2025-07-22T09:04:17.456+0000] {logging_mixin.py:188} INFO - [2025-07-22T09:04:17.455+0000] {dag.py:3096} INFO - Sync 2 DAGs
[2025-07-22T09:04:17.463+0000] {logging_mixin.py:188} INFO - [2025-07-22T09:04:17.463+0000] {dag.py:3954} INFO - Setting next_dagrun for example_subdag_operator.section-1 to None, run_after=None
[2025-07-22T09:04:17.464+0000] {logging_mixin.py:188} INFO - [2025-07-22T09:04:17.464+0000] {dag.py:3954} INFO - Setting next_dagrun for example_subdag_operator.section-2 to None, run_after=None
[2025-07-22T09:04:17.481+0000] {processor.py:183} INFO - Processing /home/airflow/.local/lib/python3.12/site-packages/airflow/example_dags/example_subdag_operator.py took 0.118 seconds
[2025-07-22T09:04:47.983+0000] {processor.py:161} INFO - Started process (PID=1561) to work on /home/airflow/.local/lib/python3.12/site-packages/airflow/example_dags/example_subdag_operator.py
[2025-07-22T09:04:47.985+0000] {processor.py:830} INFO - Processing file /home/airflow/.local/lib/python3.12/site-packages/airflow/example_dags/example_subdag_operator.py for tasks to queue
[2025-07-22T09:04:47.987+0000] {logging_mixin.py:188} INFO - [2025-07-22T09:04:47.986+0000] {dagbag.py:545} INFO - Filling up the DagBag from /home/airflow/.local/lib/python3.12/site-packages/airflow/example_dags/example_subdag_operator.py
[2025-07-22T09:04:48.012+0000] {processor.py:840} INFO - DAG(s) 'example_subdag_operator.section-1', 'example_subdag_operator.section-2', 'example_subdag_operator' retrieved from /home/airflow/.local/lib/python3.12/site-packages/airflow/example_dags/example_subdag_operator.py
[2025-07-22T09:04:48.030+0000] {logging_mixin.py:188} INFO - [2025-07-22T09:04:48.030+0000] {dag.py:3096} INFO - Sync 3 DAGs
[2025-07-22T09:04:48.054+0000] {logging_mixin.py:188} INFO - [2025-07-22T09:04:48.053+0000] {dag.py:3954} INFO - Setting next_dagrun for example_subdag_operator to 2022-01-01 00:00:00+00:00, run_after=2022-01-01 00:00:00+00:00
[2025-07-22T09:04:48.059+0000] {logging_mixin.py:188} INFO - [2025-07-22T09:04:48.059+0000] {dag.py:3954} INFO - Setting next_dagrun for example_subdag_operator.section-1 to None, run_after=None
[2025-07-22T09:04:48.061+0000] {logging_mixin.py:188} INFO - [2025-07-22T09:04:48.060+0000] {dag.py:3954} INFO - Setting next_dagrun for example_subdag_operator.section-2 to None, run_after=None
[2025-07-22T09:04:48.069+0000] {logging_mixin.py:188} INFO - [2025-07-22T09:04:48.068+0000] {dag.py:3096} INFO - Sync 2 DAGs
[2025-07-22T09:04:48.074+0000] {logging_mixin.py:188} INFO - [2025-07-22T09:04:48.074+0000] {dag.py:3954} INFO - Setting next_dagrun for example_subdag_operator.section-1 to None, run_after=None
[2025-07-22T09:04:48.075+0000] {logging_mixin.py:188} INFO - [2025-07-22T09:04:48.075+0000] {dag.py:3954} INFO - Setting next_dagrun for example_subdag_operator.section-2 to None, run_after=None
[2025-07-22T09:04:48.090+0000] {processor.py:183} INFO - Processing /home/airflow/.local/lib/python3.12/site-packages/airflow/example_dags/example_subdag_operator.py took 0.113 seconds
[2025-07-22T09:05:18.801+0000] {processor.py:161} INFO - Started process (PID=1621) to work on /home/airflow/.local/lib/python3.12/site-packages/airflow/example_dags/example_subdag_operator.py
[2025-07-22T09:05:18.802+0000] {processor.py:830} INFO - Processing file /home/airflow/.local/lib/python3.12/site-packages/airflow/example_dags/example_subdag_operator.py for tasks to queue
[2025-07-22T09:05:18.805+0000] {logging_mixin.py:188} INFO - [2025-07-22T09:05:18.805+0000] {dagbag.py:545} INFO - Filling up the DagBag from /home/airflow/.local/lib/python3.12/site-packages/airflow/example_dags/example_subdag_operator.py
[2025-07-22T09:05:18.839+0000] {processor.py:840} INFO - DAG(s) 'example_subdag_operator.section-1', 'example_subdag_operator.section-2', 'example_subdag_operator' retrieved from /home/airflow/.local/lib/python3.12/site-packages/airflow/example_dags/example_subdag_operator.py
[2025-07-22T09:05:18.859+0000] {logging_mixin.py:188} INFO - [2025-07-22T09:05:18.859+0000] {dag.py:3096} INFO - Sync 3 DAGs
[2025-07-22T09:05:18.884+0000] {logging_mixin.py:188} INFO - [2025-07-22T09:05:18.884+0000] {dag.py:3954} INFO - Setting next_dagrun for example_subdag_operator to 2022-01-01 00:00:00+00:00, run_after=2022-01-01 00:00:00+00:00
[2025-07-22T09:05:18.890+0000] {logging_mixin.py:188} INFO - [2025-07-22T09:05:18.890+0000] {dag.py:3954} INFO - Setting next_dagrun for example_subdag_operator.section-1 to None, run_after=None
[2025-07-22T09:05:18.893+0000] {logging_mixin.py:188} INFO - [2025-07-22T09:05:18.893+0000] {dag.py:3954} INFO - Setting next_dagrun for example_subdag_operator.section-2 to None, run_after=None
[2025-07-22T09:05:18.902+0000] {logging_mixin.py:188} INFO - [2025-07-22T09:05:18.901+0000] {dag.py:3096} INFO - Sync 2 DAGs
[2025-07-22T09:05:18.909+0000] {logging_mixin.py:188} INFO - [2025-07-22T09:05:18.909+0000] {dag.py:3954} INFO - Setting next_dagrun for example_subdag_operator.section-1 to None, run_after=None
[2025-07-22T09:05:18.910+0000] {logging_mixin.py:188} INFO - [2025-07-22T09:05:18.910+0000] {dag.py:3954} INFO - Setting next_dagrun for example_subdag_operator.section-2 to None, run_after=None
[2025-07-22T09:05:18.927+0000] {processor.py:183} INFO - Processing /home/airflow/.local/lib/python3.12/site-packages/airflow/example_dags/example_subdag_operator.py took 0.135 seconds
[2025-07-22T09:05:49.254+0000] {processor.py:161} INFO - Started process (PID=1681) to work on /home/airflow/.local/lib/python3.12/site-packages/airflow/example_dags/example_subdag_operator.py
[2025-07-22T09:05:49.255+0000] {processor.py:830} INFO - Processing file /home/airflow/.local/lib/python3.12/site-packages/airflow/example_dags/example_subdag_operator.py for tasks to queue
[2025-07-22T09:05:49.258+0000] {logging_mixin.py:188} INFO - [2025-07-22T09:05:49.257+0000] {dagbag.py:545} INFO - Filling up the DagBag from /home/airflow/.local/lib/python3.12/site-packages/airflow/example_dags/example_subdag_operator.py
[2025-07-22T09:05:49.286+0000] {processor.py:840} INFO - DAG(s) 'example_subdag_operator.section-1', 'example_subdag_operator.section-2', 'example_subdag_operator' retrieved from /home/airflow/.local/lib/python3.12/site-packages/airflow/example_dags/example_subdag_operator.py
[2025-07-22T09:05:49.306+0000] {logging_mixin.py:188} INFO - [2025-07-22T09:05:49.306+0000] {dag.py:3096} INFO - Sync 3 DAGs
[2025-07-22T09:05:49.334+0000] {logging_mixin.py:188} INFO - [2025-07-22T09:05:49.334+0000] {dag.py:3954} INFO - Setting next_dagrun for example_subdag_operator to 2022-01-01 00:00:00+00:00, run_after=2022-01-01 00:00:00+00:00
[2025-07-22T09:05:49.339+0000] {logging_mixin.py:188} INFO - [2025-07-22T09:05:49.339+0000] {dag.py:3954} INFO - Setting next_dagrun for example_subdag_operator.section-1 to None, run_after=None
[2025-07-22T09:05:49.341+0000] {logging_mixin.py:188} INFO - [2025-07-22T09:05:49.341+0000] {dag.py:3954} INFO - Setting next_dagrun for example_subdag_operator.section-2 to None, run_after=None
[2025-07-22T09:05:49.350+0000] {logging_mixin.py:188} INFO - [2025-07-22T09:05:49.350+0000] {dag.py:3096} INFO - Sync 2 DAGs
[2025-07-22T09:05:49.358+0000] {logging_mixin.py:188} INFO - [2025-07-22T09:05:49.357+0000] {dag.py:3954} INFO - Setting next_dagrun for example_subdag_operator.section-1 to None, run_after=None
[2025-07-22T09:05:49.358+0000] {logging_mixin.py:188} INFO - [2025-07-22T09:05:49.358+0000] {dag.py:3954} INFO - Setting next_dagrun for example_subdag_operator.section-2 to None, run_after=None
[2025-07-22T09:05:49.373+0000] {processor.py:183} INFO - Processing /home/airflow/.local/lib/python3.12/site-packages/airflow/example_dags/example_subdag_operator.py took 0.127 seconds
[2025-07-22T09:06:19.556+0000] {processor.py:161} INFO - Started process (PID=1741) to work on /home/airflow/.local/lib/python3.12/site-packages/airflow/example_dags/example_subdag_operator.py
[2025-07-22T09:06:19.557+0000] {processor.py:830} INFO - Processing file /home/airflow/.local/lib/python3.12/site-packages/airflow/example_dags/example_subdag_operator.py for tasks to queue
[2025-07-22T09:06:19.559+0000] {logging_mixin.py:188} INFO - [2025-07-22T09:06:19.559+0000] {dagbag.py:545} INFO - Filling up the DagBag from /home/airflow/.local/lib/python3.12/site-packages/airflow/example_dags/example_subdag_operator.py
[2025-07-22T09:06:19.585+0000] {processor.py:840} INFO - DAG(s) 'example_subdag_operator.section-1', 'example_subdag_operator.section-2', 'example_subdag_operator' retrieved from /home/airflow/.local/lib/python3.12/site-packages/airflow/example_dags/example_subdag_operator.py
[2025-07-22T09:06:19.602+0000] {logging_mixin.py:188} INFO - [2025-07-22T09:06:19.602+0000] {dag.py:3096} INFO - Sync 3 DAGs
[2025-07-22T09:06:19.625+0000] {logging_mixin.py:188} INFO - [2025-07-22T09:06:19.625+0000] {dag.py:3954} INFO - Setting next_dagrun for example_subdag_operator to 2022-01-01 00:00:00+00:00, run_after=2022-01-01 00:00:00+00:00
[2025-07-22T09:06:19.629+0000] {logging_mixin.py:188} INFO - [2025-07-22T09:06:19.629+0000] {dag.py:3954} INFO - Setting next_dagrun for example_subdag_operator.section-1 to None, run_after=None
[2025-07-22T09:06:19.631+0000] {logging_mixin.py:188} INFO - [2025-07-22T09:06:19.631+0000] {dag.py:3954} INFO - Setting next_dagrun for example_subdag_operator.section-2 to None, run_after=None
[2025-07-22T09:06:19.638+0000] {logging_mixin.py:188} INFO - [2025-07-22T09:06:19.638+0000] {dag.py:3096} INFO - Sync 2 DAGs
[2025-07-22T09:06:19.643+0000] {logging_mixin.py:188} INFO - [2025-07-22T09:06:19.643+0000] {dag.py:3954} INFO - Setting next_dagrun for example_subdag_operator.section-1 to None, run_after=None
[2025-07-22T09:06:19.644+0000] {logging_mixin.py:188} INFO - [2025-07-22T09:06:19.644+0000] {dag.py:3954} INFO - Setting next_dagrun for example_subdag_operator.section-2 to None, run_after=None
[2025-07-22T09:06:19.657+0000] {processor.py:183} INFO - Processing /home/airflow/.local/lib/python3.12/site-packages/airflow/example_dags/example_subdag_operator.py took 0.108 seconds
[2025-07-22T09:06:50.546+0000] {processor.py:161} INFO - Started process (PID=1801) to work on /home/airflow/.local/lib/python3.12/site-packages/airflow/example_dags/example_subdag_operator.py
[2025-07-22T09:06:50.548+0000] {processor.py:830} INFO - Processing file /home/airflow/.local/lib/python3.12/site-packages/airflow/example_dags/example_subdag_operator.py for tasks to queue
[2025-07-22T09:06:50.550+0000] {logging_mixin.py:188} INFO - [2025-07-22T09:06:50.550+0000] {dagbag.py:545} INFO - Filling up the DagBag from /home/airflow/.local/lib/python3.12/site-packages/airflow/example_dags/example_subdag_operator.py
[2025-07-22T09:06:50.582+0000] {processor.py:840} INFO - DAG(s) 'example_subdag_operator.section-1', 'example_subdag_operator.section-2', 'example_subdag_operator' retrieved from /home/airflow/.local/lib/python3.12/site-packages/airflow/example_dags/example_subdag_operator.py
[2025-07-22T09:06:50.604+0000] {logging_mixin.py:188} INFO - [2025-07-22T09:06:50.603+0000] {dag.py:3096} INFO - Sync 3 DAGs
[2025-07-22T09:06:50.632+0000] {logging_mixin.py:188} INFO - [2025-07-22T09:06:50.632+0000] {dag.py:3954} INFO - Setting next_dagrun for example_subdag_operator to 2022-01-01 00:00:00+00:00, run_after=2022-01-01 00:00:00+00:00
[2025-07-22T09:06:50.638+0000] {logging_mixin.py:188} INFO - [2025-07-22T09:06:50.638+0000] {dag.py:3954} INFO - Setting next_dagrun for example_subdag_operator.section-1 to None, run_after=None
[2025-07-22T09:06:50.640+0000] {logging_mixin.py:188} INFO - [2025-07-22T09:06:50.640+0000] {dag.py:3954} INFO - Setting next_dagrun for example_subdag_operator.section-2 to None, run_after=None
[2025-07-22T09:06:50.651+0000] {logging_mixin.py:188} INFO - [2025-07-22T09:06:50.650+0000] {dag.py:3096} INFO - Sync 2 DAGs
[2025-07-22T09:06:50.659+0000] {logging_mixin.py:188} INFO - [2025-07-22T09:06:50.658+0000] {dag.py:3954} INFO - Setting next_dagrun for example_subdag_operator.section-1 to None, run_after=None
[2025-07-22T09:06:50.660+0000] {logging_mixin.py:188} INFO - [2025-07-22T09:06:50.659+0000] {dag.py:3954} INFO - Setting next_dagrun for example_subdag_operator.section-2 to None, run_after=None
[2025-07-22T09:06:50.676+0000] {processor.py:183} INFO - Processing /home/airflow/.local/lib/python3.12/site-packages/airflow/example_dags/example_subdag_operator.py took 0.136 seconds
[2025-07-22T09:07:21.016+0000] {processor.py:161} INFO - Started process (PID=1859) to work on /home/airflow/.local/lib/python3.12/site-packages/airflow/example_dags/example_subdag_operator.py
[2025-07-22T09:07:21.018+0000] {processor.py:830} INFO - Processing file /home/airflow/.local/lib/python3.12/site-packages/airflow/example_dags/example_subdag_operator.py for tasks to queue
[2025-07-22T09:07:21.021+0000] {logging_mixin.py:188} INFO - [2025-07-22T09:07:21.020+0000] {dagbag.py:545} INFO - Filling up the DagBag from /home/airflow/.local/lib/python3.12/site-packages/airflow/example_dags/example_subdag_operator.py
[2025-07-22T09:07:21.059+0000] {processor.py:840} INFO - DAG(s) 'example_subdag_operator.section-1', 'example_subdag_operator.section-2', 'example_subdag_operator' retrieved from /home/airflow/.local/lib/python3.12/site-packages/airflow/example_dags/example_subdag_operator.py
[2025-07-22T09:07:21.089+0000] {logging_mixin.py:188} INFO - [2025-07-22T09:07:21.089+0000] {dag.py:3096} INFO - Sync 3 DAGs
[2025-07-22T09:07:21.125+0000] {logging_mixin.py:188} INFO - [2025-07-22T09:07:21.125+0000] {dag.py:3954} INFO - Setting next_dagrun for example_subdag_operator to 2022-01-01 00:00:00+00:00, run_after=2022-01-01 00:00:00+00:00
[2025-07-22T09:07:21.133+0000] {logging_mixin.py:188} INFO - [2025-07-22T09:07:21.133+0000] {dag.py:3954} INFO - Setting next_dagrun for example_subdag_operator.section-1 to None, run_after=None
[2025-07-22T09:07:21.136+0000] {logging_mixin.py:188} INFO - [2025-07-22T09:07:21.135+0000] {dag.py:3954} INFO - Setting next_dagrun for example_subdag_operator.section-2 to None, run_after=None
[2025-07-22T09:07:21.147+0000] {logging_mixin.py:188} INFO - [2025-07-22T09:07:21.147+0000] {dag.py:3096} INFO - Sync 2 DAGs
[2025-07-22T09:07:21.156+0000] {logging_mixin.py:188} INFO - [2025-07-22T09:07:21.155+0000] {dag.py:3954} INFO - Setting next_dagrun for example_subdag_operator.section-1 to None, run_after=None
[2025-07-22T09:07:21.157+0000] {logging_mixin.py:188} INFO - [2025-07-22T09:07:21.156+0000] {dag.py:3954} INFO - Setting next_dagrun for example_subdag_operator.section-2 to None, run_after=None
[2025-07-22T09:07:21.180+0000] {processor.py:183} INFO - Processing /home/airflow/.local/lib/python3.12/site-packages/airflow/example_dags/example_subdag_operator.py took 0.175 seconds
[2025-07-22T09:07:51.440+0000] {processor.py:161} INFO - Started process (PID=1919) to work on /home/airflow/.local/lib/python3.12/site-packages/airflow/example_dags/example_subdag_operator.py
[2025-07-22T09:07:51.441+0000] {processor.py:830} INFO - Processing file /home/airflow/.local/lib/python3.12/site-packages/airflow/example_dags/example_subdag_operator.py for tasks to queue
[2025-07-22T09:07:51.443+0000] {logging_mixin.py:188} INFO - [2025-07-22T09:07:51.443+0000] {dagbag.py:545} INFO - Filling up the DagBag from /home/airflow/.local/lib/python3.12/site-packages/airflow/example_dags/example_subdag_operator.py
[2025-07-22T09:07:51.470+0000] {processor.py:840} INFO - DAG(s) 'example_subdag_operator.section-1', 'example_subdag_operator.section-2', 'example_subdag_operator' retrieved from /home/airflow/.local/lib/python3.12/site-packages/airflow/example_dags/example_subdag_operator.py
[2025-07-22T09:07:51.491+0000] {logging_mixin.py:188} INFO - [2025-07-22T09:07:51.491+0000] {dag.py:3096} INFO - Sync 3 DAGs
[2025-07-22T09:07:51.516+0000] {logging_mixin.py:188} INFO - [2025-07-22T09:07:51.516+0000] {dag.py:3954} INFO - Setting next_dagrun for example_subdag_operator to 2022-01-01 00:00:00+00:00, run_after=2022-01-01 00:00:00+00:00
[2025-07-22T09:07:51.521+0000] {logging_mixin.py:188} INFO - [2025-07-22T09:07:51.521+0000] {dag.py:3954} INFO - Setting next_dagrun for example_subdag_operator.section-1 to None, run_after=None
[2025-07-22T09:07:51.524+0000] {logging_mixin.py:188} INFO - [2025-07-22T09:07:51.523+0000] {dag.py:3954} INFO - Setting next_dagrun for example_subdag_operator.section-2 to None, run_after=None
[2025-07-22T09:07:51.532+0000] {logging_mixin.py:188} INFO - [2025-07-22T09:07:51.532+0000] {dag.py:3096} INFO - Sync 2 DAGs
[2025-07-22T09:07:51.540+0000] {logging_mixin.py:188} INFO - [2025-07-22T09:07:51.540+0000] {dag.py:3954} INFO - Setting next_dagrun for example_subdag_operator.section-1 to None, run_after=None
[2025-07-22T09:07:51.541+0000] {logging_mixin.py:188} INFO - [2025-07-22T09:07:51.541+0000] {dag.py:3954} INFO - Setting next_dagrun for example_subdag_operator.section-2 to None, run_after=None
[2025-07-22T09:07:51.557+0000] {processor.py:183} INFO - Processing /home/airflow/.local/lib/python3.12/site-packages/airflow/example_dags/example_subdag_operator.py took 0.125 seconds
[2025-07-22T09:08:21.877+0000] {processor.py:161} INFO - Started process (PID=1979) to work on /home/airflow/.local/lib/python3.12/site-packages/airflow/example_dags/example_subdag_operator.py
[2025-07-22T09:08:21.878+0000] {processor.py:830} INFO - Processing file /home/airflow/.local/lib/python3.12/site-packages/airflow/example_dags/example_subdag_operator.py for tasks to queue
[2025-07-22T09:08:21.881+0000] {logging_mixin.py:188} INFO - [2025-07-22T09:08:21.881+0000] {dagbag.py:545} INFO - Filling up the DagBag from /home/airflow/.local/lib/python3.12/site-packages/airflow/example_dags/example_subdag_operator.py
[2025-07-22T09:08:21.912+0000] {processor.py:840} INFO - DAG(s) 'example_subdag_operator.section-1', 'example_subdag_operator.section-2', 'example_subdag_operator' retrieved from /home/airflow/.local/lib/python3.12/site-packages/airflow/example_dags/example_subdag_operator.py
[2025-07-22T09:08:21.933+0000] {logging_mixin.py:188} INFO - [2025-07-22T09:08:21.933+0000] {dag.py:3096} INFO - Sync 3 DAGs
[2025-07-22T09:08:21.960+0000] {logging_mixin.py:188} INFO - [2025-07-22T09:08:21.960+0000] {dag.py:3954} INFO - Setting next_dagrun for example_subdag_operator to 2022-01-01 00:00:00+00:00, run_after=2022-01-01 00:00:00+00:00
[2025-07-22T09:08:21.966+0000] {logging_mixin.py:188} INFO - [2025-07-22T09:08:21.965+0000] {dag.py:3954} INFO - Setting next_dagrun for example_subdag_operator.section-1 to None, run_after=None
[2025-07-22T09:08:21.968+0000] {logging_mixin.py:188} INFO - [2025-07-22T09:08:21.967+0000] {dag.py:3954} INFO - Setting next_dagrun for example_subdag_operator.section-2 to None, run_after=None
[2025-07-22T09:08:21.977+0000] {logging_mixin.py:188} INFO - [2025-07-22T09:08:21.976+0000] {dag.py:3096} INFO - Sync 2 DAGs
[2025-07-22T09:08:21.984+0000] {logging_mixin.py:188} INFO - [2025-07-22T09:08:21.983+0000] {dag.py:3954} INFO - Setting next_dagrun for example_subdag_operator.section-1 to None, run_after=None
[2025-07-22T09:08:21.984+0000] {logging_mixin.py:188} INFO - [2025-07-22T09:08:21.984+0000] {dag.py:3954} INFO - Setting next_dagrun for example_subdag_operator.section-2 to None, run_after=None
[2025-07-22T09:08:22.000+0000] {processor.py:183} INFO - Processing /home/airflow/.local/lib/python3.12/site-packages/airflow/example_dags/example_subdag_operator.py took 0.131 seconds
[2025-07-22T09:08:52.130+0000] {processor.py:161} INFO - Started process (PID=2039) to work on /home/airflow/.local/lib/python3.12/site-packages/airflow/example_dags/example_subdag_operator.py
[2025-07-22T09:08:52.131+0000] {processor.py:830} INFO - Processing file /home/airflow/.local/lib/python3.12/site-packages/airflow/example_dags/example_subdag_operator.py for tasks to queue
[2025-07-22T09:08:52.134+0000] {logging_mixin.py:188} INFO - [2025-07-22T09:08:52.134+0000] {dagbag.py:545} INFO - Filling up the DagBag from /home/airflow/.local/lib/python3.12/site-packages/airflow/example_dags/example_subdag_operator.py
[2025-07-22T09:08:52.165+0000] {processor.py:840} INFO - DAG(s) 'example_subdag_operator.section-1', 'example_subdag_operator.section-2', 'example_subdag_operator' retrieved from /home/airflow/.local/lib/python3.12/site-packages/airflow/example_dags/example_subdag_operator.py
[2025-07-22T09:08:52.194+0000] {logging_mixin.py:188} INFO - [2025-07-22T09:08:52.194+0000] {dag.py:3096} INFO - Sync 3 DAGs
[2025-07-22T09:08:52.225+0000] {logging_mixin.py:188} INFO - [2025-07-22T09:08:52.225+0000] {dag.py:3954} INFO - Setting next_dagrun for example_subdag_operator to 2022-01-01 00:00:00+00:00, run_after=2022-01-01 00:00:00+00:00
[2025-07-22T09:08:52.231+0000] {logging_mixin.py:188} INFO - [2025-07-22T09:08:52.231+0000] {dag.py:3954} INFO - Setting next_dagrun for example_subdag_operator.section-1 to None, run_after=None
[2025-07-22T09:08:52.234+0000] {logging_mixin.py:188} INFO - [2025-07-22T09:08:52.234+0000] {dag.py:3954} INFO - Setting next_dagrun for example_subdag_operator.section-2 to None, run_after=None
[2025-07-22T09:08:52.244+0000] {logging_mixin.py:188} INFO - [2025-07-22T09:08:52.244+0000] {dag.py:3096} INFO - Sync 2 DAGs
[2025-07-22T09:08:52.252+0000] {logging_mixin.py:188} INFO - [2025-07-22T09:08:52.252+0000] {dag.py:3954} INFO - Setting next_dagrun for example_subdag_operator.section-1 to None, run_after=None
[2025-07-22T09:08:52.253+0000] {logging_mixin.py:188} INFO - [2025-07-22T09:08:52.253+0000] {dag.py:3954} INFO - Setting next_dagrun for example_subdag_operator.section-2 to None, run_after=None
[2025-07-22T09:08:52.273+0000] {processor.py:183} INFO - Processing /home/airflow/.local/lib/python3.12/site-packages/airflow/example_dags/example_subdag_operator.py took 0.150 seconds
[2025-07-22T09:09:22.836+0000] {processor.py:161} INFO - Started process (PID=2099) to work on /home/airflow/.local/lib/python3.12/site-packages/airflow/example_dags/example_subdag_operator.py
[2025-07-22T09:09:22.838+0000] {processor.py:830} INFO - Processing file /home/airflow/.local/lib/python3.12/site-packages/airflow/example_dags/example_subdag_operator.py for tasks to queue
[2025-07-22T09:09:22.840+0000] {logging_mixin.py:188} INFO - [2025-07-22T09:09:22.840+0000] {dagbag.py:545} INFO - Filling up the DagBag from /home/airflow/.local/lib/python3.12/site-packages/airflow/example_dags/example_subdag_operator.py
[2025-07-22T09:09:22.866+0000] {processor.py:840} INFO - DAG(s) 'example_subdag_operator.section-1', 'example_subdag_operator.section-2', 'example_subdag_operator' retrieved from /home/airflow/.local/lib/python3.12/site-packages/airflow/example_dags/example_subdag_operator.py
[2025-07-22T09:09:22.884+0000] {logging_mixin.py:188} INFO - [2025-07-22T09:09:22.883+0000] {dag.py:3096} INFO - Sync 3 DAGs
[2025-07-22T09:09:22.906+0000] {logging_mixin.py:188} INFO - [2025-07-22T09:09:22.906+0000] {dag.py:3954} INFO - Setting next_dagrun for example_subdag_operator to 2022-01-01 00:00:00+00:00, run_after=2022-01-01 00:00:00+00:00
[2025-07-22T09:09:22.911+0000] {logging_mixin.py:188} INFO - [2025-07-22T09:09:22.911+0000] {dag.py:3954} INFO - Setting next_dagrun for example_subdag_operator.section-1 to None, run_after=None
[2025-07-22T09:09:22.914+0000] {logging_mixin.py:188} INFO - [2025-07-22T09:09:22.913+0000] {dag.py:3954} INFO - Setting next_dagrun for example_subdag_operator.section-2 to None, run_after=None
[2025-07-22T09:09:22.922+0000] {logging_mixin.py:188} INFO - [2025-07-22T09:09:22.921+0000] {dag.py:3096} INFO - Sync 2 DAGs
[2025-07-22T09:09:23.070+0000] {logging_mixin.py:188} INFO - [2025-07-22T09:09:23.070+0000] {dag.py:3954} INFO - Setting next_dagrun for example_subdag_operator.section-1 to None, run_after=None
[2025-07-22T09:09:23.071+0000] {logging_mixin.py:188} INFO - [2025-07-22T09:09:23.071+0000] {dag.py:3954} INFO - Setting next_dagrun for example_subdag_operator.section-2 to None, run_after=None
[2025-07-22T09:09:23.088+0000] {processor.py:183} INFO - Processing /home/airflow/.local/lib/python3.12/site-packages/airflow/example_dags/example_subdag_operator.py took 0.257 seconds
[2025-07-22T09:09:53.736+0000] {processor.py:161} INFO - Started process (PID=2159) to work on /home/airflow/.local/lib/python3.12/site-packages/airflow/example_dags/example_subdag_operator.py
[2025-07-22T09:09:53.737+0000] {processor.py:830} INFO - Processing file /home/airflow/.local/lib/python3.12/site-packages/airflow/example_dags/example_subdag_operator.py for tasks to queue
[2025-07-22T09:09:53.739+0000] {logging_mixin.py:188} INFO - [2025-07-22T09:09:53.739+0000] {dagbag.py:545} INFO - Filling up the DagBag from /home/airflow/.local/lib/python3.12/site-packages/airflow/example_dags/example_subdag_operator.py
[2025-07-22T09:09:53.764+0000] {processor.py:840} INFO - DAG(s) 'example_subdag_operator.section-1', 'example_subdag_operator.section-2', 'example_subdag_operator' retrieved from /home/airflow/.local/lib/python3.12/site-packages/airflow/example_dags/example_subdag_operator.py
[2025-07-22T09:09:53.781+0000] {logging_mixin.py:188} INFO - [2025-07-22T09:09:53.781+0000] {dag.py:3096} INFO - Sync 3 DAGs
[2025-07-22T09:09:53.803+0000] {logging_mixin.py:188} INFO - [2025-07-22T09:09:53.802+0000] {dag.py:3954} INFO - Setting next_dagrun for example_subdag_operator to 2022-01-01 00:00:00+00:00, run_after=2022-01-01 00:00:00+00:00
[2025-07-22T09:09:53.807+0000] {logging_mixin.py:188} INFO - [2025-07-22T09:09:53.807+0000] {dag.py:3954} INFO - Setting next_dagrun for example_subdag_operator.section-1 to None, run_after=None
[2025-07-22T09:09:53.809+0000] {logging_mixin.py:188} INFO - [2025-07-22T09:09:53.809+0000] {dag.py:3954} INFO - Setting next_dagrun for example_subdag_operator.section-2 to None, run_after=None
[2025-07-22T09:09:53.816+0000] {logging_mixin.py:188} INFO - [2025-07-22T09:09:53.816+0000] {dag.py:3096} INFO - Sync 2 DAGs
[2025-07-22T09:09:53.822+0000] {logging_mixin.py:188} INFO - [2025-07-22T09:09:53.822+0000] {dag.py:3954} INFO - Setting next_dagrun for example_subdag_operator.section-1 to None, run_after=None
[2025-07-22T09:09:53.823+0000] {logging_mixin.py:188} INFO - [2025-07-22T09:09:53.823+0000] {dag.py:3954} INFO - Setting next_dagrun for example_subdag_operator.section-2 to None, run_after=None
[2025-07-22T09:09:53.837+0000] {processor.py:183} INFO - Processing /home/airflow/.local/lib/python3.12/site-packages/airflow/example_dags/example_subdag_operator.py took 0.108 seconds
[2025-07-22T09:10:24.226+0000] {processor.py:161} INFO - Started process (PID=2219) to work on /home/airflow/.local/lib/python3.12/site-packages/airflow/example_dags/example_subdag_operator.py
[2025-07-22T09:10:24.228+0000] {processor.py:830} INFO - Processing file /home/airflow/.local/lib/python3.12/site-packages/airflow/example_dags/example_subdag_operator.py for tasks to queue
[2025-07-22T09:10:24.230+0000] {logging_mixin.py:188} INFO - [2025-07-22T09:10:24.230+0000] {dagbag.py:545} INFO - Filling up the DagBag from /home/airflow/.local/lib/python3.12/site-packages/airflow/example_dags/example_subdag_operator.py
[2025-07-22T09:10:24.472+0000] {processor.py:840} INFO - DAG(s) 'example_subdag_operator.section-1', 'example_subdag_operator.section-2', 'example_subdag_operator' retrieved from /home/airflow/.local/lib/python3.12/site-packages/airflow/example_dags/example_subdag_operator.py
[2025-07-22T09:10:24.491+0000] {logging_mixin.py:188} INFO - [2025-07-22T09:10:24.490+0000] {dag.py:3096} INFO - Sync 3 DAGs
[2025-07-22T09:10:24.521+0000] {logging_mixin.py:188} INFO - [2025-07-22T09:10:24.521+0000] {dag.py:3954} INFO - Setting next_dagrun for example_subdag_operator to 2022-01-01 00:00:00+00:00, run_after=2022-01-01 00:00:00+00:00
[2025-07-22T09:10:24.527+0000] {logging_mixin.py:188} INFO - [2025-07-22T09:10:24.527+0000] {dag.py:3954} INFO - Setting next_dagrun for example_subdag_operator.section-1 to None, run_after=None
[2025-07-22T09:10:24.529+0000] {logging_mixin.py:188} INFO - [2025-07-22T09:10:24.529+0000] {dag.py:3954} INFO - Setting next_dagrun for example_subdag_operator.section-2 to None, run_after=None
[2025-07-22T09:10:24.541+0000] {logging_mixin.py:188} INFO - [2025-07-22T09:10:24.541+0000] {dag.py:3096} INFO - Sync 2 DAGs
[2025-07-22T09:10:24.549+0000] {logging_mixin.py:188} INFO - [2025-07-22T09:10:24.549+0000] {dag.py:3954} INFO - Setting next_dagrun for example_subdag_operator.section-1 to None, run_after=None
[2025-07-22T09:10:24.550+0000] {logging_mixin.py:188} INFO - [2025-07-22T09:10:24.549+0000] {dag.py:3954} INFO - Setting next_dagrun for example_subdag_operator.section-2 to None, run_after=None
[2025-07-22T09:10:24.564+0000] {processor.py:183} INFO - Processing /home/airflow/.local/lib/python3.12/site-packages/airflow/example_dags/example_subdag_operator.py took 0.346 seconds
[2025-07-22T09:10:54.868+0000] {processor.py:161} INFO - Started process (PID=2279) to work on /home/airflow/.local/lib/python3.12/site-packages/airflow/example_dags/example_subdag_operator.py
[2025-07-22T09:10:54.869+0000] {processor.py:830} INFO - Processing file /home/airflow/.local/lib/python3.12/site-packages/airflow/example_dags/example_subdag_operator.py for tasks to queue
[2025-07-22T09:10:54.872+0000] {logging_mixin.py:188} INFO - [2025-07-22T09:10:54.872+0000] {dagbag.py:545} INFO - Filling up the DagBag from /home/airflow/.local/lib/python3.12/site-packages/airflow/example_dags/example_subdag_operator.py
[2025-07-22T09:10:54.899+0000] {processor.py:840} INFO - DAG(s) 'example_subdag_operator.section-1', 'example_subdag_operator.section-2', 'example_subdag_operator' retrieved from /home/airflow/.local/lib/python3.12/site-packages/airflow/example_dags/example_subdag_operator.py
[2025-07-22T09:10:54.918+0000] {logging_mixin.py:188} INFO - [2025-07-22T09:10:54.918+0000] {dag.py:3096} INFO - Sync 3 DAGs
[2025-07-22T09:10:54.943+0000] {logging_mixin.py:188} INFO - [2025-07-22T09:10:54.943+0000] {dag.py:3954} INFO - Setting next_dagrun for example_subdag_operator to 2022-01-01 00:00:00+00:00, run_after=2022-01-01 00:00:00+00:00
[2025-07-22T09:10:54.948+0000] {logging_mixin.py:188} INFO - [2025-07-22T09:10:54.947+0000] {dag.py:3954} INFO - Setting next_dagrun for example_subdag_operator.section-1 to None, run_after=None
[2025-07-22T09:10:54.950+0000] {logging_mixin.py:188} INFO - [2025-07-22T09:10:54.950+0000] {dag.py:3954} INFO - Setting next_dagrun for example_subdag_operator.section-2 to None, run_after=None
[2025-07-22T09:10:54.958+0000] {logging_mixin.py:188} INFO - [2025-07-22T09:10:54.958+0000] {dag.py:3096} INFO - Sync 2 DAGs
[2025-07-22T09:10:54.964+0000] {logging_mixin.py:188} INFO - [2025-07-22T09:10:54.964+0000] {dag.py:3954} INFO - Setting next_dagrun for example_subdag_operator.section-1 to None, run_after=None
[2025-07-22T09:10:54.967+0000] {logging_mixin.py:188} INFO - [2025-07-22T09:10:54.966+0000] {dag.py:3954} INFO - Setting next_dagrun for example_subdag_operator.section-2 to None, run_after=None
[2025-07-22T09:10:54.982+0000] {processor.py:183} INFO - Processing /home/airflow/.local/lib/python3.12/site-packages/airflow/example_dags/example_subdag_operator.py took 0.122 seconds
[2025-07-22T09:11:25.162+0000] {processor.py:161} INFO - Started process (PID=2339) to work on /home/airflow/.local/lib/python3.12/site-packages/airflow/example_dags/example_subdag_operator.py
[2025-07-22T09:11:25.163+0000] {processor.py:830} INFO - Processing file /home/airflow/.local/lib/python3.12/site-packages/airflow/example_dags/example_subdag_operator.py for tasks to queue
[2025-07-22T09:11:25.167+0000] {logging_mixin.py:188} INFO - [2025-07-22T09:11:25.166+0000] {dagbag.py:545} INFO - Filling up the DagBag from /home/airflow/.local/lib/python3.12/site-packages/airflow/example_dags/example_subdag_operator.py
[2025-07-22T09:11:25.204+0000] {processor.py:840} INFO - DAG(s) 'example_subdag_operator.section-1', 'example_subdag_operator.section-2', 'example_subdag_operator' retrieved from /home/airflow/.local/lib/python3.12/site-packages/airflow/example_dags/example_subdag_operator.py
[2025-07-22T09:11:25.226+0000] {logging_mixin.py:188} INFO - [2025-07-22T09:11:25.225+0000] {dag.py:3096} INFO - Sync 3 DAGs
[2025-07-22T09:11:25.255+0000] {logging_mixin.py:188} INFO - [2025-07-22T09:11:25.255+0000] {dag.py:3954} INFO - Setting next_dagrun for example_subdag_operator to 2022-01-01 00:00:00+00:00, run_after=2022-01-01 00:00:00+00:00
[2025-07-22T09:11:25.261+0000] {logging_mixin.py:188} INFO - [2025-07-22T09:11:25.261+0000] {dag.py:3954} INFO - Setting next_dagrun for example_subdag_operator.section-1 to None, run_after=None
[2025-07-22T09:11:25.263+0000] {logging_mixin.py:188} INFO - [2025-07-22T09:11:25.263+0000] {dag.py:3954} INFO - Setting next_dagrun for example_subdag_operator.section-2 to None, run_after=None
[2025-07-22T09:11:25.272+0000] {logging_mixin.py:188} INFO - [2025-07-22T09:11:25.271+0000] {dag.py:3096} INFO - Sync 2 DAGs
[2025-07-22T09:11:25.278+0000] {logging_mixin.py:188} INFO - [2025-07-22T09:11:25.278+0000] {dag.py:3954} INFO - Setting next_dagrun for example_subdag_operator.section-1 to None, run_after=None
[2025-07-22T09:11:25.279+0000] {logging_mixin.py:188} INFO - [2025-07-22T09:11:25.279+0000] {dag.py:3954} INFO - Setting next_dagrun for example_subdag_operator.section-2 to None, run_after=None
[2025-07-22T09:11:25.292+0000] {processor.py:183} INFO - Processing /home/airflow/.local/lib/python3.12/site-packages/airflow/example_dags/example_subdag_operator.py took 0.139 seconds
[2025-07-22T09:11:55.408+0000] {processor.py:161} INFO - Started process (PID=2399) to work on /home/airflow/.local/lib/python3.12/site-packages/airflow/example_dags/example_subdag_operator.py
[2025-07-22T09:11:55.409+0000] {processor.py:830} INFO - Processing file /home/airflow/.local/lib/python3.12/site-packages/airflow/example_dags/example_subdag_operator.py for tasks to queue
[2025-07-22T09:11:55.411+0000] {logging_mixin.py:188} INFO - [2025-07-22T09:11:55.411+0000] {dagbag.py:545} INFO - Filling up the DagBag from /home/airflow/.local/lib/python3.12/site-packages/airflow/example_dags/example_subdag_operator.py
[2025-07-22T09:11:55.439+0000] {processor.py:840} INFO - DAG(s) 'example_subdag_operator.section-1', 'example_subdag_operator.section-2', 'example_subdag_operator' retrieved from /home/airflow/.local/lib/python3.12/site-packages/airflow/example_dags/example_subdag_operator.py
[2025-07-22T09:11:55.457+0000] {logging_mixin.py:188} INFO - [2025-07-22T09:11:55.457+0000] {dag.py:3096} INFO - Sync 3 DAGs
[2025-07-22T09:11:55.480+0000] {logging_mixin.py:188} INFO - [2025-07-22T09:11:55.480+0000] {dag.py:3954} INFO - Setting next_dagrun for example_subdag_operator to 2022-01-01 00:00:00+00:00, run_after=2022-01-01 00:00:00+00:00
[2025-07-22T09:11:55.484+0000] {logging_mixin.py:188} INFO - [2025-07-22T09:11:55.484+0000] {dag.py:3954} INFO - Setting next_dagrun for example_subdag_operator.section-1 to None, run_after=None
[2025-07-22T09:11:55.487+0000] {logging_mixin.py:188} INFO - [2025-07-22T09:11:55.487+0000] {dag.py:3954} INFO - Setting next_dagrun for example_subdag_operator.section-2 to None, run_after=None
[2025-07-22T09:11:55.494+0000] {logging_mixin.py:188} INFO - [2025-07-22T09:11:55.494+0000] {dag.py:3096} INFO - Sync 2 DAGs
[2025-07-22T09:11:55.500+0000] {logging_mixin.py:188} INFO - [2025-07-22T09:11:55.499+0000] {dag.py:3954} INFO - Setting next_dagrun for example_subdag_operator.section-1 to None, run_after=None
[2025-07-22T09:11:55.500+0000] {logging_mixin.py:188} INFO - [2025-07-22T09:11:55.500+0000] {dag.py:3954} INFO - Setting next_dagrun for example_subdag_operator.section-2 to None, run_after=None
[2025-07-22T09:11:55.513+0000] {processor.py:183} INFO - Processing /home/airflow/.local/lib/python3.12/site-packages/airflow/example_dags/example_subdag_operator.py took 0.112 seconds
[2025-07-22T09:12:25.824+0000] {processor.py:161} INFO - Started process (PID=2459) to work on /home/airflow/.local/lib/python3.12/site-packages/airflow/example_dags/example_subdag_operator.py
[2025-07-22T09:12:25.825+0000] {processor.py:830} INFO - Processing file /home/airflow/.local/lib/python3.12/site-packages/airflow/example_dags/example_subdag_operator.py for tasks to queue
[2025-07-22T09:12:25.827+0000] {logging_mixin.py:188} INFO - [2025-07-22T09:12:25.827+0000] {dagbag.py:545} INFO - Filling up the DagBag from /home/airflow/.local/lib/python3.12/site-packages/airflow/example_dags/example_subdag_operator.py
[2025-07-22T09:12:25.853+0000] {processor.py:840} INFO - DAG(s) 'example_subdag_operator.section-1', 'example_subdag_operator.section-2', 'example_subdag_operator' retrieved from /home/airflow/.local/lib/python3.12/site-packages/airflow/example_dags/example_subdag_operator.py
[2025-07-22T09:12:25.872+0000] {logging_mixin.py:188} INFO - [2025-07-22T09:12:25.872+0000] {dag.py:3096} INFO - Sync 3 DAGs
[2025-07-22T09:12:25.895+0000] {logging_mixin.py:188} INFO - [2025-07-22T09:12:25.895+0000] {dag.py:3954} INFO - Setting next_dagrun for example_subdag_operator to 2022-01-01 00:00:00+00:00, run_after=2022-01-01 00:00:00+00:00
[2025-07-22T09:12:25.903+0000] {logging_mixin.py:188} INFO - [2025-07-22T09:12:25.903+0000] {dag.py:3954} INFO - Setting next_dagrun for example_subdag_operator.section-1 to None, run_after=None
[2025-07-22T09:12:25.906+0000] {logging_mixin.py:188} INFO - [2025-07-22T09:12:25.906+0000] {dag.py:3954} INFO - Setting next_dagrun for example_subdag_operator.section-2 to None, run_after=None
[2025-07-22T09:12:25.917+0000] {logging_mixin.py:188} INFO - [2025-07-22T09:12:25.917+0000] {dag.py:3096} INFO - Sync 2 DAGs
[2025-07-22T09:12:25.924+0000] {logging_mixin.py:188} INFO - [2025-07-22T09:12:25.924+0000] {dag.py:3954} INFO - Setting next_dagrun for example_subdag_operator.section-1 to None, run_after=None
[2025-07-22T09:12:25.925+0000] {logging_mixin.py:188} INFO - [2025-07-22T09:12:25.925+0000] {dag.py:3954} INFO - Setting next_dagrun for example_subdag_operator.section-2 to None, run_after=None
[2025-07-22T09:12:25.939+0000] {processor.py:183} INFO - Processing /home/airflow/.local/lib/python3.12/site-packages/airflow/example_dags/example_subdag_operator.py took 0.122 seconds
[2025-07-22T09:12:56.135+0000] {processor.py:161} INFO - Started process (PID=2519) to work on /home/airflow/.local/lib/python3.12/site-packages/airflow/example_dags/example_subdag_operator.py
[2025-07-22T09:12:56.137+0000] {processor.py:830} INFO - Processing file /home/airflow/.local/lib/python3.12/site-packages/airflow/example_dags/example_subdag_operator.py for tasks to queue
[2025-07-22T09:12:56.141+0000] {logging_mixin.py:188} INFO - [2025-07-22T09:12:56.140+0000] {dagbag.py:545} INFO - Filling up the DagBag from /home/airflow/.local/lib/python3.12/site-packages/airflow/example_dags/example_subdag_operator.py
[2025-07-22T09:12:56.167+0000] {processor.py:840} INFO - DAG(s) 'example_subdag_operator.section-1', 'example_subdag_operator.section-2', 'example_subdag_operator' retrieved from /home/airflow/.local/lib/python3.12/site-packages/airflow/example_dags/example_subdag_operator.py
[2025-07-22T09:12:56.186+0000] {logging_mixin.py:188} INFO - [2025-07-22T09:12:56.186+0000] {dag.py:3096} INFO - Sync 3 DAGs
[2025-07-22T09:12:56.214+0000] {logging_mixin.py:188} INFO - [2025-07-22T09:12:56.214+0000] {dag.py:3954} INFO - Setting next_dagrun for example_subdag_operator to 2022-01-01 00:00:00+00:00, run_after=2022-01-01 00:00:00+00:00
[2025-07-22T09:12:56.222+0000] {logging_mixin.py:188} INFO - [2025-07-22T09:12:56.222+0000] {dag.py:3954} INFO - Setting next_dagrun for example_subdag_operator.section-1 to None, run_after=None
[2025-07-22T09:12:56.225+0000] {logging_mixin.py:188} INFO - [2025-07-22T09:12:56.225+0000] {dag.py:3954} INFO - Setting next_dagrun for example_subdag_operator.section-2 to None, run_after=None
[2025-07-22T09:12:56.234+0000] {logging_mixin.py:188} INFO - [2025-07-22T09:12:56.233+0000] {dag.py:3096} INFO - Sync 2 DAGs
[2025-07-22T09:12:56.240+0000] {logging_mixin.py:188} INFO - [2025-07-22T09:12:56.240+0000] {dag.py:3954} INFO - Setting next_dagrun for example_subdag_operator.section-1 to None, run_after=None
[2025-07-22T09:12:56.241+0000] {logging_mixin.py:188} INFO - [2025-07-22T09:12:56.241+0000] {dag.py:3954} INFO - Setting next_dagrun for example_subdag_operator.section-2 to None, run_after=None
[2025-07-22T09:12:56.256+0000] {processor.py:183} INFO - Processing /home/airflow/.local/lib/python3.12/site-packages/airflow/example_dags/example_subdag_operator.py took 0.131 seconds
[2025-07-22T09:13:26.571+0000] {processor.py:161} INFO - Started process (PID=2579) to work on /home/airflow/.local/lib/python3.12/site-packages/airflow/example_dags/example_subdag_operator.py
[2025-07-22T09:13:26.573+0000] {processor.py:830} INFO - Processing file /home/airflow/.local/lib/python3.12/site-packages/airflow/example_dags/example_subdag_operator.py for tasks to queue
[2025-07-22T09:13:26.575+0000] {logging_mixin.py:188} INFO - [2025-07-22T09:13:26.575+0000] {dagbag.py:545} INFO - Filling up the DagBag from /home/airflow/.local/lib/python3.12/site-packages/airflow/example_dags/example_subdag_operator.py
[2025-07-22T09:13:26.601+0000] {processor.py:840} INFO - DAG(s) 'example_subdag_operator.section-1', 'example_subdag_operator.section-2', 'example_subdag_operator' retrieved from /home/airflow/.local/lib/python3.12/site-packages/airflow/example_dags/example_subdag_operator.py
[2025-07-22T09:13:26.618+0000] {logging_mixin.py:188} INFO - [2025-07-22T09:13:26.618+0000] {dag.py:3096} INFO - Sync 3 DAGs
[2025-07-22T09:13:26.644+0000] {logging_mixin.py:188} INFO - [2025-07-22T09:13:26.643+0000] {dag.py:3954} INFO - Setting next_dagrun for example_subdag_operator to 2022-01-01 00:00:00+00:00, run_after=2022-01-01 00:00:00+00:00
[2025-07-22T09:13:26.648+0000] {logging_mixin.py:188} INFO - [2025-07-22T09:13:26.648+0000] {dag.py:3954} INFO - Setting next_dagrun for example_subdag_operator.section-1 to None, run_after=None
[2025-07-22T09:13:26.650+0000] {logging_mixin.py:188} INFO - [2025-07-22T09:13:26.650+0000] {dag.py:3954} INFO - Setting next_dagrun for example_subdag_operator.section-2 to None, run_after=None
[2025-07-22T09:13:26.658+0000] {logging_mixin.py:188} INFO - [2025-07-22T09:13:26.657+0000] {dag.py:3096} INFO - Sync 2 DAGs
[2025-07-22T09:13:26.664+0000] {logging_mixin.py:188} INFO - [2025-07-22T09:13:26.664+0000] {dag.py:3954} INFO - Setting next_dagrun for example_subdag_operator.section-1 to None, run_after=None
[2025-07-22T09:13:26.665+0000] {logging_mixin.py:188} INFO - [2025-07-22T09:13:26.665+0000] {dag.py:3954} INFO - Setting next_dagrun for example_subdag_operator.section-2 to None, run_after=None
[2025-07-22T09:13:26.679+0000] {processor.py:183} INFO - Processing /home/airflow/.local/lib/python3.12/site-packages/airflow/example_dags/example_subdag_operator.py took 0.114 seconds
[2025-07-22T09:13:56.888+0000] {processor.py:161} INFO - Started process (PID=2639) to work on /home/airflow/.local/lib/python3.12/site-packages/airflow/example_dags/example_subdag_operator.py
[2025-07-22T09:13:56.889+0000] {processor.py:830} INFO - Processing file /home/airflow/.local/lib/python3.12/site-packages/airflow/example_dags/example_subdag_operator.py for tasks to queue
[2025-07-22T09:13:56.891+0000] {logging_mixin.py:188} INFO - [2025-07-22T09:13:56.890+0000] {dagbag.py:545} INFO - Filling up the DagBag from /home/airflow/.local/lib/python3.12/site-packages/airflow/example_dags/example_subdag_operator.py
[2025-07-22T09:13:56.916+0000] {processor.py:840} INFO - DAG(s) 'example_subdag_operator.section-1', 'example_subdag_operator.section-2', 'example_subdag_operator' retrieved from /home/airflow/.local/lib/python3.12/site-packages/airflow/example_dags/example_subdag_operator.py
[2025-07-22T09:13:56.934+0000] {logging_mixin.py:188} INFO - [2025-07-22T09:13:56.934+0000] {dag.py:3096} INFO - Sync 3 DAGs
[2025-07-22T09:13:56.960+0000] {logging_mixin.py:188} INFO - [2025-07-22T09:13:56.960+0000] {dag.py:3954} INFO - Setting next_dagrun for example_subdag_operator to 2022-01-01 00:00:00+00:00, run_after=2022-01-01 00:00:00+00:00
[2025-07-22T09:13:56.964+0000] {logging_mixin.py:188} INFO - [2025-07-22T09:13:56.964+0000] {dag.py:3954} INFO - Setting next_dagrun for example_subdag_operator.section-1 to None, run_after=None
[2025-07-22T09:13:56.966+0000] {logging_mixin.py:188} INFO - [2025-07-22T09:13:56.966+0000] {dag.py:3954} INFO - Setting next_dagrun for example_subdag_operator.section-2 to None, run_after=None
[2025-07-22T09:13:56.974+0000] {logging_mixin.py:188} INFO - [2025-07-22T09:13:56.974+0000] {dag.py:3096} INFO - Sync 2 DAGs
[2025-07-22T09:13:56.980+0000] {logging_mixin.py:188} INFO - [2025-07-22T09:13:56.980+0000] {dag.py:3954} INFO - Setting next_dagrun for example_subdag_operator.section-1 to None, run_after=None
[2025-07-22T09:13:56.981+0000] {logging_mixin.py:188} INFO - [2025-07-22T09:13:56.981+0000] {dag.py:3954} INFO - Setting next_dagrun for example_subdag_operator.section-2 to None, run_after=None
[2025-07-22T09:13:56.994+0000] {processor.py:183} INFO - Processing /home/airflow/.local/lib/python3.12/site-packages/airflow/example_dags/example_subdag_operator.py took 0.114 seconds
[2025-07-22T09:14:27.139+0000] {processor.py:161} INFO - Started process (PID=2700) to work on /home/airflow/.local/lib/python3.12/site-packages/airflow/example_dags/example_subdag_operator.py
[2025-07-22T09:14:27.140+0000] {processor.py:830} INFO - Processing file /home/airflow/.local/lib/python3.12/site-packages/airflow/example_dags/example_subdag_operator.py for tasks to queue
[2025-07-22T09:14:27.142+0000] {logging_mixin.py:188} INFO - [2025-07-22T09:14:27.142+0000] {dagbag.py:545} INFO - Filling up the DagBag from /home/airflow/.local/lib/python3.12/site-packages/airflow/example_dags/example_subdag_operator.py
[2025-07-22T09:14:27.168+0000] {processor.py:840} INFO - DAG(s) 'example_subdag_operator.section-1', 'example_subdag_operator.section-2', 'example_subdag_operator' retrieved from /home/airflow/.local/lib/python3.12/site-packages/airflow/example_dags/example_subdag_operator.py
[2025-07-22T09:14:27.185+0000] {logging_mixin.py:188} INFO - [2025-07-22T09:14:27.185+0000] {dag.py:3096} INFO - Sync 3 DAGs
[2025-07-22T09:14:27.208+0000] {logging_mixin.py:188} INFO - [2025-07-22T09:14:27.208+0000] {dag.py:3954} INFO - Setting next_dagrun for example_subdag_operator to 2022-01-01 00:00:00+00:00, run_after=2022-01-01 00:00:00+00:00
[2025-07-22T09:14:27.213+0000] {logging_mixin.py:188} INFO - [2025-07-22T09:14:27.212+0000] {dag.py:3954} INFO - Setting next_dagrun for example_subdag_operator.section-1 to None, run_after=None
[2025-07-22T09:14:27.215+0000] {logging_mixin.py:188} INFO - [2025-07-22T09:14:27.214+0000] {dag.py:3954} INFO - Setting next_dagrun for example_subdag_operator.section-2 to None, run_after=None
[2025-07-22T09:14:27.222+0000] {logging_mixin.py:188} INFO - [2025-07-22T09:14:27.222+0000] {dag.py:3096} INFO - Sync 2 DAGs
[2025-07-22T09:14:27.228+0000] {logging_mixin.py:188} INFO - [2025-07-22T09:14:27.228+0000] {dag.py:3954} INFO - Setting next_dagrun for example_subdag_operator.section-1 to None, run_after=None
[2025-07-22T09:14:27.229+0000] {logging_mixin.py:188} INFO - [2025-07-22T09:14:27.229+0000] {dag.py:3954} INFO - Setting next_dagrun for example_subdag_operator.section-2 to None, run_after=None
[2025-07-22T09:14:27.243+0000] {processor.py:183} INFO - Processing /home/airflow/.local/lib/python3.12/site-packages/airflow/example_dags/example_subdag_operator.py took 0.111 seconds
[2025-07-22T09:14:57.503+0000] {processor.py:161} INFO - Started process (PID=2760) to work on /home/airflow/.local/lib/python3.12/site-packages/airflow/example_dags/example_subdag_operator.py
[2025-07-22T09:14:57.505+0000] {processor.py:830} INFO - Processing file /home/airflow/.local/lib/python3.12/site-packages/airflow/example_dags/example_subdag_operator.py for tasks to queue
[2025-07-22T09:14:57.507+0000] {logging_mixin.py:188} INFO - [2025-07-22T09:14:57.506+0000] {dagbag.py:545} INFO - Filling up the DagBag from /home/airflow/.local/lib/python3.12/site-packages/airflow/example_dags/example_subdag_operator.py
[2025-07-22T09:14:57.532+0000] {processor.py:840} INFO - DAG(s) 'example_subdag_operator.section-1', 'example_subdag_operator.section-2', 'example_subdag_operator' retrieved from /home/airflow/.local/lib/python3.12/site-packages/airflow/example_dags/example_subdag_operator.py
[2025-07-22T09:14:57.551+0000] {logging_mixin.py:188} INFO - [2025-07-22T09:14:57.550+0000] {dag.py:3096} INFO - Sync 3 DAGs
[2025-07-22T09:14:57.574+0000] {logging_mixin.py:188} INFO - [2025-07-22T09:14:57.574+0000] {dag.py:3954} INFO - Setting next_dagrun for example_subdag_operator to 2022-01-01 00:00:00+00:00, run_after=2022-01-01 00:00:00+00:00
[2025-07-22T09:14:57.580+0000] {logging_mixin.py:188} INFO - [2025-07-22T09:14:57.579+0000] {dag.py:3954} INFO - Setting next_dagrun for example_subdag_operator.section-1 to None, run_after=None
[2025-07-22T09:14:57.581+0000] {logging_mixin.py:188} INFO - [2025-07-22T09:14:57.581+0000] {dag.py:3954} INFO - Setting next_dagrun for example_subdag_operator.section-2 to None, run_after=None
[2025-07-22T09:14:57.589+0000] {logging_mixin.py:188} INFO - [2025-07-22T09:14:57.588+0000] {dag.py:3096} INFO - Sync 2 DAGs
[2025-07-22T09:14:57.594+0000] {logging_mixin.py:188} INFO - [2025-07-22T09:14:57.594+0000] {dag.py:3954} INFO - Setting next_dagrun for example_subdag_operator.section-1 to None, run_after=None
[2025-07-22T09:14:57.595+0000] {logging_mixin.py:188} INFO - [2025-07-22T09:14:57.595+0000] {dag.py:3954} INFO - Setting next_dagrun for example_subdag_operator.section-2 to None, run_after=None
[2025-07-22T09:14:57.608+0000] {processor.py:183} INFO - Processing /home/airflow/.local/lib/python3.12/site-packages/airflow/example_dags/example_subdag_operator.py took 0.112 seconds
[2025-07-22T09:15:27.726+0000] {processor.py:161} INFO - Started process (PID=2818) to work on /home/airflow/.local/lib/python3.12/site-packages/airflow/example_dags/example_subdag_operator.py
[2025-07-22T09:15:27.728+0000] {processor.py:830} INFO - Processing file /home/airflow/.local/lib/python3.12/site-packages/airflow/example_dags/example_subdag_operator.py for tasks to queue
[2025-07-22T09:15:27.731+0000] {logging_mixin.py:188} INFO - [2025-07-22T09:15:27.730+0000] {dagbag.py:545} INFO - Filling up the DagBag from /home/airflow/.local/lib/python3.12/site-packages/airflow/example_dags/example_subdag_operator.py
[2025-07-22T09:15:27.764+0000] {processor.py:840} INFO - DAG(s) 'example_subdag_operator.section-1', 'example_subdag_operator.section-2', 'example_subdag_operator' retrieved from /home/airflow/.local/lib/python3.12/site-packages/airflow/example_dags/example_subdag_operator.py
[2025-07-22T09:15:27.786+0000] {logging_mixin.py:188} INFO - [2025-07-22T09:15:27.786+0000] {dag.py:3096} INFO - Sync 3 DAGs
[2025-07-22T09:15:27.812+0000] {logging_mixin.py:188} INFO - [2025-07-22T09:15:27.812+0000] {dag.py:3954} INFO - Setting next_dagrun for example_subdag_operator to 2022-01-01 00:00:00+00:00, run_after=2022-01-01 00:00:00+00:00
[2025-07-22T09:15:27.817+0000] {logging_mixin.py:188} INFO - [2025-07-22T09:15:27.817+0000] {dag.py:3954} INFO - Setting next_dagrun for example_subdag_operator.section-1 to None, run_after=None
[2025-07-22T09:15:27.820+0000] {logging_mixin.py:188} INFO - [2025-07-22T09:15:27.819+0000] {dag.py:3954} INFO - Setting next_dagrun for example_subdag_operator.section-2 to None, run_after=None
[2025-07-22T09:15:27.828+0000] {logging_mixin.py:188} INFO - [2025-07-22T09:15:27.828+0000] {dag.py:3096} INFO - Sync 2 DAGs
[2025-07-22T09:15:27.835+0000] {logging_mixin.py:188} INFO - [2025-07-22T09:15:27.834+0000] {dag.py:3954} INFO - Setting next_dagrun for example_subdag_operator.section-1 to None, run_after=None
[2025-07-22T09:15:27.836+0000] {logging_mixin.py:188} INFO - [2025-07-22T09:15:27.835+0000] {dag.py:3954} INFO - Setting next_dagrun for example_subdag_operator.section-2 to None, run_after=None
[2025-07-22T09:15:27.850+0000] {processor.py:183} INFO - Processing /home/airflow/.local/lib/python3.12/site-packages/airflow/example_dags/example_subdag_operator.py took 0.131 seconds
[2025-07-22T09:15:57.976+0000] {processor.py:161} INFO - Started process (PID=2878) to work on /home/airflow/.local/lib/python3.12/site-packages/airflow/example_dags/example_subdag_operator.py
[2025-07-22T09:15:57.978+0000] {processor.py:830} INFO - Processing file /home/airflow/.local/lib/python3.12/site-packages/airflow/example_dags/example_subdag_operator.py for tasks to queue
[2025-07-22T09:15:57.980+0000] {logging_mixin.py:188} INFO - [2025-07-22T09:15:57.980+0000] {dagbag.py:545} INFO - Filling up the DagBag from /home/airflow/.local/lib/python3.12/site-packages/airflow/example_dags/example_subdag_operator.py
[2025-07-22T09:15:58.009+0000] {processor.py:840} INFO - DAG(s) 'example_subdag_operator.section-1', 'example_subdag_operator.section-2', 'example_subdag_operator' retrieved from /home/airflow/.local/lib/python3.12/site-packages/airflow/example_dags/example_subdag_operator.py
[2025-07-22T09:15:58.028+0000] {logging_mixin.py:188} INFO - [2025-07-22T09:15:58.028+0000] {dag.py:3096} INFO - Sync 3 DAGs
[2025-07-22T09:15:58.056+0000] {logging_mixin.py:188} INFO - [2025-07-22T09:15:58.056+0000] {dag.py:3954} INFO - Setting next_dagrun for example_subdag_operator to 2022-01-01 00:00:00+00:00, run_after=2022-01-01 00:00:00+00:00
[2025-07-22T09:15:58.061+0000] {logging_mixin.py:188} INFO - [2025-07-22T09:15:58.061+0000] {dag.py:3954} INFO - Setting next_dagrun for example_subdag_operator.section-1 to None, run_after=None
[2025-07-22T09:15:58.063+0000] {logging_mixin.py:188} INFO - [2025-07-22T09:15:58.063+0000] {dag.py:3954} INFO - Setting next_dagrun for example_subdag_operator.section-2 to None, run_after=None
[2025-07-22T09:15:58.071+0000] {logging_mixin.py:188} INFO - [2025-07-22T09:15:58.071+0000] {dag.py:3096} INFO - Sync 2 DAGs
[2025-07-22T09:15:58.078+0000] {logging_mixin.py:188} INFO - [2025-07-22T09:15:58.078+0000] {dag.py:3954} INFO - Setting next_dagrun for example_subdag_operator.section-1 to None, run_after=None
[2025-07-22T09:15:58.079+0000] {logging_mixin.py:188} INFO - [2025-07-22T09:15:58.079+0000] {dag.py:3954} INFO - Setting next_dagrun for example_subdag_operator.section-2 to None, run_after=None
[2025-07-22T09:15:58.093+0000] {processor.py:183} INFO - Processing /home/airflow/.local/lib/python3.12/site-packages/airflow/example_dags/example_subdag_operator.py took 0.124 seconds
[2025-07-22T09:16:28.139+0000] {processor.py:161} INFO - Started process (PID=2938) to work on /home/airflow/.local/lib/python3.12/site-packages/airflow/example_dags/example_subdag_operator.py
[2025-07-22T09:16:28.140+0000] {processor.py:830} INFO - Processing file /home/airflow/.local/lib/python3.12/site-packages/airflow/example_dags/example_subdag_operator.py for tasks to queue
[2025-07-22T09:16:28.143+0000] {logging_mixin.py:188} INFO - [2025-07-22T09:16:28.142+0000] {dagbag.py:545} INFO - Filling up the DagBag from /home/airflow/.local/lib/python3.12/site-packages/airflow/example_dags/example_subdag_operator.py
[2025-07-22T09:16:28.171+0000] {processor.py:840} INFO - DAG(s) 'example_subdag_operator.section-1', 'example_subdag_operator.section-2', 'example_subdag_operator' retrieved from /home/airflow/.local/lib/python3.12/site-packages/airflow/example_dags/example_subdag_operator.py
[2025-07-22T09:16:28.192+0000] {logging_mixin.py:188} INFO - [2025-07-22T09:16:28.192+0000] {dag.py:3096} INFO - Sync 3 DAGs
[2025-07-22T09:16:28.217+0000] {logging_mixin.py:188} INFO - [2025-07-22T09:16:28.217+0000] {dag.py:3954} INFO - Setting next_dagrun for example_subdag_operator to 2022-01-01 00:00:00+00:00, run_after=2022-01-01 00:00:00+00:00
[2025-07-22T09:16:28.222+0000] {logging_mixin.py:188} INFO - [2025-07-22T09:16:28.222+0000] {dag.py:3954} INFO - Setting next_dagrun for example_subdag_operator.section-1 to None, run_after=None
[2025-07-22T09:16:28.225+0000] {logging_mixin.py:188} INFO - [2025-07-22T09:16:28.224+0000] {dag.py:3954} INFO - Setting next_dagrun for example_subdag_operator.section-2 to None, run_after=None
[2025-07-22T09:16:28.233+0000] {logging_mixin.py:188} INFO - [2025-07-22T09:16:28.232+0000] {dag.py:3096} INFO - Sync 2 DAGs
[2025-07-22T09:16:28.239+0000] {logging_mixin.py:188} INFO - [2025-07-22T09:16:28.239+0000] {dag.py:3954} INFO - Setting next_dagrun for example_subdag_operator.section-1 to None, run_after=None
[2025-07-22T09:16:28.240+0000] {logging_mixin.py:188} INFO - [2025-07-22T09:16:28.240+0000] {dag.py:3954} INFO - Setting next_dagrun for example_subdag_operator.section-2 to None, run_after=None
[2025-07-22T09:16:28.254+0000] {processor.py:183} INFO - Processing /home/airflow/.local/lib/python3.12/site-packages/airflow/example_dags/example_subdag_operator.py took 0.123 seconds
[2025-07-22T09:16:59.101+0000] {processor.py:161} INFO - Started process (PID=2998) to work on /home/airflow/.local/lib/python3.12/site-packages/airflow/example_dags/example_subdag_operator.py
[2025-07-22T09:16:59.103+0000] {processor.py:830} INFO - Processing file /home/airflow/.local/lib/python3.12/site-packages/airflow/example_dags/example_subdag_operator.py for tasks to queue
[2025-07-22T09:16:59.106+0000] {logging_mixin.py:188} INFO - [2025-07-22T09:16:59.105+0000] {dagbag.py:545} INFO - Filling up the DagBag from /home/airflow/.local/lib/python3.12/site-packages/airflow/example_dags/example_subdag_operator.py
[2025-07-22T09:16:59.141+0000] {processor.py:840} INFO - DAG(s) 'example_subdag_operator.section-1', 'example_subdag_operator.section-2', 'example_subdag_operator' retrieved from /home/airflow/.local/lib/python3.12/site-packages/airflow/example_dags/example_subdag_operator.py
[2025-07-22T09:16:59.164+0000] {logging_mixin.py:188} INFO - [2025-07-22T09:16:59.164+0000] {dag.py:3096} INFO - Sync 3 DAGs
[2025-07-22T09:16:59.193+0000] {logging_mixin.py:188} INFO - [2025-07-22T09:16:59.192+0000] {dag.py:3954} INFO - Setting next_dagrun for example_subdag_operator to 2022-01-01 00:00:00+00:00, run_after=2022-01-01 00:00:00+00:00
[2025-07-22T09:16:59.198+0000] {logging_mixin.py:188} INFO - [2025-07-22T09:16:59.198+0000] {dag.py:3954} INFO - Setting next_dagrun for example_subdag_operator.section-1 to None, run_after=None
[2025-07-22T09:16:59.201+0000] {logging_mixin.py:188} INFO - [2025-07-22T09:16:59.201+0000] {dag.py:3954} INFO - Setting next_dagrun for example_subdag_operator.section-2 to None, run_after=None
[2025-07-22T09:16:59.210+0000] {logging_mixin.py:188} INFO - [2025-07-22T09:16:59.210+0000] {dag.py:3096} INFO - Sync 2 DAGs
[2025-07-22T09:16:59.218+0000] {logging_mixin.py:188} INFO - [2025-07-22T09:16:59.218+0000] {dag.py:3954} INFO - Setting next_dagrun for example_subdag_operator.section-1 to None, run_after=None
[2025-07-22T09:16:59.219+0000] {logging_mixin.py:188} INFO - [2025-07-22T09:16:59.219+0000] {dag.py:3954} INFO - Setting next_dagrun for example_subdag_operator.section-2 to None, run_after=None
[2025-07-22T09:16:59.236+0000] {processor.py:183} INFO - Processing /home/airflow/.local/lib/python3.12/site-packages/airflow/example_dags/example_subdag_operator.py took 0.143 seconds
[2025-07-22T09:17:29.826+0000] {processor.py:161} INFO - Started process (PID=3058) to work on /home/airflow/.local/lib/python3.12/site-packages/airflow/example_dags/example_subdag_operator.py
[2025-07-22T09:17:29.827+0000] {processor.py:830} INFO - Processing file /home/airflow/.local/lib/python3.12/site-packages/airflow/example_dags/example_subdag_operator.py for tasks to queue
[2025-07-22T09:17:29.830+0000] {logging_mixin.py:188} INFO - [2025-07-22T09:17:29.830+0000] {dagbag.py:545} INFO - Filling up the DagBag from /home/airflow/.local/lib/python3.12/site-packages/airflow/example_dags/example_subdag_operator.py
[2025-07-22T09:17:29.855+0000] {processor.py:840} INFO - DAG(s) 'example_subdag_operator.section-1', 'example_subdag_operator.section-2', 'example_subdag_operator' retrieved from /home/airflow/.local/lib/python3.12/site-packages/airflow/example_dags/example_subdag_operator.py
[2025-07-22T09:17:29.873+0000] {logging_mixin.py:188} INFO - [2025-07-22T09:17:29.873+0000] {dag.py:3096} INFO - Sync 3 DAGs
[2025-07-22T09:17:29.897+0000] {logging_mixin.py:188} INFO - [2025-07-22T09:17:29.896+0000] {dag.py:3954} INFO - Setting next_dagrun for example_subdag_operator to 2022-01-01 00:00:00+00:00, run_after=2022-01-01 00:00:00+00:00
[2025-07-22T09:17:29.901+0000] {logging_mixin.py:188} INFO - [2025-07-22T09:17:29.901+0000] {dag.py:3954} INFO - Setting next_dagrun for example_subdag_operator.section-1 to None, run_after=None
[2025-07-22T09:17:29.903+0000] {logging_mixin.py:188} INFO - [2025-07-22T09:17:29.903+0000] {dag.py:3954} INFO - Setting next_dagrun for example_subdag_operator.section-2 to None, run_after=None
[2025-07-22T09:17:29.910+0000] {logging_mixin.py:188} INFO - [2025-07-22T09:17:29.910+0000] {dag.py:3096} INFO - Sync 2 DAGs
[2025-07-22T09:17:29.916+0000] {logging_mixin.py:188} INFO - [2025-07-22T09:17:29.916+0000] {dag.py:3954} INFO - Setting next_dagrun for example_subdag_operator.section-1 to None, run_after=None
[2025-07-22T09:17:29.917+0000] {logging_mixin.py:188} INFO - [2025-07-22T09:17:29.917+0000] {dag.py:3954} INFO - Setting next_dagrun for example_subdag_operator.section-2 to None, run_after=None
[2025-07-22T09:17:29.932+0000] {processor.py:183} INFO - Processing /home/airflow/.local/lib/python3.12/site-packages/airflow/example_dags/example_subdag_operator.py took 0.112 seconds
[2025-07-22T09:18:00.073+0000] {processor.py:161} INFO - Started process (PID=3118) to work on /home/airflow/.local/lib/python3.12/site-packages/airflow/example_dags/example_subdag_operator.py
[2025-07-22T09:18:00.074+0000] {processor.py:830} INFO - Processing file /home/airflow/.local/lib/python3.12/site-packages/airflow/example_dags/example_subdag_operator.py for tasks to queue
[2025-07-22T09:18:00.076+0000] {logging_mixin.py:188} INFO - [2025-07-22T09:18:00.076+0000] {dagbag.py:545} INFO - Filling up the DagBag from /home/airflow/.local/lib/python3.12/site-packages/airflow/example_dags/example_subdag_operator.py
[2025-07-22T09:18:00.102+0000] {processor.py:840} INFO - DAG(s) 'example_subdag_operator.section-1', 'example_subdag_operator.section-2', 'example_subdag_operator' retrieved from /home/airflow/.local/lib/python3.12/site-packages/airflow/example_dags/example_subdag_operator.py
[2025-07-22T09:18:00.119+0000] {logging_mixin.py:188} INFO - [2025-07-22T09:18:00.119+0000] {dag.py:3096} INFO - Sync 3 DAGs
[2025-07-22T09:18:00.144+0000] {logging_mixin.py:188} INFO - [2025-07-22T09:18:00.144+0000] {dag.py:3954} INFO - Setting next_dagrun for example_subdag_operator to 2022-01-01 00:00:00+00:00, run_after=2022-01-01 00:00:00+00:00
[2025-07-22T09:18:00.149+0000] {logging_mixin.py:188} INFO - [2025-07-22T09:18:00.149+0000] {dag.py:3954} INFO - Setting next_dagrun for example_subdag_operator.section-1 to None, run_after=None
[2025-07-22T09:18:00.151+0000] {logging_mixin.py:188} INFO - [2025-07-22T09:18:00.151+0000] {dag.py:3954} INFO - Setting next_dagrun for example_subdag_operator.section-2 to None, run_after=None
[2025-07-22T09:18:00.159+0000] {logging_mixin.py:188} INFO - [2025-07-22T09:18:00.158+0000] {dag.py:3096} INFO - Sync 2 DAGs
[2025-07-22T09:18:00.164+0000] {logging_mixin.py:188} INFO - [2025-07-22T09:18:00.164+0000] {dag.py:3954} INFO - Setting next_dagrun for example_subdag_operator.section-1 to None, run_after=None
[2025-07-22T09:18:00.165+0000] {logging_mixin.py:188} INFO - [2025-07-22T09:18:00.165+0000] {dag.py:3954} INFO - Setting next_dagrun for example_subdag_operator.section-2 to None, run_after=None
[2025-07-22T09:18:00.180+0000] {processor.py:183} INFO - Processing /home/airflow/.local/lib/python3.12/site-packages/airflow/example_dags/example_subdag_operator.py took 0.114 seconds
[2025-07-22T09:18:31.003+0000] {processor.py:161} INFO - Started process (PID=3178) to work on /home/airflow/.local/lib/python3.12/site-packages/airflow/example_dags/example_subdag_operator.py
[2025-07-22T09:18:31.005+0000] {processor.py:830} INFO - Processing file /home/airflow/.local/lib/python3.12/site-packages/airflow/example_dags/example_subdag_operator.py for tasks to queue
[2025-07-22T09:18:31.008+0000] {logging_mixin.py:188} INFO - [2025-07-22T09:18:31.008+0000] {dagbag.py:545} INFO - Filling up the DagBag from /home/airflow/.local/lib/python3.12/site-packages/airflow/example_dags/example_subdag_operator.py
[2025-07-22T09:18:31.038+0000] {processor.py:840} INFO - DAG(s) 'example_subdag_operator.section-1', 'example_subdag_operator.section-2', 'example_subdag_operator' retrieved from /home/airflow/.local/lib/python3.12/site-packages/airflow/example_dags/example_subdag_operator.py
[2025-07-22T09:18:31.058+0000] {logging_mixin.py:188} INFO - [2025-07-22T09:18:31.058+0000] {dag.py:3096} INFO - Sync 3 DAGs
[2025-07-22T09:18:31.084+0000] {logging_mixin.py:188} INFO - [2025-07-22T09:18:31.084+0000] {dag.py:3954} INFO - Setting next_dagrun for example_subdag_operator to 2022-01-01 00:00:00+00:00, run_after=2022-01-01 00:00:00+00:00
[2025-07-22T09:18:31.089+0000] {logging_mixin.py:188} INFO - [2025-07-22T09:18:31.089+0000] {dag.py:3954} INFO - Setting next_dagrun for example_subdag_operator.section-1 to None, run_after=None
[2025-07-22T09:18:31.091+0000] {logging_mixin.py:188} INFO - [2025-07-22T09:18:31.091+0000] {dag.py:3954} INFO - Setting next_dagrun for example_subdag_operator.section-2 to None, run_after=None
[2025-07-22T09:18:31.100+0000] {logging_mixin.py:188} INFO - [2025-07-22T09:18:31.100+0000] {dag.py:3096} INFO - Sync 2 DAGs
[2025-07-22T09:18:31.107+0000] {logging_mixin.py:188} INFO - [2025-07-22T09:18:31.107+0000] {dag.py:3954} INFO - Setting next_dagrun for example_subdag_operator.section-1 to None, run_after=None
[2025-07-22T09:18:31.109+0000] {logging_mixin.py:188} INFO - [2025-07-22T09:18:31.108+0000] {dag.py:3954} INFO - Setting next_dagrun for example_subdag_operator.section-2 to None, run_after=None
[2025-07-22T09:18:31.129+0000] {processor.py:183} INFO - Processing /home/airflow/.local/lib/python3.12/site-packages/airflow/example_dags/example_subdag_operator.py took 0.133 seconds
[2025-07-22T09:19:01.478+0000] {processor.py:161} INFO - Started process (PID=3238) to work on /home/airflow/.local/lib/python3.12/site-packages/airflow/example_dags/example_subdag_operator.py
[2025-07-22T09:19:01.479+0000] {processor.py:830} INFO - Processing file /home/airflow/.local/lib/python3.12/site-packages/airflow/example_dags/example_subdag_operator.py for tasks to queue
[2025-07-22T09:19:01.481+0000] {logging_mixin.py:188} INFO - [2025-07-22T09:19:01.481+0000] {dagbag.py:545} INFO - Filling up the DagBag from /home/airflow/.local/lib/python3.12/site-packages/airflow/example_dags/example_subdag_operator.py
[2025-07-22T09:19:01.507+0000] {processor.py:840} INFO - DAG(s) 'example_subdag_operator.section-1', 'example_subdag_operator.section-2', 'example_subdag_operator' retrieved from /home/airflow/.local/lib/python3.12/site-packages/airflow/example_dags/example_subdag_operator.py
[2025-07-22T09:19:01.525+0000] {logging_mixin.py:188} INFO - [2025-07-22T09:19:01.525+0000] {dag.py:3096} INFO - Sync 3 DAGs
[2025-07-22T09:19:01.550+0000] {logging_mixin.py:188} INFO - [2025-07-22T09:19:01.550+0000] {dag.py:3954} INFO - Setting next_dagrun for example_subdag_operator to 2022-01-01 00:00:00+00:00, run_after=2022-01-01 00:00:00+00:00
[2025-07-22T09:19:01.555+0000] {logging_mixin.py:188} INFO - [2025-07-22T09:19:01.555+0000] {dag.py:3954} INFO - Setting next_dagrun for example_subdag_operator.section-1 to None, run_after=None
[2025-07-22T09:19:01.557+0000] {logging_mixin.py:188} INFO - [2025-07-22T09:19:01.557+0000] {dag.py:3954} INFO - Setting next_dagrun for example_subdag_operator.section-2 to None, run_after=None
[2025-07-22T09:19:01.566+0000] {logging_mixin.py:188} INFO - [2025-07-22T09:19:01.565+0000] {dag.py:3096} INFO - Sync 2 DAGs
[2025-07-22T09:19:01.572+0000] {logging_mixin.py:188} INFO - [2025-07-22T09:19:01.572+0000] {dag.py:3954} INFO - Setting next_dagrun for example_subdag_operator.section-1 to None, run_after=None
[2025-07-22T09:19:01.573+0000] {logging_mixin.py:188} INFO - [2025-07-22T09:19:01.573+0000] {dag.py:3954} INFO - Setting next_dagrun for example_subdag_operator.section-2 to None, run_after=None
[2025-07-22T09:19:01.592+0000] {processor.py:183} INFO - Processing /home/airflow/.local/lib/python3.12/site-packages/airflow/example_dags/example_subdag_operator.py took 0.120 seconds
[2025-07-22T09:19:32.149+0000] {processor.py:161} INFO - Started process (PID=3298) to work on /home/airflow/.local/lib/python3.12/site-packages/airflow/example_dags/example_subdag_operator.py
[2025-07-22T09:19:32.151+0000] {processor.py:830} INFO - Processing file /home/airflow/.local/lib/python3.12/site-packages/airflow/example_dags/example_subdag_operator.py for tasks to queue
[2025-07-22T09:19:32.153+0000] {logging_mixin.py:188} INFO - [2025-07-22T09:19:32.153+0000] {dagbag.py:545} INFO - Filling up the DagBag from /home/airflow/.local/lib/python3.12/site-packages/airflow/example_dags/example_subdag_operator.py
[2025-07-22T09:19:32.184+0000] {processor.py:840} INFO - DAG(s) 'example_subdag_operator.section-1', 'example_subdag_operator.section-2', 'example_subdag_operator' retrieved from /home/airflow/.local/lib/python3.12/site-packages/airflow/example_dags/example_subdag_operator.py
[2025-07-22T09:19:32.206+0000] {logging_mixin.py:188} INFO - [2025-07-22T09:19:32.206+0000] {dag.py:3096} INFO - Sync 3 DAGs
[2025-07-22T09:19:32.230+0000] {logging_mixin.py:188} INFO - [2025-07-22T09:19:32.230+0000] {dag.py:3954} INFO - Setting next_dagrun for example_subdag_operator to 2022-01-01 00:00:00+00:00, run_after=2022-01-01 00:00:00+00:00
[2025-07-22T09:19:32.235+0000] {logging_mixin.py:188} INFO - [2025-07-22T09:19:32.234+0000] {dag.py:3954} INFO - Setting next_dagrun for example_subdag_operator.section-1 to None, run_after=None
[2025-07-22T09:19:32.236+0000] {logging_mixin.py:188} INFO - [2025-07-22T09:19:32.236+0000] {dag.py:3954} INFO - Setting next_dagrun for example_subdag_operator.section-2 to None, run_after=None
[2025-07-22T09:19:32.244+0000] {logging_mixin.py:188} INFO - [2025-07-22T09:19:32.243+0000] {dag.py:3096} INFO - Sync 2 DAGs
[2025-07-22T09:19:32.249+0000] {logging_mixin.py:188} INFO - [2025-07-22T09:19:32.249+0000] {dag.py:3954} INFO - Setting next_dagrun for example_subdag_operator.section-1 to None, run_after=None
[2025-07-22T09:19:32.250+0000] {logging_mixin.py:188} INFO - [2025-07-22T09:19:32.250+0000] {dag.py:3954} INFO - Setting next_dagrun for example_subdag_operator.section-2 to None, run_after=None
[2025-07-22T09:19:32.263+0000] {processor.py:183} INFO - Processing /home/airflow/.local/lib/python3.12/site-packages/airflow/example_dags/example_subdag_operator.py took 0.121 seconds
[2025-07-22T09:20:02.668+0000] {processor.py:161} INFO - Started process (PID=3358) to work on /home/airflow/.local/lib/python3.12/site-packages/airflow/example_dags/example_subdag_operator.py
[2025-07-22T09:20:02.670+0000] {processor.py:830} INFO - Processing file /home/airflow/.local/lib/python3.12/site-packages/airflow/example_dags/example_subdag_operator.py for tasks to queue
[2025-07-22T09:20:02.673+0000] {logging_mixin.py:188} INFO - [2025-07-22T09:20:02.673+0000] {dagbag.py:545} INFO - Filling up the DagBag from /home/airflow/.local/lib/python3.12/site-packages/airflow/example_dags/example_subdag_operator.py
[2025-07-22T09:20:02.699+0000] {processor.py:840} INFO - DAG(s) 'example_subdag_operator.section-1', 'example_subdag_operator.section-2', 'example_subdag_operator' retrieved from /home/airflow/.local/lib/python3.12/site-packages/airflow/example_dags/example_subdag_operator.py
[2025-07-22T09:20:02.717+0000] {logging_mixin.py:188} INFO - [2025-07-22T09:20:02.717+0000] {dag.py:3096} INFO - Sync 3 DAGs
[2025-07-22T09:20:02.740+0000] {logging_mixin.py:188} INFO - [2025-07-22T09:20:02.739+0000] {dag.py:3954} INFO - Setting next_dagrun for example_subdag_operator to 2022-01-01 00:00:00+00:00, run_after=2022-01-01 00:00:00+00:00
[2025-07-22T09:20:02.744+0000] {logging_mixin.py:188} INFO - [2025-07-22T09:20:02.744+0000] {dag.py:3954} INFO - Setting next_dagrun for example_subdag_operator.section-1 to None, run_after=None
[2025-07-22T09:20:02.746+0000] {logging_mixin.py:188} INFO - [2025-07-22T09:20:02.746+0000] {dag.py:3954} INFO - Setting next_dagrun for example_subdag_operator.section-2 to None, run_after=None
[2025-07-22T09:20:02.753+0000] {logging_mixin.py:188} INFO - [2025-07-22T09:20:02.753+0000] {dag.py:3096} INFO - Sync 2 DAGs
[2025-07-22T09:20:02.759+0000] {logging_mixin.py:188} INFO - [2025-07-22T09:20:02.758+0000] {dag.py:3954} INFO - Setting next_dagrun for example_subdag_operator.section-1 to None, run_after=None
[2025-07-22T09:20:02.759+0000] {logging_mixin.py:188} INFO - [2025-07-22T09:20:02.759+0000] {dag.py:3954} INFO - Setting next_dagrun for example_subdag_operator.section-2 to None, run_after=None
[2025-07-22T09:20:02.773+0000] {processor.py:183} INFO - Processing /home/airflow/.local/lib/python3.12/site-packages/airflow/example_dags/example_subdag_operator.py took 0.116 seconds
[2025-07-22T09:20:33.004+0000] {processor.py:161} INFO - Started process (PID=3418) to work on /home/airflow/.local/lib/python3.12/site-packages/airflow/example_dags/example_subdag_operator.py
[2025-07-22T09:20:33.005+0000] {processor.py:830} INFO - Processing file /home/airflow/.local/lib/python3.12/site-packages/airflow/example_dags/example_subdag_operator.py for tasks to queue
[2025-07-22T09:20:33.007+0000] {logging_mixin.py:188} INFO - [2025-07-22T09:20:33.007+0000] {dagbag.py:545} INFO - Filling up the DagBag from /home/airflow/.local/lib/python3.12/site-packages/airflow/example_dags/example_subdag_operator.py
[2025-07-22T09:20:33.033+0000] {processor.py:840} INFO - DAG(s) 'example_subdag_operator.section-1', 'example_subdag_operator.section-2', 'example_subdag_operator' retrieved from /home/airflow/.local/lib/python3.12/site-packages/airflow/example_dags/example_subdag_operator.py
[2025-07-22T09:20:33.052+0000] {logging_mixin.py:188} INFO - [2025-07-22T09:20:33.052+0000] {dag.py:3096} INFO - Sync 3 DAGs
[2025-07-22T09:20:33.076+0000] {logging_mixin.py:188} INFO - [2025-07-22T09:20:33.076+0000] {dag.py:3954} INFO - Setting next_dagrun for example_subdag_operator to 2022-01-01 00:00:00+00:00, run_after=2022-01-01 00:00:00+00:00
[2025-07-22T09:20:33.081+0000] {logging_mixin.py:188} INFO - [2025-07-22T09:20:33.081+0000] {dag.py:3954} INFO - Setting next_dagrun for example_subdag_operator.section-1 to None, run_after=None
[2025-07-22T09:20:33.083+0000] {logging_mixin.py:188} INFO - [2025-07-22T09:20:33.083+0000] {dag.py:3954} INFO - Setting next_dagrun for example_subdag_operator.section-2 to None, run_after=None
[2025-07-22T09:20:33.090+0000] {logging_mixin.py:188} INFO - [2025-07-22T09:20:33.090+0000] {dag.py:3096} INFO - Sync 2 DAGs
[2025-07-22T09:20:33.096+0000] {logging_mixin.py:188} INFO - [2025-07-22T09:20:33.096+0000] {dag.py:3954} INFO - Setting next_dagrun for example_subdag_operator.section-1 to None, run_after=None
[2025-07-22T09:20:33.097+0000] {logging_mixin.py:188} INFO - [2025-07-22T09:20:33.097+0000] {dag.py:3954} INFO - Setting next_dagrun for example_subdag_operator.section-2 to None, run_after=None
[2025-07-22T09:20:33.113+0000] {processor.py:183} INFO - Processing /home/airflow/.local/lib/python3.12/site-packages/airflow/example_dags/example_subdag_operator.py took 0.116 seconds
[2025-07-22T09:21:03.346+0000] {processor.py:161} INFO - Started process (PID=3478) to work on /home/airflow/.local/lib/python3.12/site-packages/airflow/example_dags/example_subdag_operator.py
[2025-07-22T09:21:03.348+0000] {processor.py:830} INFO - Processing file /home/airflow/.local/lib/python3.12/site-packages/airflow/example_dags/example_subdag_operator.py for tasks to queue
[2025-07-22T09:21:03.350+0000] {logging_mixin.py:188} INFO - [2025-07-22T09:21:03.350+0000] {dagbag.py:545} INFO - Filling up the DagBag from /home/airflow/.local/lib/python3.12/site-packages/airflow/example_dags/example_subdag_operator.py
[2025-07-22T09:21:03.376+0000] {processor.py:840} INFO - DAG(s) 'example_subdag_operator.section-1', 'example_subdag_operator.section-2', 'example_subdag_operator' retrieved from /home/airflow/.local/lib/python3.12/site-packages/airflow/example_dags/example_subdag_operator.py
[2025-07-22T09:21:03.394+0000] {logging_mixin.py:188} INFO - [2025-07-22T09:21:03.393+0000] {dag.py:3096} INFO - Sync 3 DAGs
[2025-07-22T09:21:03.416+0000] {logging_mixin.py:188} INFO - [2025-07-22T09:21:03.416+0000] {dag.py:3954} INFO - Setting next_dagrun for example_subdag_operator to 2022-01-01 00:00:00+00:00, run_after=2022-01-01 00:00:00+00:00
[2025-07-22T09:21:03.422+0000] {logging_mixin.py:188} INFO - [2025-07-22T09:21:03.421+0000] {dag.py:3954} INFO - Setting next_dagrun for example_subdag_operator.section-1 to None, run_after=None
[2025-07-22T09:21:03.423+0000] {logging_mixin.py:188} INFO - [2025-07-22T09:21:03.423+0000] {dag.py:3954} INFO - Setting next_dagrun for example_subdag_operator.section-2 to None, run_after=None
[2025-07-22T09:21:03.431+0000] {logging_mixin.py:188} INFO - [2025-07-22T09:21:03.431+0000] {dag.py:3096} INFO - Sync 2 DAGs
[2025-07-22T09:21:03.437+0000] {logging_mixin.py:188} INFO - [2025-07-22T09:21:03.436+0000] {dag.py:3954} INFO - Setting next_dagrun for example_subdag_operator.section-1 to None, run_after=None
[2025-07-22T09:21:03.437+0000] {logging_mixin.py:188} INFO - [2025-07-22T09:21:03.437+0000] {dag.py:3954} INFO - Setting next_dagrun for example_subdag_operator.section-2 to None, run_after=None
[2025-07-22T09:21:03.451+0000] {processor.py:183} INFO - Processing /home/airflow/.local/lib/python3.12/site-packages/airflow/example_dags/example_subdag_operator.py took 0.111 seconds
[2025-07-22T09:21:33.541+0000] {processor.py:161} INFO - Started process (PID=3539) to work on /home/airflow/.local/lib/python3.12/site-packages/airflow/example_dags/example_subdag_operator.py
[2025-07-22T09:21:33.543+0000] {processor.py:830} INFO - Processing file /home/airflow/.local/lib/python3.12/site-packages/airflow/example_dags/example_subdag_operator.py for tasks to queue
[2025-07-22T09:21:33.545+0000] {logging_mixin.py:188} INFO - [2025-07-22T09:21:33.545+0000] {dagbag.py:545} INFO - Filling up the DagBag from /home/airflow/.local/lib/python3.12/site-packages/airflow/example_dags/example_subdag_operator.py
[2025-07-22T09:21:33.573+0000] {processor.py:840} INFO - DAG(s) 'example_subdag_operator.section-1', 'example_subdag_operator.section-2', 'example_subdag_operator' retrieved from /home/airflow/.local/lib/python3.12/site-packages/airflow/example_dags/example_subdag_operator.py
[2025-07-22T09:21:33.591+0000] {logging_mixin.py:188} INFO - [2025-07-22T09:21:33.591+0000] {dag.py:3096} INFO - Sync 3 DAGs
[2025-07-22T09:21:33.615+0000] {logging_mixin.py:188} INFO - [2025-07-22T09:21:33.615+0000] {dag.py:3954} INFO - Setting next_dagrun for example_subdag_operator to 2022-01-01 00:00:00+00:00, run_after=2022-01-01 00:00:00+00:00
[2025-07-22T09:21:33.621+0000] {logging_mixin.py:188} INFO - [2025-07-22T09:21:33.620+0000] {dag.py:3954} INFO - Setting next_dagrun for example_subdag_operator.section-1 to None, run_after=None
[2025-07-22T09:21:33.623+0000] {logging_mixin.py:188} INFO - [2025-07-22T09:21:33.623+0000] {dag.py:3954} INFO - Setting next_dagrun for example_subdag_operator.section-2 to None, run_after=None
[2025-07-22T09:21:33.631+0000] {logging_mixin.py:188} INFO - [2025-07-22T09:21:33.631+0000] {dag.py:3096} INFO - Sync 2 DAGs
[2025-07-22T09:21:33.638+0000] {logging_mixin.py:188} INFO - [2025-07-22T09:21:33.638+0000] {dag.py:3954} INFO - Setting next_dagrun for example_subdag_operator.section-1 to None, run_after=None
[2025-07-22T09:21:33.639+0000] {logging_mixin.py:188} INFO - [2025-07-22T09:21:33.638+0000] {dag.py:3954} INFO - Setting next_dagrun for example_subdag_operator.section-2 to None, run_after=None
[2025-07-22T09:21:33.653+0000] {processor.py:183} INFO - Processing /home/airflow/.local/lib/python3.12/site-packages/airflow/example_dags/example_subdag_operator.py took 0.118 seconds
[2025-07-22T09:22:03.818+0000] {processor.py:161} INFO - Started process (PID=3599) to work on /home/airflow/.local/lib/python3.12/site-packages/airflow/example_dags/example_subdag_operator.py
[2025-07-22T09:22:03.819+0000] {processor.py:830} INFO - Processing file /home/airflow/.local/lib/python3.12/site-packages/airflow/example_dags/example_subdag_operator.py for tasks to queue
[2025-07-22T09:22:03.822+0000] {logging_mixin.py:188} INFO - [2025-07-22T09:22:03.822+0000] {dagbag.py:545} INFO - Filling up the DagBag from /home/airflow/.local/lib/python3.12/site-packages/airflow/example_dags/example_subdag_operator.py
[2025-07-22T09:22:03.853+0000] {processor.py:840} INFO - DAG(s) 'example_subdag_operator.section-1', 'example_subdag_operator.section-2', 'example_subdag_operator' retrieved from /home/airflow/.local/lib/python3.12/site-packages/airflow/example_dags/example_subdag_operator.py
[2025-07-22T09:22:03.875+0000] {logging_mixin.py:188} INFO - [2025-07-22T09:22:03.875+0000] {dag.py:3096} INFO - Sync 3 DAGs
[2025-07-22T09:22:03.906+0000] {logging_mixin.py:188} INFO - [2025-07-22T09:22:03.906+0000] {dag.py:3954} INFO - Setting next_dagrun for example_subdag_operator to 2022-01-01 00:00:00+00:00, run_after=2022-01-01 00:00:00+00:00
[2025-07-22T09:22:03.912+0000] {logging_mixin.py:188} INFO - [2025-07-22T09:22:03.912+0000] {dag.py:3954} INFO - Setting next_dagrun for example_subdag_operator.section-1 to None, run_after=None
[2025-07-22T09:22:03.915+0000] {logging_mixin.py:188} INFO - [2025-07-22T09:22:03.914+0000] {dag.py:3954} INFO - Setting next_dagrun for example_subdag_operator.section-2 to None, run_after=None
[2025-07-22T09:22:03.925+0000] {logging_mixin.py:188} INFO - [2025-07-22T09:22:03.925+0000] {dag.py:3096} INFO - Sync 2 DAGs
[2025-07-22T09:22:03.933+0000] {logging_mixin.py:188} INFO - [2025-07-22T09:22:03.933+0000] {dag.py:3954} INFO - Setting next_dagrun for example_subdag_operator.section-1 to None, run_after=None
[2025-07-22T09:22:03.934+0000] {logging_mixin.py:188} INFO - [2025-07-22T09:22:03.934+0000] {dag.py:3954} INFO - Setting next_dagrun for example_subdag_operator.section-2 to None, run_after=None
[2025-07-22T09:22:03.953+0000] {processor.py:183} INFO - Processing /home/airflow/.local/lib/python3.12/site-packages/airflow/example_dags/example_subdag_operator.py took 0.142 seconds
[2025-07-22T09:22:34.487+0000] {processor.py:161} INFO - Started process (PID=3659) to work on /home/airflow/.local/lib/python3.12/site-packages/airflow/example_dags/example_subdag_operator.py
[2025-07-22T09:22:34.490+0000] {processor.py:830} INFO - Processing file /home/airflow/.local/lib/python3.12/site-packages/airflow/example_dags/example_subdag_operator.py for tasks to queue
[2025-07-22T09:22:34.499+0000] {logging_mixin.py:188} INFO - [2025-07-22T09:22:34.498+0000] {dagbag.py:545} INFO - Filling up the DagBag from /home/airflow/.local/lib/python3.12/site-packages/airflow/example_dags/example_subdag_operator.py
[2025-07-22T09:22:34.589+0000] {processor.py:840} INFO - DAG(s) 'example_subdag_operator.section-1', 'example_subdag_operator.section-2', 'example_subdag_operator' retrieved from /home/airflow/.local/lib/python3.12/site-packages/airflow/example_dags/example_subdag_operator.py
[2025-07-22T09:22:34.671+0000] {logging_mixin.py:188} INFO - [2025-07-22T09:22:34.670+0000] {dag.py:3096} INFO - Sync 3 DAGs
[2025-07-22T09:22:34.717+0000] {logging_mixin.py:188} INFO - [2025-07-22T09:22:34.716+0000] {dag.py:3954} INFO - Setting next_dagrun for example_subdag_operator to 2022-01-01 00:00:00+00:00, run_after=2022-01-01 00:00:00+00:00
[2025-07-22T09:22:34.722+0000] {logging_mixin.py:188} INFO - [2025-07-22T09:22:34.722+0000] {dag.py:3954} INFO - Setting next_dagrun for example_subdag_operator.section-1 to None, run_after=None
[2025-07-22T09:22:34.724+0000] {logging_mixin.py:188} INFO - [2025-07-22T09:22:34.724+0000] {dag.py:3954} INFO - Setting next_dagrun for example_subdag_operator.section-2 to None, run_after=None
[2025-07-22T09:22:34.735+0000] {logging_mixin.py:188} INFO - [2025-07-22T09:22:34.735+0000] {dag.py:3096} INFO - Sync 2 DAGs
[2025-07-22T09:22:34.743+0000] {logging_mixin.py:188} INFO - [2025-07-22T09:22:34.743+0000] {dag.py:3954} INFO - Setting next_dagrun for example_subdag_operator.section-1 to None, run_after=None
[2025-07-22T09:22:34.744+0000] {logging_mixin.py:188} INFO - [2025-07-22T09:22:34.744+0000] {dag.py:3954} INFO - Setting next_dagrun for example_subdag_operator.section-2 to None, run_after=None
[2025-07-22T09:22:34.763+0000] {processor.py:183} INFO - Processing /home/airflow/.local/lib/python3.12/site-packages/airflow/example_dags/example_subdag_operator.py took 0.295 seconds
