[2025-07-22T08:52:08.192+0000] {processor.py:161} INFO - Started process (PID=92) to work on /home/airflow/.local/lib/python3.12/site-packages/airflow/example_dags/example_datasets.py
[2025-07-22T08:52:08.193+0000] {processor.py:830} INFO - Processing file /home/airflow/.local/lib/python3.12/site-packages/airflow/example_dags/example_datasets.py for tasks to queue
[2025-07-22T08:52:08.196+0000] {logging_mixin.py:188} INFO - [2025-07-22T08:52:08.195+0000] {dagbag.py:545} INFO - Filling up the DagBag from /home/airflow/.local/lib/python3.12/site-packages/airflow/example_dags/example_datasets.py
[2025-07-22T08:52:08.217+0000] {processor.py:840} INFO - DAG(s) 'dataset_consumes_1', 'consume_1_or_both_2_and_3_with_dataset_expressions', 'dataset_consumes_unknown_never_scheduled', 'dataset_produces_1', 'consume_1_or_2_with_dataset_expressions', 'dataset_produces_2', 'conditional_dataset_and_time_based_timetable', 'dataset_consumes_1_and_2', 'consume_1_and_2_with_dataset_expressions', 'dataset_consumes_1_never_scheduled' retrieved from /home/airflow/.local/lib/python3.12/site-packages/airflow/example_dags/example_datasets.py
[2025-07-22T08:52:08.581+0000] {logging_mixin.py:188} INFO - [2025-07-22T08:52:08.581+0000] {dag.py:3096} INFO - Sync 10 DAGs
[2025-07-22T08:52:08.610+0000] {logging_mixin.py:188} INFO - [2025-07-22T08:52:08.610+0000] {dag.py:3954} INFO - Setting next_dagrun for conditional_dataset_and_time_based_timetable to 2025-07-16 01:00:00+00:00, run_after=2025-07-16 01:00:00+00:00
[2025-07-22T08:52:08.615+0000] {logging_mixin.py:188} INFO - [2025-07-22T08:52:08.614+0000] {dag.py:3954} INFO - Setting next_dagrun for consume_1_and_2_with_dataset_expressions to None, run_after=None
[2025-07-22T08:52:08.616+0000] {logging_mixin.py:188} INFO - [2025-07-22T08:52:08.616+0000] {dag.py:3954} INFO - Setting next_dagrun for consume_1_or_2_with_dataset_expressions to None, run_after=None
[2025-07-22T08:52:08.618+0000] {logging_mixin.py:188} INFO - [2025-07-22T08:52:08.618+0000] {dag.py:3954} INFO - Setting next_dagrun for consume_1_or_both_2_and_3_with_dataset_expressions to None, run_after=None
[2025-07-22T08:52:08.620+0000] {logging_mixin.py:188} INFO - [2025-07-22T08:52:08.620+0000] {dag.py:3954} INFO - Setting next_dagrun for dataset_consumes_1 to None, run_after=None
[2025-07-22T08:52:08.621+0000] {logging_mixin.py:188} INFO - [2025-07-22T08:52:08.621+0000] {dag.py:3954} INFO - Setting next_dagrun for dataset_consumes_1_and_2 to None, run_after=None
[2025-07-22T08:52:08.623+0000] {logging_mixin.py:188} INFO - [2025-07-22T08:52:08.623+0000] {dag.py:3954} INFO - Setting next_dagrun for dataset_consumes_1_never_scheduled to None, run_after=None
[2025-07-22T08:52:08.625+0000] {logging_mixin.py:188} INFO - [2025-07-22T08:52:08.624+0000] {dag.py:3954} INFO - Setting next_dagrun for dataset_consumes_unknown_never_scheduled to None, run_after=None
[2025-07-22T08:52:08.628+0000] {logging_mixin.py:188} INFO - [2025-07-22T08:52:08.628+0000] {dag.py:3954} INFO - Setting next_dagrun for dataset_produces_1 to 2025-07-21 00:00:00+00:00, run_after=2025-07-22 00:00:00+00:00
[2025-07-22T08:52:08.630+0000] {logging_mixin.py:188} INFO - [2025-07-22T08:52:08.629+0000] {dag.py:3954} INFO - Setting next_dagrun for dataset_produces_2 to None, run_after=None
[2025-07-22T08:52:08.675+0000] {processor.py:183} INFO - Processing /home/airflow/.local/lib/python3.12/site-packages/airflow/example_dags/example_datasets.py took 0.491 seconds
[2025-07-22T08:52:39.604+0000] {processor.py:161} INFO - Started process (PID=150) to work on /home/airflow/.local/lib/python3.12/site-packages/airflow/example_dags/example_datasets.py
[2025-07-22T08:52:39.606+0000] {processor.py:830} INFO - Processing file /home/airflow/.local/lib/python3.12/site-packages/airflow/example_dags/example_datasets.py for tasks to queue
[2025-07-22T08:52:39.608+0000] {logging_mixin.py:188} INFO - [2025-07-22T08:52:39.608+0000] {dagbag.py:545} INFO - Filling up the DagBag from /home/airflow/.local/lib/python3.12/site-packages/airflow/example_dags/example_datasets.py
[2025-07-22T08:52:39.624+0000] {processor.py:840} INFO - DAG(s) 'dataset_produces_1', 'consume_1_or_both_2_and_3_with_dataset_expressions', 'dataset_consumes_1_and_2', 'consume_1_and_2_with_dataset_expressions', 'dataset_produces_2', 'dataset_consumes_unknown_never_scheduled', 'conditional_dataset_and_time_based_timetable', 'dataset_consumes_1', 'dataset_consumes_1_never_scheduled', 'consume_1_or_2_with_dataset_expressions' retrieved from /home/airflow/.local/lib/python3.12/site-packages/airflow/example_dags/example_datasets.py
[2025-07-22T08:52:39.692+0000] {logging_mixin.py:188} INFO - [2025-07-22T08:52:39.692+0000] {dag.py:3096} INFO - Sync 10 DAGs
[2025-07-22T08:52:39.722+0000] {logging_mixin.py:188} INFO - [2025-07-22T08:52:39.722+0000] {dag.py:3954} INFO - Setting next_dagrun for conditional_dataset_and_time_based_timetable to 2025-07-16 01:00:00+00:00, run_after=2025-07-16 01:00:00+00:00
[2025-07-22T08:52:39.727+0000] {logging_mixin.py:188} INFO - [2025-07-22T08:52:39.726+0000] {dag.py:3954} INFO - Setting next_dagrun for consume_1_and_2_with_dataset_expressions to None, run_after=None
[2025-07-22T08:52:39.728+0000] {logging_mixin.py:188} INFO - [2025-07-22T08:52:39.728+0000] {dag.py:3954} INFO - Setting next_dagrun for consume_1_or_2_with_dataset_expressions to None, run_after=None
[2025-07-22T08:52:39.730+0000] {logging_mixin.py:188} INFO - [2025-07-22T08:52:39.730+0000] {dag.py:3954} INFO - Setting next_dagrun for consume_1_or_both_2_and_3_with_dataset_expressions to None, run_after=None
[2025-07-22T08:52:39.732+0000] {logging_mixin.py:188} INFO - [2025-07-22T08:52:39.732+0000] {dag.py:3954} INFO - Setting next_dagrun for dataset_consumes_1 to None, run_after=None
[2025-07-22T08:52:39.734+0000] {logging_mixin.py:188} INFO - [2025-07-22T08:52:39.733+0000] {dag.py:3954} INFO - Setting next_dagrun for dataset_consumes_1_and_2 to None, run_after=None
[2025-07-22T08:52:39.735+0000] {logging_mixin.py:188} INFO - [2025-07-22T08:52:39.735+0000] {dag.py:3954} INFO - Setting next_dagrun for dataset_consumes_1_never_scheduled to None, run_after=None
[2025-07-22T08:52:39.737+0000] {logging_mixin.py:188} INFO - [2025-07-22T08:52:39.737+0000] {dag.py:3954} INFO - Setting next_dagrun for dataset_consumes_unknown_never_scheduled to None, run_after=None
[2025-07-22T08:52:39.740+0000] {logging_mixin.py:188} INFO - [2025-07-22T08:52:39.740+0000] {dag.py:3954} INFO - Setting next_dagrun for dataset_produces_1 to 2025-07-21 00:00:00+00:00, run_after=2025-07-22 00:00:00+00:00
[2025-07-22T08:52:39.743+0000] {logging_mixin.py:188} INFO - [2025-07-22T08:52:39.743+0000] {dag.py:3954} INFO - Setting next_dagrun for dataset_produces_2 to None, run_after=None
[2025-07-22T08:52:39.780+0000] {processor.py:183} INFO - Processing /home/airflow/.local/lib/python3.12/site-packages/airflow/example_dags/example_datasets.py took 0.182 seconds
[2025-07-22T08:53:10.169+0000] {processor.py:161} INFO - Started process (PID=208) to work on /home/airflow/.local/lib/python3.12/site-packages/airflow/example_dags/example_datasets.py
[2025-07-22T08:53:10.171+0000] {processor.py:830} INFO - Processing file /home/airflow/.local/lib/python3.12/site-packages/airflow/example_dags/example_datasets.py for tasks to queue
[2025-07-22T08:53:10.174+0000] {logging_mixin.py:188} INFO - [2025-07-22T08:53:10.174+0000] {dagbag.py:545} INFO - Filling up the DagBag from /home/airflow/.local/lib/python3.12/site-packages/airflow/example_dags/example_datasets.py
[2025-07-22T08:53:10.207+0000] {processor.py:840} INFO - DAG(s) 'dataset_produces_2', 'dataset_produces_1', 'conditional_dataset_and_time_based_timetable', 'consume_1_or_2_with_dataset_expressions', 'consume_1_or_both_2_and_3_with_dataset_expressions', 'dataset_consumes_unknown_never_scheduled', 'consume_1_and_2_with_dataset_expressions', 'dataset_consumes_1_never_scheduled', 'dataset_consumes_1_and_2', 'dataset_consumes_1' retrieved from /home/airflow/.local/lib/python3.12/site-packages/airflow/example_dags/example_datasets.py
[2025-07-22T08:53:10.304+0000] {logging_mixin.py:188} INFO - [2025-07-22T08:53:10.304+0000] {dag.py:3096} INFO - Sync 10 DAGs
[2025-07-22T08:53:10.362+0000] {logging_mixin.py:188} INFO - [2025-07-22T08:53:10.362+0000] {dag.py:3954} INFO - Setting next_dagrun for conditional_dataset_and_time_based_timetable to 2025-07-16 01:00:00+00:00, run_after=2025-07-16 01:00:00+00:00
[2025-07-22T08:53:10.368+0000] {logging_mixin.py:188} INFO - [2025-07-22T08:53:10.368+0000] {dag.py:3954} INFO - Setting next_dagrun for consume_1_and_2_with_dataset_expressions to None, run_after=None
[2025-07-22T08:53:10.371+0000] {logging_mixin.py:188} INFO - [2025-07-22T08:53:10.371+0000] {dag.py:3954} INFO - Setting next_dagrun for consume_1_or_2_with_dataset_expressions to None, run_after=None
[2025-07-22T08:53:10.374+0000] {logging_mixin.py:188} INFO - [2025-07-22T08:53:10.374+0000] {dag.py:3954} INFO - Setting next_dagrun for consume_1_or_both_2_and_3_with_dataset_expressions to None, run_after=None
[2025-07-22T08:53:10.378+0000] {logging_mixin.py:188} INFO - [2025-07-22T08:53:10.377+0000] {dag.py:3954} INFO - Setting next_dagrun for dataset_consumes_1 to None, run_after=None
[2025-07-22T08:53:10.380+0000] {logging_mixin.py:188} INFO - [2025-07-22T08:53:10.380+0000] {dag.py:3954} INFO - Setting next_dagrun for dataset_consumes_1_and_2 to None, run_after=None
[2025-07-22T08:53:10.384+0000] {logging_mixin.py:188} INFO - [2025-07-22T08:53:10.383+0000] {dag.py:3954} INFO - Setting next_dagrun for dataset_consumes_1_never_scheduled to None, run_after=None
[2025-07-22T08:53:10.386+0000] {logging_mixin.py:188} INFO - [2025-07-22T08:53:10.386+0000] {dag.py:3954} INFO - Setting next_dagrun for dataset_consumes_unknown_never_scheduled to None, run_after=None
[2025-07-22T08:53:10.392+0000] {logging_mixin.py:188} INFO - [2025-07-22T08:53:10.391+0000] {dag.py:3954} INFO - Setting next_dagrun for dataset_produces_1 to 2025-07-21 00:00:00+00:00, run_after=2025-07-22 00:00:00+00:00
[2025-07-22T08:53:10.396+0000] {logging_mixin.py:188} INFO - [2025-07-22T08:53:10.396+0000] {dag.py:3954} INFO - Setting next_dagrun for dataset_produces_2 to None, run_after=None
[2025-07-22T08:53:10.463+0000] {processor.py:183} INFO - Processing /home/airflow/.local/lib/python3.12/site-packages/airflow/example_dags/example_datasets.py took 0.304 seconds
[2025-07-22T08:53:40.532+0000] {processor.py:161} INFO - Started process (PID=267) to work on /home/airflow/.local/lib/python3.12/site-packages/airflow/example_dags/example_datasets.py
[2025-07-22T08:53:40.534+0000] {processor.py:830} INFO - Processing file /home/airflow/.local/lib/python3.12/site-packages/airflow/example_dags/example_datasets.py for tasks to queue
[2025-07-22T08:53:40.536+0000] {logging_mixin.py:188} INFO - [2025-07-22T08:53:40.536+0000] {dagbag.py:545} INFO - Filling up the DagBag from /home/airflow/.local/lib/python3.12/site-packages/airflow/example_dags/example_datasets.py
[2025-07-22T08:53:40.553+0000] {processor.py:840} INFO - DAG(s) 'dataset_produces_2', 'dataset_consumes_1_never_scheduled', 'dataset_produces_1', 'consume_1_or_both_2_and_3_with_dataset_expressions', 'consume_1_and_2_with_dataset_expressions', 'consume_1_or_2_with_dataset_expressions', 'dataset_consumes_1_and_2', 'dataset_consumes_1', 'dataset_consumes_unknown_never_scheduled', 'conditional_dataset_and_time_based_timetable' retrieved from /home/airflow/.local/lib/python3.12/site-packages/airflow/example_dags/example_datasets.py
[2025-07-22T08:53:40.614+0000] {logging_mixin.py:188} INFO - [2025-07-22T08:53:40.613+0000] {dag.py:3096} INFO - Sync 10 DAGs
[2025-07-22T08:53:40.668+0000] {logging_mixin.py:188} INFO - [2025-07-22T08:53:40.668+0000] {dag.py:3954} INFO - Setting next_dagrun for conditional_dataset_and_time_based_timetable to 2025-07-16 01:00:00+00:00, run_after=2025-07-16 01:00:00+00:00
[2025-07-22T08:53:40.675+0000] {logging_mixin.py:188} INFO - [2025-07-22T08:53:40.675+0000] {dag.py:3954} INFO - Setting next_dagrun for consume_1_and_2_with_dataset_expressions to None, run_after=None
[2025-07-22T08:53:40.677+0000] {logging_mixin.py:188} INFO - [2025-07-22T08:53:40.677+0000] {dag.py:3954} INFO - Setting next_dagrun for consume_1_or_2_with_dataset_expressions to None, run_after=None
[2025-07-22T08:53:40.679+0000] {logging_mixin.py:188} INFO - [2025-07-22T08:53:40.679+0000] {dag.py:3954} INFO - Setting next_dagrun for consume_1_or_both_2_and_3_with_dataset_expressions to None, run_after=None
[2025-07-22T08:53:40.681+0000] {logging_mixin.py:188} INFO - [2025-07-22T08:53:40.681+0000] {dag.py:3954} INFO - Setting next_dagrun for dataset_consumes_1 to None, run_after=None
[2025-07-22T08:53:40.683+0000] {logging_mixin.py:188} INFO - [2025-07-22T08:53:40.683+0000] {dag.py:3954} INFO - Setting next_dagrun for dataset_consumes_1_and_2 to None, run_after=None
[2025-07-22T08:53:40.685+0000] {logging_mixin.py:188} INFO - [2025-07-22T08:53:40.685+0000] {dag.py:3954} INFO - Setting next_dagrun for dataset_consumes_1_never_scheduled to None, run_after=None
[2025-07-22T08:53:40.687+0000] {logging_mixin.py:188} INFO - [2025-07-22T08:53:40.687+0000] {dag.py:3954} INFO - Setting next_dagrun for dataset_consumes_unknown_never_scheduled to None, run_after=None
[2025-07-22T08:53:40.690+0000] {logging_mixin.py:188} INFO - [2025-07-22T08:53:40.690+0000] {dag.py:3954} INFO - Setting next_dagrun for dataset_produces_1 to 2025-07-21 00:00:00+00:00, run_after=2025-07-22 00:00:00+00:00
[2025-07-22T08:53:40.692+0000] {logging_mixin.py:188} INFO - [2025-07-22T08:53:40.692+0000] {dag.py:3954} INFO - Setting next_dagrun for dataset_produces_2 to None, run_after=None
[2025-07-22T08:53:40.751+0000] {processor.py:183} INFO - Processing /home/airflow/.local/lib/python3.12/site-packages/airflow/example_dags/example_datasets.py took 0.225 seconds
[2025-07-22T08:54:10.952+0000] {processor.py:161} INFO - Started process (PID=324) to work on /home/airflow/.local/lib/python3.12/site-packages/airflow/example_dags/example_datasets.py
[2025-07-22T08:54:10.954+0000] {processor.py:830} INFO - Processing file /home/airflow/.local/lib/python3.12/site-packages/airflow/example_dags/example_datasets.py for tasks to queue
[2025-07-22T08:54:10.956+0000] {logging_mixin.py:188} INFO - [2025-07-22T08:54:10.955+0000] {dagbag.py:545} INFO - Filling up the DagBag from /home/airflow/.local/lib/python3.12/site-packages/airflow/example_dags/example_datasets.py
[2025-07-22T08:54:10.970+0000] {processor.py:840} INFO - DAG(s) 'consume_1_or_2_with_dataset_expressions', 'consume_1_or_both_2_and_3_with_dataset_expressions', 'dataset_consumes_1_never_scheduled', 'dataset_consumes_unknown_never_scheduled', 'dataset_produces_1', 'dataset_consumes_1_and_2', 'dataset_produces_2', 'consume_1_and_2_with_dataset_expressions', 'conditional_dataset_and_time_based_timetable', 'dataset_consumes_1' retrieved from /home/airflow/.local/lib/python3.12/site-packages/airflow/example_dags/example_datasets.py
[2025-07-22T08:54:11.023+0000] {logging_mixin.py:188} INFO - [2025-07-22T08:54:11.022+0000] {dag.py:3096} INFO - Sync 10 DAGs
[2025-07-22T08:54:11.065+0000] {logging_mixin.py:188} INFO - [2025-07-22T08:54:11.065+0000] {dag.py:3954} INFO - Setting next_dagrun for conditional_dataset_and_time_based_timetable to 2025-07-16 01:00:00+00:00, run_after=2025-07-16 01:00:00+00:00
[2025-07-22T08:54:11.070+0000] {logging_mixin.py:188} INFO - [2025-07-22T08:54:11.070+0000] {dag.py:3954} INFO - Setting next_dagrun for consume_1_and_2_with_dataset_expressions to None, run_after=None
[2025-07-22T08:54:11.072+0000] {logging_mixin.py:188} INFO - [2025-07-22T08:54:11.072+0000] {dag.py:3954} INFO - Setting next_dagrun for consume_1_or_2_with_dataset_expressions to None, run_after=None
[2025-07-22T08:54:11.074+0000] {logging_mixin.py:188} INFO - [2025-07-22T08:54:11.074+0000] {dag.py:3954} INFO - Setting next_dagrun for consume_1_or_both_2_and_3_with_dataset_expressions to None, run_after=None
[2025-07-22T08:54:11.076+0000] {logging_mixin.py:188} INFO - [2025-07-22T08:54:11.076+0000] {dag.py:3954} INFO - Setting next_dagrun for dataset_consumes_1 to None, run_after=None
[2025-07-22T08:54:11.077+0000] {logging_mixin.py:188} INFO - [2025-07-22T08:54:11.077+0000] {dag.py:3954} INFO - Setting next_dagrun for dataset_consumes_1_and_2 to None, run_after=None
[2025-07-22T08:54:11.079+0000] {logging_mixin.py:188} INFO - [2025-07-22T08:54:11.079+0000] {dag.py:3954} INFO - Setting next_dagrun for dataset_consumes_1_never_scheduled to None, run_after=None
[2025-07-22T08:54:11.081+0000] {logging_mixin.py:188} INFO - [2025-07-22T08:54:11.081+0000] {dag.py:3954} INFO - Setting next_dagrun for dataset_consumes_unknown_never_scheduled to None, run_after=None
[2025-07-22T08:54:11.084+0000] {logging_mixin.py:188} INFO - [2025-07-22T08:54:11.084+0000] {dag.py:3954} INFO - Setting next_dagrun for dataset_produces_1 to 2025-07-21 00:00:00+00:00, run_after=2025-07-22 00:00:00+00:00
[2025-07-22T08:54:11.087+0000] {logging_mixin.py:188} INFO - [2025-07-22T08:54:11.086+0000] {dag.py:3954} INFO - Setting next_dagrun for dataset_produces_2 to None, run_after=None
[2025-07-22T08:54:11.133+0000] {processor.py:183} INFO - Processing /home/airflow/.local/lib/python3.12/site-packages/airflow/example_dags/example_datasets.py took 0.188 seconds
[2025-07-22T08:54:41.274+0000] {processor.py:161} INFO - Started process (PID=382) to work on /home/airflow/.local/lib/python3.12/site-packages/airflow/example_dags/example_datasets.py
[2025-07-22T08:54:41.276+0000] {processor.py:830} INFO - Processing file /home/airflow/.local/lib/python3.12/site-packages/airflow/example_dags/example_datasets.py for tasks to queue
[2025-07-22T08:54:41.279+0000] {logging_mixin.py:188} INFO - [2025-07-22T08:54:41.279+0000] {dagbag.py:545} INFO - Filling up the DagBag from /home/airflow/.local/lib/python3.12/site-packages/airflow/example_dags/example_datasets.py
[2025-07-22T08:54:41.302+0000] {processor.py:840} INFO - DAG(s) 'consume_1_or_2_with_dataset_expressions', 'conditional_dataset_and_time_based_timetable', 'dataset_consumes_unknown_never_scheduled', 'consume_1_or_both_2_and_3_with_dataset_expressions', 'dataset_produces_2', 'dataset_consumes_1_never_scheduled', 'dataset_consumes_1_and_2', 'consume_1_and_2_with_dataset_expressions', 'dataset_consumes_1', 'dataset_produces_1' retrieved from /home/airflow/.local/lib/python3.12/site-packages/airflow/example_dags/example_datasets.py
[2025-07-22T08:54:41.377+0000] {logging_mixin.py:188} INFO - [2025-07-22T08:54:41.376+0000] {dag.py:3096} INFO - Sync 10 DAGs
[2025-07-22T08:54:41.415+0000] {logging_mixin.py:188} INFO - [2025-07-22T08:54:41.414+0000] {dag.py:3954} INFO - Setting next_dagrun for conditional_dataset_and_time_based_timetable to 2025-07-16 01:00:00+00:00, run_after=2025-07-16 01:00:00+00:00
[2025-07-22T08:54:41.424+0000] {logging_mixin.py:188} INFO - [2025-07-22T08:54:41.423+0000] {dag.py:3954} INFO - Setting next_dagrun for consume_1_and_2_with_dataset_expressions to None, run_after=None
[2025-07-22T08:54:41.426+0000] {logging_mixin.py:188} INFO - [2025-07-22T08:54:41.426+0000] {dag.py:3954} INFO - Setting next_dagrun for consume_1_or_2_with_dataset_expressions to None, run_after=None
[2025-07-22T08:54:41.429+0000] {logging_mixin.py:188} INFO - [2025-07-22T08:54:41.429+0000] {dag.py:3954} INFO - Setting next_dagrun for consume_1_or_both_2_and_3_with_dataset_expressions to None, run_after=None
[2025-07-22T08:54:41.432+0000] {logging_mixin.py:188} INFO - [2025-07-22T08:54:41.431+0000] {dag.py:3954} INFO - Setting next_dagrun for dataset_consumes_1 to None, run_after=None
[2025-07-22T08:54:41.434+0000] {logging_mixin.py:188} INFO - [2025-07-22T08:54:41.434+0000] {dag.py:3954} INFO - Setting next_dagrun for dataset_consumes_1_and_2 to None, run_after=None
[2025-07-22T08:54:41.436+0000] {logging_mixin.py:188} INFO - [2025-07-22T08:54:41.435+0000] {dag.py:3954} INFO - Setting next_dagrun for dataset_consumes_1_never_scheduled to None, run_after=None
[2025-07-22T08:54:41.437+0000] {logging_mixin.py:188} INFO - [2025-07-22T08:54:41.437+0000] {dag.py:3954} INFO - Setting next_dagrun for dataset_consumes_unknown_never_scheduled to None, run_after=None
[2025-07-22T08:54:41.441+0000] {logging_mixin.py:188} INFO - [2025-07-22T08:54:41.441+0000] {dag.py:3954} INFO - Setting next_dagrun for dataset_produces_1 to 2025-07-21 00:00:00+00:00, run_after=2025-07-22 00:00:00+00:00
[2025-07-22T08:54:41.443+0000] {logging_mixin.py:188} INFO - [2025-07-22T08:54:41.443+0000] {dag.py:3954} INFO - Setting next_dagrun for dataset_produces_2 to None, run_after=None
[2025-07-22T08:54:41.496+0000] {processor.py:183} INFO - Processing /home/airflow/.local/lib/python3.12/site-packages/airflow/example_dags/example_datasets.py took 0.230 seconds
[2025-07-22T08:55:11.784+0000] {processor.py:161} INFO - Started process (PID=440) to work on /home/airflow/.local/lib/python3.12/site-packages/airflow/example_dags/example_datasets.py
[2025-07-22T08:55:11.786+0000] {processor.py:830} INFO - Processing file /home/airflow/.local/lib/python3.12/site-packages/airflow/example_dags/example_datasets.py for tasks to queue
[2025-07-22T08:55:11.790+0000] {logging_mixin.py:188} INFO - [2025-07-22T08:55:11.788+0000] {dagbag.py:545} INFO - Filling up the DagBag from /home/airflow/.local/lib/python3.12/site-packages/airflow/example_dags/example_datasets.py
[2025-07-22T08:55:11.814+0000] {processor.py:840} INFO - DAG(s) 'dataset_produces_2', 'consume_1_or_2_with_dataset_expressions', 'consume_1_or_both_2_and_3_with_dataset_expressions', 'consume_1_and_2_with_dataset_expressions', 'dataset_consumes_unknown_never_scheduled', 'dataset_consumes_1', 'conditional_dataset_and_time_based_timetable', 'dataset_consumes_1_never_scheduled', 'dataset_produces_1', 'dataset_consumes_1_and_2' retrieved from /home/airflow/.local/lib/python3.12/site-packages/airflow/example_dags/example_datasets.py
[2025-07-22T08:55:11.904+0000] {logging_mixin.py:188} INFO - [2025-07-22T08:55:11.904+0000] {dag.py:3096} INFO - Sync 10 DAGs
[2025-07-22T08:55:11.952+0000] {logging_mixin.py:188} INFO - [2025-07-22T08:55:11.951+0000] {dag.py:3954} INFO - Setting next_dagrun for conditional_dataset_and_time_based_timetable to 2025-07-16 01:00:00+00:00, run_after=2025-07-16 01:00:00+00:00
[2025-07-22T08:55:11.958+0000] {logging_mixin.py:188} INFO - [2025-07-22T08:55:11.958+0000] {dag.py:3954} INFO - Setting next_dagrun for consume_1_and_2_with_dataset_expressions to None, run_after=None
[2025-07-22T08:55:11.961+0000] {logging_mixin.py:188} INFO - [2025-07-22T08:55:11.960+0000] {dag.py:3954} INFO - Setting next_dagrun for consume_1_or_2_with_dataset_expressions to None, run_after=None
[2025-07-22T08:55:11.963+0000] {logging_mixin.py:188} INFO - [2025-07-22T08:55:11.963+0000] {dag.py:3954} INFO - Setting next_dagrun for consume_1_or_both_2_and_3_with_dataset_expressions to None, run_after=None
[2025-07-22T08:55:11.966+0000] {logging_mixin.py:188} INFO - [2025-07-22T08:55:11.966+0000] {dag.py:3954} INFO - Setting next_dagrun for dataset_consumes_1 to None, run_after=None
[2025-07-22T08:55:11.969+0000] {logging_mixin.py:188} INFO - [2025-07-22T08:55:11.968+0000] {dag.py:3954} INFO - Setting next_dagrun for dataset_consumes_1_and_2 to None, run_after=None
[2025-07-22T08:55:11.971+0000] {logging_mixin.py:188} INFO - [2025-07-22T08:55:11.970+0000] {dag.py:3954} INFO - Setting next_dagrun for dataset_consumes_1_never_scheduled to None, run_after=None
[2025-07-22T08:55:11.973+0000] {logging_mixin.py:188} INFO - [2025-07-22T08:55:11.972+0000] {dag.py:3954} INFO - Setting next_dagrun for dataset_consumes_unknown_never_scheduled to None, run_after=None
[2025-07-22T08:55:11.979+0000] {logging_mixin.py:188} INFO - [2025-07-22T08:55:11.978+0000] {dag.py:3954} INFO - Setting next_dagrun for dataset_produces_1 to 2025-07-21 00:00:00+00:00, run_after=2025-07-22 00:00:00+00:00
[2025-07-22T08:55:11.981+0000] {logging_mixin.py:188} INFO - [2025-07-22T08:55:11.981+0000] {dag.py:3954} INFO - Setting next_dagrun for dataset_produces_2 to None, run_after=None
[2025-07-22T08:55:12.103+0000] {processor.py:183} INFO - Processing /home/airflow/.local/lib/python3.12/site-packages/airflow/example_dags/example_datasets.py took 0.330 seconds
[2025-07-22T08:55:42.230+0000] {processor.py:161} INFO - Started process (PID=498) to work on /home/airflow/.local/lib/python3.12/site-packages/airflow/example_dags/example_datasets.py
[2025-07-22T08:55:42.232+0000] {processor.py:830} INFO - Processing file /home/airflow/.local/lib/python3.12/site-packages/airflow/example_dags/example_datasets.py for tasks to queue
[2025-07-22T08:55:42.234+0000] {logging_mixin.py:188} INFO - [2025-07-22T08:55:42.234+0000] {dagbag.py:545} INFO - Filling up the DagBag from /home/airflow/.local/lib/python3.12/site-packages/airflow/example_dags/example_datasets.py
[2025-07-22T08:55:42.249+0000] {processor.py:840} INFO - DAG(s) 'consume_1_or_2_with_dataset_expressions', 'dataset_consumes_1_never_scheduled', 'dataset_produces_1', 'dataset_consumes_1', 'consume_1_or_both_2_and_3_with_dataset_expressions', 'dataset_produces_2', 'dataset_consumes_1_and_2', 'consume_1_and_2_with_dataset_expressions', 'dataset_consumes_unknown_never_scheduled', 'conditional_dataset_and_time_based_timetable' retrieved from /home/airflow/.local/lib/python3.12/site-packages/airflow/example_dags/example_datasets.py
[2025-07-22T08:55:42.307+0000] {logging_mixin.py:188} INFO - [2025-07-22T08:55:42.307+0000] {dag.py:3096} INFO - Sync 10 DAGs
[2025-07-22T08:55:42.341+0000] {logging_mixin.py:188} INFO - [2025-07-22T08:55:42.341+0000] {dag.py:3954} INFO - Setting next_dagrun for conditional_dataset_and_time_based_timetable to 2025-07-16 01:00:00+00:00, run_after=2025-07-16 01:00:00+00:00
[2025-07-22T08:55:42.346+0000] {logging_mixin.py:188} INFO - [2025-07-22T08:55:42.346+0000] {dag.py:3954} INFO - Setting next_dagrun for consume_1_and_2_with_dataset_expressions to None, run_after=None
[2025-07-22T08:55:42.348+0000] {logging_mixin.py:188} INFO - [2025-07-22T08:55:42.348+0000] {dag.py:3954} INFO - Setting next_dagrun for consume_1_or_2_with_dataset_expressions to None, run_after=None
[2025-07-22T08:55:42.350+0000] {logging_mixin.py:188} INFO - [2025-07-22T08:55:42.350+0000] {dag.py:3954} INFO - Setting next_dagrun for consume_1_or_both_2_and_3_with_dataset_expressions to None, run_after=None
[2025-07-22T08:55:42.352+0000] {logging_mixin.py:188} INFO - [2025-07-22T08:55:42.352+0000] {dag.py:3954} INFO - Setting next_dagrun for dataset_consumes_1 to None, run_after=None
[2025-07-22T08:55:42.354+0000] {logging_mixin.py:188} INFO - [2025-07-22T08:55:42.354+0000] {dag.py:3954} INFO - Setting next_dagrun for dataset_consumes_1_and_2 to None, run_after=None
[2025-07-22T08:55:42.356+0000] {logging_mixin.py:188} INFO - [2025-07-22T08:55:42.356+0000] {dag.py:3954} INFO - Setting next_dagrun for dataset_consumes_1_never_scheduled to None, run_after=None
[2025-07-22T08:55:42.358+0000] {logging_mixin.py:188} INFO - [2025-07-22T08:55:42.357+0000] {dag.py:3954} INFO - Setting next_dagrun for dataset_consumes_unknown_never_scheduled to None, run_after=None
[2025-07-22T08:55:42.361+0000] {logging_mixin.py:188} INFO - [2025-07-22T08:55:42.360+0000] {dag.py:3954} INFO - Setting next_dagrun for dataset_produces_1 to 2025-07-21 00:00:00+00:00, run_after=2025-07-22 00:00:00+00:00
[2025-07-22T08:55:42.362+0000] {logging_mixin.py:188} INFO - [2025-07-22T08:55:42.362+0000] {dag.py:3954} INFO - Setting next_dagrun for dataset_produces_2 to None, run_after=None
[2025-07-22T08:55:42.401+0000] {processor.py:183} INFO - Processing /home/airflow/.local/lib/python3.12/site-packages/airflow/example_dags/example_datasets.py took 0.177 seconds
[2025-07-22T08:56:12.504+0000] {processor.py:161} INFO - Started process (PID=556) to work on /home/airflow/.local/lib/python3.12/site-packages/airflow/example_dags/example_datasets.py
[2025-07-22T08:56:12.506+0000] {processor.py:830} INFO - Processing file /home/airflow/.local/lib/python3.12/site-packages/airflow/example_dags/example_datasets.py for tasks to queue
[2025-07-22T08:56:12.508+0000] {logging_mixin.py:188} INFO - [2025-07-22T08:56:12.508+0000] {dagbag.py:545} INFO - Filling up the DagBag from /home/airflow/.local/lib/python3.12/site-packages/airflow/example_dags/example_datasets.py
[2025-07-22T08:56:12.526+0000] {processor.py:840} INFO - DAG(s) 'consume_1_or_both_2_and_3_with_dataset_expressions', 'consume_1_and_2_with_dataset_expressions', 'dataset_consumes_unknown_never_scheduled', 'dataset_consumes_1_never_scheduled', 'conditional_dataset_and_time_based_timetable', 'dataset_produces_1', 'dataset_produces_2', 'consume_1_or_2_with_dataset_expressions', 'dataset_consumes_1', 'dataset_consumes_1_and_2' retrieved from /home/airflow/.local/lib/python3.12/site-packages/airflow/example_dags/example_datasets.py
[2025-07-22T08:56:12.582+0000] {logging_mixin.py:188} INFO - [2025-07-22T08:56:12.582+0000] {dag.py:3096} INFO - Sync 10 DAGs
[2025-07-22T08:56:12.618+0000] {logging_mixin.py:188} INFO - [2025-07-22T08:56:12.618+0000] {dag.py:3954} INFO - Setting next_dagrun for conditional_dataset_and_time_based_timetable to 2025-07-16 01:00:00+00:00, run_after=2025-07-16 01:00:00+00:00
[2025-07-22T08:56:12.624+0000] {logging_mixin.py:188} INFO - [2025-07-22T08:56:12.623+0000] {dag.py:3954} INFO - Setting next_dagrun for consume_1_and_2_with_dataset_expressions to None, run_after=None
[2025-07-22T08:56:12.626+0000] {logging_mixin.py:188} INFO - [2025-07-22T08:56:12.626+0000] {dag.py:3954} INFO - Setting next_dagrun for consume_1_or_2_with_dataset_expressions to None, run_after=None
[2025-07-22T08:56:12.628+0000] {logging_mixin.py:188} INFO - [2025-07-22T08:56:12.628+0000] {dag.py:3954} INFO - Setting next_dagrun for consume_1_or_both_2_and_3_with_dataset_expressions to None, run_after=None
[2025-07-22T08:56:12.630+0000] {logging_mixin.py:188} INFO - [2025-07-22T08:56:12.630+0000] {dag.py:3954} INFO - Setting next_dagrun for dataset_consumes_1 to None, run_after=None
[2025-07-22T08:56:12.632+0000] {logging_mixin.py:188} INFO - [2025-07-22T08:56:12.632+0000] {dag.py:3954} INFO - Setting next_dagrun for dataset_consumes_1_and_2 to None, run_after=None
[2025-07-22T08:56:12.634+0000] {logging_mixin.py:188} INFO - [2025-07-22T08:56:12.634+0000] {dag.py:3954} INFO - Setting next_dagrun for dataset_consumes_1_never_scheduled to None, run_after=None
[2025-07-22T08:56:12.637+0000] {logging_mixin.py:188} INFO - [2025-07-22T08:56:12.636+0000] {dag.py:3954} INFO - Setting next_dagrun for dataset_consumes_unknown_never_scheduled to None, run_after=None
[2025-07-22T08:56:12.640+0000] {logging_mixin.py:188} INFO - [2025-07-22T08:56:12.640+0000] {dag.py:3954} INFO - Setting next_dagrun for dataset_produces_1 to 2025-07-21 00:00:00+00:00, run_after=2025-07-22 00:00:00+00:00
[2025-07-22T08:56:12.643+0000] {logging_mixin.py:188} INFO - [2025-07-22T08:56:12.642+0000] {dag.py:3954} INFO - Setting next_dagrun for dataset_produces_2 to None, run_after=None
[2025-07-22T08:56:12.685+0000] {processor.py:183} INFO - Processing /home/airflow/.local/lib/python3.12/site-packages/airflow/example_dags/example_datasets.py took 0.189 seconds
[2025-07-22T08:56:42.993+0000] {processor.py:161} INFO - Started process (PID=614) to work on /home/airflow/.local/lib/python3.12/site-packages/airflow/example_dags/example_datasets.py
[2025-07-22T08:56:42.994+0000] {processor.py:830} INFO - Processing file /home/airflow/.local/lib/python3.12/site-packages/airflow/example_dags/example_datasets.py for tasks to queue
[2025-07-22T08:56:42.997+0000] {logging_mixin.py:188} INFO - [2025-07-22T08:56:42.996+0000] {dagbag.py:545} INFO - Filling up the DagBag from /home/airflow/.local/lib/python3.12/site-packages/airflow/example_dags/example_datasets.py
[2025-07-22T08:56:43.018+0000] {processor.py:840} INFO - DAG(s) 'consume_1_and_2_with_dataset_expressions', 'dataset_consumes_unknown_never_scheduled', 'consume_1_or_2_with_dataset_expressions', 'dataset_consumes_1_and_2', 'dataset_produces_1', 'consume_1_or_both_2_and_3_with_dataset_expressions', 'dataset_produces_2', 'conditional_dataset_and_time_based_timetable', 'dataset_consumes_1_never_scheduled', 'dataset_consumes_1' retrieved from /home/airflow/.local/lib/python3.12/site-packages/airflow/example_dags/example_datasets.py
[2025-07-22T08:56:43.071+0000] {logging_mixin.py:188} INFO - [2025-07-22T08:56:43.071+0000] {dag.py:3096} INFO - Sync 10 DAGs
[2025-07-22T08:56:43.098+0000] {logging_mixin.py:188} INFO - [2025-07-22T08:56:43.098+0000] {dag.py:3954} INFO - Setting next_dagrun for conditional_dataset_and_time_based_timetable to 2025-07-16 01:00:00+00:00, run_after=2025-07-16 01:00:00+00:00
[2025-07-22T08:56:43.103+0000] {logging_mixin.py:188} INFO - [2025-07-22T08:56:43.103+0000] {dag.py:3954} INFO - Setting next_dagrun for consume_1_and_2_with_dataset_expressions to None, run_after=None
[2025-07-22T08:56:43.105+0000] {logging_mixin.py:188} INFO - [2025-07-22T08:56:43.105+0000] {dag.py:3954} INFO - Setting next_dagrun for consume_1_or_2_with_dataset_expressions to None, run_after=None
[2025-07-22T08:56:43.107+0000] {logging_mixin.py:188} INFO - [2025-07-22T08:56:43.107+0000] {dag.py:3954} INFO - Setting next_dagrun for consume_1_or_both_2_and_3_with_dataset_expressions to None, run_after=None
[2025-07-22T08:56:43.109+0000] {logging_mixin.py:188} INFO - [2025-07-22T08:56:43.109+0000] {dag.py:3954} INFO - Setting next_dagrun for dataset_consumes_1 to None, run_after=None
[2025-07-22T08:56:43.111+0000] {logging_mixin.py:188} INFO - [2025-07-22T08:56:43.111+0000] {dag.py:3954} INFO - Setting next_dagrun for dataset_consumes_1_and_2 to None, run_after=None
[2025-07-22T08:56:43.113+0000] {logging_mixin.py:188} INFO - [2025-07-22T08:56:43.113+0000] {dag.py:3954} INFO - Setting next_dagrun for dataset_consumes_1_never_scheduled to None, run_after=None
[2025-07-22T08:56:43.115+0000] {logging_mixin.py:188} INFO - [2025-07-22T08:56:43.115+0000] {dag.py:3954} INFO - Setting next_dagrun for dataset_consumes_unknown_never_scheduled to None, run_after=None
[2025-07-22T08:56:43.118+0000] {logging_mixin.py:188} INFO - [2025-07-22T08:56:43.118+0000] {dag.py:3954} INFO - Setting next_dagrun for dataset_produces_1 to 2025-07-21 00:00:00+00:00, run_after=2025-07-22 00:00:00+00:00
[2025-07-22T08:56:43.120+0000] {logging_mixin.py:188} INFO - [2025-07-22T08:56:43.120+0000] {dag.py:3954} INFO - Setting next_dagrun for dataset_produces_2 to None, run_after=None
[2025-07-22T08:56:43.170+0000] {processor.py:183} INFO - Processing /home/airflow/.local/lib/python3.12/site-packages/airflow/example_dags/example_datasets.py took 0.184 seconds
[2025-07-22T08:57:13.343+0000] {processor.py:161} INFO - Started process (PID=674) to work on /home/airflow/.local/lib/python3.12/site-packages/airflow/example_dags/example_datasets.py
[2025-07-22T08:57:13.344+0000] {processor.py:830} INFO - Processing file /home/airflow/.local/lib/python3.12/site-packages/airflow/example_dags/example_datasets.py for tasks to queue
[2025-07-22T08:57:13.347+0000] {logging_mixin.py:188} INFO - [2025-07-22T08:57:13.347+0000] {dagbag.py:545} INFO - Filling up the DagBag from /home/airflow/.local/lib/python3.12/site-packages/airflow/example_dags/example_datasets.py
[2025-07-22T08:57:13.373+0000] {processor.py:840} INFO - DAG(s) 'consume_1_or_both_2_and_3_with_dataset_expressions', 'dataset_consumes_unknown_never_scheduled', 'dataset_consumes_1_and_2', 'dataset_produces_1', 'consume_1_and_2_with_dataset_expressions', 'dataset_consumes_1', 'conditional_dataset_and_time_based_timetable', 'consume_1_or_2_with_dataset_expressions', 'dataset_consumes_1_never_scheduled', 'dataset_produces_2' retrieved from /home/airflow/.local/lib/python3.12/site-packages/airflow/example_dags/example_datasets.py
[2025-07-22T08:57:13.488+0000] {logging_mixin.py:188} INFO - [2025-07-22T08:57:13.487+0000] {dag.py:3096} INFO - Sync 10 DAGs
[2025-07-22T08:57:13.528+0000] {logging_mixin.py:188} INFO - [2025-07-22T08:57:13.528+0000] {dag.py:3954} INFO - Setting next_dagrun for conditional_dataset_and_time_based_timetable to 2025-07-16 01:00:00+00:00, run_after=2025-07-16 01:00:00+00:00
[2025-07-22T08:57:13.534+0000] {logging_mixin.py:188} INFO - [2025-07-22T08:57:13.534+0000] {dag.py:3954} INFO - Setting next_dagrun for consume_1_and_2_with_dataset_expressions to None, run_after=None
[2025-07-22T08:57:13.536+0000] {logging_mixin.py:188} INFO - [2025-07-22T08:57:13.536+0000] {dag.py:3954} INFO - Setting next_dagrun for consume_1_or_2_with_dataset_expressions to None, run_after=None
[2025-07-22T08:57:13.539+0000] {logging_mixin.py:188} INFO - [2025-07-22T08:57:13.539+0000] {dag.py:3954} INFO - Setting next_dagrun for consume_1_or_both_2_and_3_with_dataset_expressions to None, run_after=None
[2025-07-22T08:57:13.541+0000] {logging_mixin.py:188} INFO - [2025-07-22T08:57:13.541+0000] {dag.py:3954} INFO - Setting next_dagrun for dataset_consumes_1 to None, run_after=None
[2025-07-22T08:57:13.543+0000] {logging_mixin.py:188} INFO - [2025-07-22T08:57:13.543+0000] {dag.py:3954} INFO - Setting next_dagrun for dataset_consumes_1_and_2 to None, run_after=None
[2025-07-22T08:57:13.546+0000] {logging_mixin.py:188} INFO - [2025-07-22T08:57:13.546+0000] {dag.py:3954} INFO - Setting next_dagrun for dataset_consumes_1_never_scheduled to None, run_after=None
[2025-07-22T08:57:13.549+0000] {logging_mixin.py:188} INFO - [2025-07-22T08:57:13.548+0000] {dag.py:3954} INFO - Setting next_dagrun for dataset_consumes_unknown_never_scheduled to None, run_after=None
[2025-07-22T08:57:13.553+0000] {logging_mixin.py:188} INFO - [2025-07-22T08:57:13.553+0000] {dag.py:3954} INFO - Setting next_dagrun for dataset_produces_1 to 2025-07-21 00:00:00+00:00, run_after=2025-07-22 00:00:00+00:00
[2025-07-22T08:57:13.557+0000] {logging_mixin.py:188} INFO - [2025-07-22T08:57:13.557+0000] {dag.py:3954} INFO - Setting next_dagrun for dataset_produces_2 to None, run_after=None
[2025-07-22T08:57:13.617+0000] {processor.py:183} INFO - Processing /home/airflow/.local/lib/python3.12/site-packages/airflow/example_dags/example_datasets.py took 0.284 seconds
[2025-07-22T08:57:43.710+0000] {processor.py:161} INFO - Started process (PID=735) to work on /home/airflow/.local/lib/python3.12/site-packages/airflow/example_dags/example_datasets.py
[2025-07-22T08:57:43.712+0000] {processor.py:830} INFO - Processing file /home/airflow/.local/lib/python3.12/site-packages/airflow/example_dags/example_datasets.py for tasks to queue
[2025-07-22T08:57:43.714+0000] {logging_mixin.py:188} INFO - [2025-07-22T08:57:43.714+0000] {dagbag.py:545} INFO - Filling up the DagBag from /home/airflow/.local/lib/python3.12/site-packages/airflow/example_dags/example_datasets.py
[2025-07-22T08:57:43.732+0000] {processor.py:840} INFO - DAG(s) 'dataset_produces_2', 'dataset_consumes_1_and_2', 'conditional_dataset_and_time_based_timetable', 'dataset_consumes_unknown_never_scheduled', 'consume_1_or_both_2_and_3_with_dataset_expressions', 'dataset_produces_1', 'dataset_consumes_1_never_scheduled', 'consume_1_or_2_with_dataset_expressions', 'consume_1_and_2_with_dataset_expressions', 'dataset_consumes_1' retrieved from /home/airflow/.local/lib/python3.12/site-packages/airflow/example_dags/example_datasets.py
[2025-07-22T08:57:43.798+0000] {logging_mixin.py:188} INFO - [2025-07-22T08:57:43.797+0000] {dag.py:3096} INFO - Sync 10 DAGs
[2025-07-22T08:57:43.833+0000] {logging_mixin.py:188} INFO - [2025-07-22T08:57:43.833+0000] {dag.py:3954} INFO - Setting next_dagrun for conditional_dataset_and_time_based_timetable to 2025-07-16 01:00:00+00:00, run_after=2025-07-16 01:00:00+00:00
[2025-07-22T08:57:43.839+0000] {logging_mixin.py:188} INFO - [2025-07-22T08:57:43.839+0000] {dag.py:3954} INFO - Setting next_dagrun for consume_1_and_2_with_dataset_expressions to None, run_after=None
[2025-07-22T08:57:43.842+0000] {logging_mixin.py:188} INFO - [2025-07-22T08:57:43.842+0000] {dag.py:3954} INFO - Setting next_dagrun for consume_1_or_2_with_dataset_expressions to None, run_after=None
[2025-07-22T08:57:43.846+0000] {logging_mixin.py:188} INFO - [2025-07-22T08:57:43.846+0000] {dag.py:3954} INFO - Setting next_dagrun for consume_1_or_both_2_and_3_with_dataset_expressions to None, run_after=None
[2025-07-22T08:57:43.848+0000] {logging_mixin.py:188} INFO - [2025-07-22T08:57:43.848+0000] {dag.py:3954} INFO - Setting next_dagrun for dataset_consumes_1 to None, run_after=None
[2025-07-22T08:57:43.851+0000] {logging_mixin.py:188} INFO - [2025-07-22T08:57:43.850+0000] {dag.py:3954} INFO - Setting next_dagrun for dataset_consumes_1_and_2 to None, run_after=None
[2025-07-22T08:57:43.852+0000] {logging_mixin.py:188} INFO - [2025-07-22T08:57:43.852+0000] {dag.py:3954} INFO - Setting next_dagrun for dataset_consumes_1_never_scheduled to None, run_after=None
[2025-07-22T08:57:43.855+0000] {logging_mixin.py:188} INFO - [2025-07-22T08:57:43.854+0000] {dag.py:3954} INFO - Setting next_dagrun for dataset_consumes_unknown_never_scheduled to None, run_after=None
[2025-07-22T08:57:43.858+0000] {logging_mixin.py:188} INFO - [2025-07-22T08:57:43.858+0000] {dag.py:3954} INFO - Setting next_dagrun for dataset_produces_1 to 2025-07-21 00:00:00+00:00, run_after=2025-07-22 00:00:00+00:00
[2025-07-22T08:57:43.860+0000] {logging_mixin.py:188} INFO - [2025-07-22T08:57:43.860+0000] {dag.py:3954} INFO - Setting next_dagrun for dataset_produces_2 to None, run_after=None
[2025-07-22T08:57:43.903+0000] {processor.py:183} INFO - Processing /home/airflow/.local/lib/python3.12/site-packages/airflow/example_dags/example_datasets.py took 0.200 seconds
[2025-07-22T08:58:14.054+0000] {processor.py:161} INFO - Started process (PID=794) to work on /home/airflow/.local/lib/python3.12/site-packages/airflow/example_dags/example_datasets.py
[2025-07-22T08:58:14.055+0000] {processor.py:830} INFO - Processing file /home/airflow/.local/lib/python3.12/site-packages/airflow/example_dags/example_datasets.py for tasks to queue
[2025-07-22T08:58:14.058+0000] {logging_mixin.py:188} INFO - [2025-07-22T08:58:14.058+0000] {dagbag.py:545} INFO - Filling up the DagBag from /home/airflow/.local/lib/python3.12/site-packages/airflow/example_dags/example_datasets.py
[2025-07-22T08:58:14.078+0000] {processor.py:840} INFO - DAG(s) 'dataset_produces_2', 'consume_1_or_2_with_dataset_expressions', 'consume_1_or_both_2_and_3_with_dataset_expressions', 'dataset_consumes_1_never_scheduled', 'conditional_dataset_and_time_based_timetable', 'dataset_consumes_unknown_never_scheduled', 'dataset_consumes_1_and_2', 'consume_1_and_2_with_dataset_expressions', 'dataset_produces_1', 'dataset_consumes_1' retrieved from /home/airflow/.local/lib/python3.12/site-packages/airflow/example_dags/example_datasets.py
[2025-07-22T08:58:14.157+0000] {logging_mixin.py:188} INFO - [2025-07-22T08:58:14.156+0000] {dag.py:3096} INFO - Sync 10 DAGs
[2025-07-22T08:58:14.231+0000] {logging_mixin.py:188} INFO - [2025-07-22T08:58:14.230+0000] {dag.py:3954} INFO - Setting next_dagrun for conditional_dataset_and_time_based_timetable to 2025-07-16 01:00:00+00:00, run_after=2025-07-16 01:00:00+00:00
[2025-07-22T08:58:14.237+0000] {logging_mixin.py:188} INFO - [2025-07-22T08:58:14.236+0000] {dag.py:3954} INFO - Setting next_dagrun for consume_1_and_2_with_dataset_expressions to None, run_after=None
[2025-07-22T08:58:14.239+0000] {logging_mixin.py:188} INFO - [2025-07-22T08:58:14.239+0000] {dag.py:3954} INFO - Setting next_dagrun for consume_1_or_2_with_dataset_expressions to None, run_after=None
[2025-07-22T08:58:14.242+0000] {logging_mixin.py:188} INFO - [2025-07-22T08:58:14.242+0000] {dag.py:3954} INFO - Setting next_dagrun for consume_1_or_both_2_and_3_with_dataset_expressions to None, run_after=None
[2025-07-22T08:58:14.244+0000] {logging_mixin.py:188} INFO - [2025-07-22T08:58:14.244+0000] {dag.py:3954} INFO - Setting next_dagrun for dataset_consumes_1 to None, run_after=None
[2025-07-22T08:58:14.246+0000] {logging_mixin.py:188} INFO - [2025-07-22T08:58:14.246+0000] {dag.py:3954} INFO - Setting next_dagrun for dataset_consumes_1_and_2 to None, run_after=None
[2025-07-22T08:58:14.249+0000] {logging_mixin.py:188} INFO - [2025-07-22T08:58:14.249+0000] {dag.py:3954} INFO - Setting next_dagrun for dataset_consumes_1_never_scheduled to None, run_after=None
[2025-07-22T08:58:14.251+0000] {logging_mixin.py:188} INFO - [2025-07-22T08:58:14.251+0000] {dag.py:3954} INFO - Setting next_dagrun for dataset_consumes_unknown_never_scheduled to None, run_after=None
[2025-07-22T08:58:14.255+0000] {logging_mixin.py:188} INFO - [2025-07-22T08:58:14.255+0000] {dag.py:3954} INFO - Setting next_dagrun for dataset_produces_1 to 2025-07-21 00:00:00+00:00, run_after=2025-07-22 00:00:00+00:00
[2025-07-22T08:58:14.257+0000] {logging_mixin.py:188} INFO - [2025-07-22T08:58:14.257+0000] {dag.py:3954} INFO - Setting next_dagrun for dataset_produces_2 to None, run_after=None
[2025-07-22T08:58:14.311+0000] {processor.py:183} INFO - Processing /home/airflow/.local/lib/python3.12/site-packages/airflow/example_dags/example_datasets.py took 0.266 seconds
[2025-07-22T08:58:44.489+0000] {processor.py:161} INFO - Started process (PID=855) to work on /home/airflow/.local/lib/python3.12/site-packages/airflow/example_dags/example_datasets.py
[2025-07-22T08:58:44.490+0000] {processor.py:830} INFO - Processing file /home/airflow/.local/lib/python3.12/site-packages/airflow/example_dags/example_datasets.py for tasks to queue
[2025-07-22T08:58:44.493+0000] {logging_mixin.py:188} INFO - [2025-07-22T08:58:44.492+0000] {dagbag.py:545} INFO - Filling up the DagBag from /home/airflow/.local/lib/python3.12/site-packages/airflow/example_dags/example_datasets.py
[2025-07-22T08:58:44.516+0000] {processor.py:840} INFO - DAG(s) 'dataset_consumes_1_never_scheduled', 'conditional_dataset_and_time_based_timetable', 'dataset_consumes_unknown_never_scheduled', 'dataset_consumes_1_and_2', 'consume_1_and_2_with_dataset_expressions', 'dataset_produces_2', 'consume_1_or_both_2_and_3_with_dataset_expressions', 'consume_1_or_2_with_dataset_expressions', 'dataset_consumes_1', 'dataset_produces_1' retrieved from /home/airflow/.local/lib/python3.12/site-packages/airflow/example_dags/example_datasets.py
[2025-07-22T08:58:44.591+0000] {logging_mixin.py:188} INFO - [2025-07-22T08:58:44.591+0000] {dag.py:3096} INFO - Sync 10 DAGs
[2025-07-22T08:58:44.639+0000] {logging_mixin.py:188} INFO - [2025-07-22T08:58:44.639+0000] {dag.py:3954} INFO - Setting next_dagrun for conditional_dataset_and_time_based_timetable to 2025-07-16 01:00:00+00:00, run_after=2025-07-16 01:00:00+00:00
[2025-07-22T08:58:44.647+0000] {logging_mixin.py:188} INFO - [2025-07-22T08:58:44.646+0000] {dag.py:3954} INFO - Setting next_dagrun for consume_1_and_2_with_dataset_expressions to None, run_after=None
[2025-07-22T08:58:44.650+0000] {logging_mixin.py:188} INFO - [2025-07-22T08:58:44.650+0000] {dag.py:3954} INFO - Setting next_dagrun for consume_1_or_2_with_dataset_expressions to None, run_after=None
[2025-07-22T08:58:44.652+0000] {logging_mixin.py:188} INFO - [2025-07-22T08:58:44.652+0000] {dag.py:3954} INFO - Setting next_dagrun for consume_1_or_both_2_and_3_with_dataset_expressions to None, run_after=None
[2025-07-22T08:58:44.655+0000] {logging_mixin.py:188} INFO - [2025-07-22T08:58:44.655+0000] {dag.py:3954} INFO - Setting next_dagrun for dataset_consumes_1 to None, run_after=None
[2025-07-22T08:58:44.657+0000] {logging_mixin.py:188} INFO - [2025-07-22T08:58:44.657+0000] {dag.py:3954} INFO - Setting next_dagrun for dataset_consumes_1_and_2 to None, run_after=None
[2025-07-22T08:58:44.660+0000] {logging_mixin.py:188} INFO - [2025-07-22T08:58:44.659+0000] {dag.py:3954} INFO - Setting next_dagrun for dataset_consumes_1_never_scheduled to None, run_after=None
[2025-07-22T08:58:44.662+0000] {logging_mixin.py:188} INFO - [2025-07-22T08:58:44.662+0000] {dag.py:3954} INFO - Setting next_dagrun for dataset_consumes_unknown_never_scheduled to None, run_after=None
[2025-07-22T08:58:44.666+0000] {logging_mixin.py:188} INFO - [2025-07-22T08:58:44.666+0000] {dag.py:3954} INFO - Setting next_dagrun for dataset_produces_1 to 2025-07-21 00:00:00+00:00, run_after=2025-07-22 00:00:00+00:00
[2025-07-22T08:58:44.669+0000] {logging_mixin.py:188} INFO - [2025-07-22T08:58:44.668+0000] {dag.py:3954} INFO - Setting next_dagrun for dataset_produces_2 to None, run_after=None
[2025-07-22T08:58:44.721+0000] {processor.py:183} INFO - Processing /home/airflow/.local/lib/python3.12/site-packages/airflow/example_dags/example_datasets.py took 0.242 seconds
[2025-07-22T08:59:15.297+0000] {processor.py:161} INFO - Started process (PID=914) to work on /home/airflow/.local/lib/python3.12/site-packages/airflow/example_dags/example_datasets.py
[2025-07-22T08:59:15.298+0000] {processor.py:830} INFO - Processing file /home/airflow/.local/lib/python3.12/site-packages/airflow/example_dags/example_datasets.py for tasks to queue
[2025-07-22T08:59:15.300+0000] {logging_mixin.py:188} INFO - [2025-07-22T08:59:15.300+0000] {dagbag.py:545} INFO - Filling up the DagBag from /home/airflow/.local/lib/python3.12/site-packages/airflow/example_dags/example_datasets.py
[2025-07-22T08:59:15.317+0000] {processor.py:840} INFO - DAG(s) 'dataset_consumes_1', 'consume_1_or_2_with_dataset_expressions', 'dataset_produces_1', 'dataset_produces_2', 'conditional_dataset_and_time_based_timetable', 'dataset_consumes_1_never_scheduled', 'consume_1_or_both_2_and_3_with_dataset_expressions', 'dataset_consumes_unknown_never_scheduled', 'dataset_consumes_1_and_2', 'consume_1_and_2_with_dataset_expressions' retrieved from /home/airflow/.local/lib/python3.12/site-packages/airflow/example_dags/example_datasets.py
[2025-07-22T08:59:15.377+0000] {logging_mixin.py:188} INFO - [2025-07-22T08:59:15.377+0000] {dag.py:3096} INFO - Sync 10 DAGs
[2025-07-22T08:59:15.409+0000] {logging_mixin.py:188} INFO - [2025-07-22T08:59:15.408+0000] {dag.py:3954} INFO - Setting next_dagrun for conditional_dataset_and_time_based_timetable to 2025-07-16 01:00:00+00:00, run_after=2025-07-16 01:00:00+00:00
[2025-07-22T08:59:15.414+0000] {logging_mixin.py:188} INFO - [2025-07-22T08:59:15.413+0000] {dag.py:3954} INFO - Setting next_dagrun for consume_1_and_2_with_dataset_expressions to None, run_after=None
[2025-07-22T08:59:15.416+0000] {logging_mixin.py:188} INFO - [2025-07-22T08:59:15.416+0000] {dag.py:3954} INFO - Setting next_dagrun for consume_1_or_2_with_dataset_expressions to None, run_after=None
[2025-07-22T08:59:15.417+0000] {logging_mixin.py:188} INFO - [2025-07-22T08:59:15.417+0000] {dag.py:3954} INFO - Setting next_dagrun for consume_1_or_both_2_and_3_with_dataset_expressions to None, run_after=None
[2025-07-22T08:59:15.419+0000] {logging_mixin.py:188} INFO - [2025-07-22T08:59:15.419+0000] {dag.py:3954} INFO - Setting next_dagrun for dataset_consumes_1 to None, run_after=None
[2025-07-22T08:59:15.421+0000] {logging_mixin.py:188} INFO - [2025-07-22T08:59:15.421+0000] {dag.py:3954} INFO - Setting next_dagrun for dataset_consumes_1_and_2 to None, run_after=None
[2025-07-22T08:59:15.423+0000] {logging_mixin.py:188} INFO - [2025-07-22T08:59:15.423+0000] {dag.py:3954} INFO - Setting next_dagrun for dataset_consumes_1_never_scheduled to None, run_after=None
[2025-07-22T08:59:15.425+0000] {logging_mixin.py:188} INFO - [2025-07-22T08:59:15.424+0000] {dag.py:3954} INFO - Setting next_dagrun for dataset_consumes_unknown_never_scheduled to None, run_after=None
[2025-07-22T08:59:15.428+0000] {logging_mixin.py:188} INFO - [2025-07-22T08:59:15.428+0000] {dag.py:3954} INFO - Setting next_dagrun for dataset_produces_1 to 2025-07-21 00:00:00+00:00, run_after=2025-07-22 00:00:00+00:00
[2025-07-22T08:59:15.430+0000] {logging_mixin.py:188} INFO - [2025-07-22T08:59:15.430+0000] {dag.py:3954} INFO - Setting next_dagrun for dataset_produces_2 to None, run_after=None
[2025-07-22T08:59:15.479+0000] {processor.py:183} INFO - Processing /home/airflow/.local/lib/python3.12/site-packages/airflow/example_dags/example_datasets.py took 0.189 seconds
[2025-07-22T08:59:45.697+0000] {processor.py:161} INFO - Started process (PID=974) to work on /home/airflow/.local/lib/python3.12/site-packages/airflow/example_dags/example_datasets.py
[2025-07-22T08:59:45.698+0000] {processor.py:830} INFO - Processing file /home/airflow/.local/lib/python3.12/site-packages/airflow/example_dags/example_datasets.py for tasks to queue
[2025-07-22T08:59:45.700+0000] {logging_mixin.py:188} INFO - [2025-07-22T08:59:45.700+0000] {dagbag.py:545} INFO - Filling up the DagBag from /home/airflow/.local/lib/python3.12/site-packages/airflow/example_dags/example_datasets.py
[2025-07-22T08:59:45.723+0000] {processor.py:840} INFO - DAG(s) 'dataset_consumes_1_and_2', 'dataset_produces_2', 'consume_1_or_2_with_dataset_expressions', 'dataset_consumes_1', 'dataset_consumes_unknown_never_scheduled', 'conditional_dataset_and_time_based_timetable', 'dataset_consumes_1_never_scheduled', 'dataset_produces_1', 'consume_1_or_both_2_and_3_with_dataset_expressions', 'consume_1_and_2_with_dataset_expressions' retrieved from /home/airflow/.local/lib/python3.12/site-packages/airflow/example_dags/example_datasets.py
[2025-07-22T08:59:45.783+0000] {logging_mixin.py:188} INFO - [2025-07-22T08:59:45.782+0000] {dag.py:3096} INFO - Sync 10 DAGs
[2025-07-22T08:59:45.812+0000] {logging_mixin.py:188} INFO - [2025-07-22T08:59:45.812+0000] {dag.py:3954} INFO - Setting next_dagrun for conditional_dataset_and_time_based_timetable to 2025-07-16 01:00:00+00:00, run_after=2025-07-16 01:00:00+00:00
[2025-07-22T08:59:45.817+0000] {logging_mixin.py:188} INFO - [2025-07-22T08:59:45.817+0000] {dag.py:3954} INFO - Setting next_dagrun for consume_1_and_2_with_dataset_expressions to None, run_after=None
[2025-07-22T08:59:45.819+0000] {logging_mixin.py:188} INFO - [2025-07-22T08:59:45.819+0000] {dag.py:3954} INFO - Setting next_dagrun for consume_1_or_2_with_dataset_expressions to None, run_after=None
[2025-07-22T08:59:45.821+0000] {logging_mixin.py:188} INFO - [2025-07-22T08:59:45.821+0000] {dag.py:3954} INFO - Setting next_dagrun for consume_1_or_both_2_and_3_with_dataset_expressions to None, run_after=None
[2025-07-22T08:59:45.823+0000] {logging_mixin.py:188} INFO - [2025-07-22T08:59:45.822+0000] {dag.py:3954} INFO - Setting next_dagrun for dataset_consumes_1 to None, run_after=None
[2025-07-22T08:59:45.825+0000] {logging_mixin.py:188} INFO - [2025-07-22T08:59:45.824+0000] {dag.py:3954} INFO - Setting next_dagrun for dataset_consumes_1_and_2 to None, run_after=None
[2025-07-22T08:59:45.827+0000] {logging_mixin.py:188} INFO - [2025-07-22T08:59:45.827+0000] {dag.py:3954} INFO - Setting next_dagrun for dataset_consumes_1_never_scheduled to None, run_after=None
[2025-07-22T08:59:45.828+0000] {logging_mixin.py:188} INFO - [2025-07-22T08:59:45.828+0000] {dag.py:3954} INFO - Setting next_dagrun for dataset_consumes_unknown_never_scheduled to None, run_after=None
[2025-07-22T08:59:45.832+0000] {logging_mixin.py:188} INFO - [2025-07-22T08:59:45.831+0000] {dag.py:3954} INFO - Setting next_dagrun for dataset_produces_1 to 2025-07-21 00:00:00+00:00, run_after=2025-07-22 00:00:00+00:00
[2025-07-22T08:59:45.834+0000] {logging_mixin.py:188} INFO - [2025-07-22T08:59:45.833+0000] {dag.py:3954} INFO - Setting next_dagrun for dataset_produces_2 to None, run_after=None
[2025-07-22T08:59:45.872+0000] {processor.py:183} INFO - Processing /home/airflow/.local/lib/python3.12/site-packages/airflow/example_dags/example_datasets.py took 0.183 seconds
[2025-07-22T09:00:16.351+0000] {processor.py:161} INFO - Started process (PID=1034) to work on /home/airflow/.local/lib/python3.12/site-packages/airflow/example_dags/example_datasets.py
[2025-07-22T09:00:16.353+0000] {processor.py:830} INFO - Processing file /home/airflow/.local/lib/python3.12/site-packages/airflow/example_dags/example_datasets.py for tasks to queue
[2025-07-22T09:00:16.355+0000] {logging_mixin.py:188} INFO - [2025-07-22T09:00:16.355+0000] {dagbag.py:545} INFO - Filling up the DagBag from /home/airflow/.local/lib/python3.12/site-packages/airflow/example_dags/example_datasets.py
[2025-07-22T09:00:16.373+0000] {processor.py:840} INFO - DAG(s) 'dataset_consumes_unknown_never_scheduled', 'dataset_produces_1', 'consume_1_and_2_with_dataset_expressions', 'dataset_consumes_1_and_2', 'dataset_consumes_1_never_scheduled', 'consume_1_or_2_with_dataset_expressions', 'dataset_produces_2', 'conditional_dataset_and_time_based_timetable', 'consume_1_or_both_2_and_3_with_dataset_expressions', 'dataset_consumes_1' retrieved from /home/airflow/.local/lib/python3.12/site-packages/airflow/example_dags/example_datasets.py
[2025-07-22T09:00:16.442+0000] {logging_mixin.py:188} INFO - [2025-07-22T09:00:16.442+0000] {dag.py:3096} INFO - Sync 10 DAGs
[2025-07-22T09:00:16.483+0000] {logging_mixin.py:188} INFO - [2025-07-22T09:00:16.482+0000] {dag.py:3954} INFO - Setting next_dagrun for conditional_dataset_and_time_based_timetable to 2025-07-16 01:00:00+00:00, run_after=2025-07-16 01:00:00+00:00
[2025-07-22T09:00:16.489+0000] {logging_mixin.py:188} INFO - [2025-07-22T09:00:16.489+0000] {dag.py:3954} INFO - Setting next_dagrun for consume_1_and_2_with_dataset_expressions to None, run_after=None
[2025-07-22T09:00:16.492+0000] {logging_mixin.py:188} INFO - [2025-07-22T09:00:16.491+0000] {dag.py:3954} INFO - Setting next_dagrun for consume_1_or_2_with_dataset_expressions to None, run_after=None
[2025-07-22T09:00:16.494+0000] {logging_mixin.py:188} INFO - [2025-07-22T09:00:16.494+0000] {dag.py:3954} INFO - Setting next_dagrun for consume_1_or_both_2_and_3_with_dataset_expressions to None, run_after=None
[2025-07-22T09:00:16.497+0000] {logging_mixin.py:188} INFO - [2025-07-22T09:00:16.496+0000] {dag.py:3954} INFO - Setting next_dagrun for dataset_consumes_1 to None, run_after=None
[2025-07-22T09:00:16.499+0000] {logging_mixin.py:188} INFO - [2025-07-22T09:00:16.499+0000] {dag.py:3954} INFO - Setting next_dagrun for dataset_consumes_1_and_2 to None, run_after=None
[2025-07-22T09:00:16.501+0000] {logging_mixin.py:188} INFO - [2025-07-22T09:00:16.501+0000] {dag.py:3954} INFO - Setting next_dagrun for dataset_consumes_1_never_scheduled to None, run_after=None
[2025-07-22T09:00:16.503+0000] {logging_mixin.py:188} INFO - [2025-07-22T09:00:16.503+0000] {dag.py:3954} INFO - Setting next_dagrun for dataset_consumes_unknown_never_scheduled to None, run_after=None
[2025-07-22T09:00:16.507+0000] {logging_mixin.py:188} INFO - [2025-07-22T09:00:16.507+0000] {dag.py:3954} INFO - Setting next_dagrun for dataset_produces_1 to 2025-07-21 00:00:00+00:00, run_after=2025-07-22 00:00:00+00:00
[2025-07-22T09:00:16.509+0000] {logging_mixin.py:188} INFO - [2025-07-22T09:00:16.509+0000] {dag.py:3954} INFO - Setting next_dagrun for dataset_produces_2 to None, run_after=None
[2025-07-22T09:00:16.559+0000] {processor.py:183} INFO - Processing /home/airflow/.local/lib/python3.12/site-packages/airflow/example_dags/example_datasets.py took 0.215 seconds
[2025-07-22T09:00:47.154+0000] {processor.py:161} INFO - Started process (PID=1094) to work on /home/airflow/.local/lib/python3.12/site-packages/airflow/example_dags/example_datasets.py
[2025-07-22T09:00:47.155+0000] {processor.py:830} INFO - Processing file /home/airflow/.local/lib/python3.12/site-packages/airflow/example_dags/example_datasets.py for tasks to queue
[2025-07-22T09:00:47.158+0000] {logging_mixin.py:188} INFO - [2025-07-22T09:00:47.158+0000] {dagbag.py:545} INFO - Filling up the DagBag from /home/airflow/.local/lib/python3.12/site-packages/airflow/example_dags/example_datasets.py
[2025-07-22T09:00:47.174+0000] {processor.py:840} INFO - DAG(s) 'consume_1_or_2_with_dataset_expressions', 'consume_1_and_2_with_dataset_expressions', 'dataset_consumes_1_and_2', 'consume_1_or_both_2_and_3_with_dataset_expressions', 'dataset_consumes_1_never_scheduled', 'conditional_dataset_and_time_based_timetable', 'dataset_consumes_unknown_never_scheduled', 'dataset_produces_1', 'dataset_consumes_1', 'dataset_produces_2' retrieved from /home/airflow/.local/lib/python3.12/site-packages/airflow/example_dags/example_datasets.py
[2025-07-22T09:00:47.255+0000] {logging_mixin.py:188} INFO - [2025-07-22T09:00:47.255+0000] {dag.py:3096} INFO - Sync 10 DAGs
[2025-07-22T09:00:47.289+0000] {logging_mixin.py:188} INFO - [2025-07-22T09:00:47.289+0000] {dag.py:3954} INFO - Setting next_dagrun for conditional_dataset_and_time_based_timetable to 2025-07-16 01:00:00+00:00, run_after=2025-07-16 01:00:00+00:00
[2025-07-22T09:00:47.296+0000] {logging_mixin.py:188} INFO - [2025-07-22T09:00:47.296+0000] {dag.py:3954} INFO - Setting next_dagrun for consume_1_and_2_with_dataset_expressions to None, run_after=None
[2025-07-22T09:00:47.298+0000] {logging_mixin.py:188} INFO - [2025-07-22T09:00:47.298+0000] {dag.py:3954} INFO - Setting next_dagrun for consume_1_or_2_with_dataset_expressions to None, run_after=None
[2025-07-22T09:00:47.300+0000] {logging_mixin.py:188} INFO - [2025-07-22T09:00:47.300+0000] {dag.py:3954} INFO - Setting next_dagrun for consume_1_or_both_2_and_3_with_dataset_expressions to None, run_after=None
[2025-07-22T09:00:47.303+0000] {logging_mixin.py:188} INFO - [2025-07-22T09:00:47.302+0000] {dag.py:3954} INFO - Setting next_dagrun for dataset_consumes_1 to None, run_after=None
[2025-07-22T09:00:47.305+0000] {logging_mixin.py:188} INFO - [2025-07-22T09:00:47.304+0000] {dag.py:3954} INFO - Setting next_dagrun for dataset_consumes_1_and_2 to None, run_after=None
[2025-07-22T09:00:47.307+0000] {logging_mixin.py:188} INFO - [2025-07-22T09:00:47.307+0000] {dag.py:3954} INFO - Setting next_dagrun for dataset_consumes_1_never_scheduled to None, run_after=None
[2025-07-22T09:00:47.309+0000] {logging_mixin.py:188} INFO - [2025-07-22T09:00:47.309+0000] {dag.py:3954} INFO - Setting next_dagrun for dataset_consumes_unknown_never_scheduled to None, run_after=None
[2025-07-22T09:00:47.313+0000] {logging_mixin.py:188} INFO - [2025-07-22T09:00:47.312+0000] {dag.py:3954} INFO - Setting next_dagrun for dataset_produces_1 to 2025-07-21 00:00:00+00:00, run_after=2025-07-22 00:00:00+00:00
[2025-07-22T09:00:47.315+0000] {logging_mixin.py:188} INFO - [2025-07-22T09:00:47.314+0000] {dag.py:3954} INFO - Setting next_dagrun for dataset_produces_2 to None, run_after=None
[2025-07-22T09:00:47.365+0000] {processor.py:183} INFO - Processing /home/airflow/.local/lib/python3.12/site-packages/airflow/example_dags/example_datasets.py took 0.219 seconds
[2025-07-22T09:01:18.060+0000] {processor.py:161} INFO - Started process (PID=1154) to work on /home/airflow/.local/lib/python3.12/site-packages/airflow/example_dags/example_datasets.py
[2025-07-22T09:01:18.062+0000] {processor.py:830} INFO - Processing file /home/airflow/.local/lib/python3.12/site-packages/airflow/example_dags/example_datasets.py for tasks to queue
[2025-07-22T09:01:18.064+0000] {logging_mixin.py:188} INFO - [2025-07-22T09:01:18.063+0000] {dagbag.py:545} INFO - Filling up the DagBag from /home/airflow/.local/lib/python3.12/site-packages/airflow/example_dags/example_datasets.py
[2025-07-22T09:01:18.078+0000] {processor.py:840} INFO - DAG(s) 'dataset_produces_1', 'consume_1_or_2_with_dataset_expressions', 'dataset_produces_2', 'dataset_consumes_1_never_scheduled', 'conditional_dataset_and_time_based_timetable', 'consume_1_and_2_with_dataset_expressions', 'dataset_consumes_unknown_never_scheduled', 'dataset_consumes_1_and_2', 'dataset_consumes_1', 'consume_1_or_both_2_and_3_with_dataset_expressions' retrieved from /home/airflow/.local/lib/python3.12/site-packages/airflow/example_dags/example_datasets.py
[2025-07-22T09:01:18.131+0000] {logging_mixin.py:188} INFO - [2025-07-22T09:01:18.130+0000] {dag.py:3096} INFO - Sync 10 DAGs
[2025-07-22T09:01:18.157+0000] {logging_mixin.py:188} INFO - [2025-07-22T09:01:18.156+0000] {dag.py:3954} INFO - Setting next_dagrun for conditional_dataset_and_time_based_timetable to 2025-07-16 01:00:00+00:00, run_after=2025-07-16 01:00:00+00:00
[2025-07-22T09:01:18.161+0000] {logging_mixin.py:188} INFO - [2025-07-22T09:01:18.161+0000] {dag.py:3954} INFO - Setting next_dagrun for consume_1_and_2_with_dataset_expressions to None, run_after=None
[2025-07-22T09:01:18.163+0000] {logging_mixin.py:188} INFO - [2025-07-22T09:01:18.163+0000] {dag.py:3954} INFO - Setting next_dagrun for consume_1_or_2_with_dataset_expressions to None, run_after=None
[2025-07-22T09:01:18.165+0000] {logging_mixin.py:188} INFO - [2025-07-22T09:01:18.165+0000] {dag.py:3954} INFO - Setting next_dagrun for consume_1_or_both_2_and_3_with_dataset_expressions to None, run_after=None
[2025-07-22T09:01:18.167+0000] {logging_mixin.py:188} INFO - [2025-07-22T09:01:18.167+0000] {dag.py:3954} INFO - Setting next_dagrun for dataset_consumes_1 to None, run_after=None
[2025-07-22T09:01:18.169+0000] {logging_mixin.py:188} INFO - [2025-07-22T09:01:18.169+0000] {dag.py:3954} INFO - Setting next_dagrun for dataset_consumes_1_and_2 to None, run_after=None
[2025-07-22T09:01:18.170+0000] {logging_mixin.py:188} INFO - [2025-07-22T09:01:18.170+0000] {dag.py:3954} INFO - Setting next_dagrun for dataset_consumes_1_never_scheduled to None, run_after=None
[2025-07-22T09:01:18.172+0000] {logging_mixin.py:188} INFO - [2025-07-22T09:01:18.172+0000] {dag.py:3954} INFO - Setting next_dagrun for dataset_consumes_unknown_never_scheduled to None, run_after=None
[2025-07-22T09:01:18.175+0000] {logging_mixin.py:188} INFO - [2025-07-22T09:01:18.174+0000] {dag.py:3954} INFO - Setting next_dagrun for dataset_produces_1 to 2025-07-21 00:00:00+00:00, run_after=2025-07-22 00:00:00+00:00
[2025-07-22T09:01:18.176+0000] {logging_mixin.py:188} INFO - [2025-07-22T09:01:18.176+0000] {dag.py:3954} INFO - Setting next_dagrun for dataset_produces_2 to None, run_after=None
[2025-07-22T09:01:18.212+0000] {processor.py:183} INFO - Processing /home/airflow/.local/lib/python3.12/site-packages/airflow/example_dags/example_datasets.py took 0.160 seconds
[2025-07-22T09:01:48.319+0000] {processor.py:161} INFO - Started process (PID=1214) to work on /home/airflow/.local/lib/python3.12/site-packages/airflow/example_dags/example_datasets.py
[2025-07-22T09:01:48.321+0000] {processor.py:830} INFO - Processing file /home/airflow/.local/lib/python3.12/site-packages/airflow/example_dags/example_datasets.py for tasks to queue
[2025-07-22T09:01:48.323+0000] {logging_mixin.py:188} INFO - [2025-07-22T09:01:48.323+0000] {dagbag.py:545} INFO - Filling up the DagBag from /home/airflow/.local/lib/python3.12/site-packages/airflow/example_dags/example_datasets.py
[2025-07-22T09:01:48.338+0000] {processor.py:840} INFO - DAG(s) 'dataset_produces_2', 'dataset_consumes_1_and_2', 'consume_1_or_2_with_dataset_expressions', 'dataset_consumes_unknown_never_scheduled', 'dataset_produces_1', 'dataset_consumes_1_never_scheduled', 'conditional_dataset_and_time_based_timetable', 'consume_1_and_2_with_dataset_expressions', 'dataset_consumes_1', 'consume_1_or_both_2_and_3_with_dataset_expressions' retrieved from /home/airflow/.local/lib/python3.12/site-packages/airflow/example_dags/example_datasets.py
[2025-07-22T09:01:48.391+0000] {logging_mixin.py:188} INFO - [2025-07-22T09:01:48.391+0000] {dag.py:3096} INFO - Sync 10 DAGs
[2025-07-22T09:01:48.418+0000] {logging_mixin.py:188} INFO - [2025-07-22T09:01:48.418+0000] {dag.py:3954} INFO - Setting next_dagrun for conditional_dataset_and_time_based_timetable to 2025-07-16 01:00:00+00:00, run_after=2025-07-16 01:00:00+00:00
[2025-07-22T09:01:48.423+0000] {logging_mixin.py:188} INFO - [2025-07-22T09:01:48.423+0000] {dag.py:3954} INFO - Setting next_dagrun for consume_1_and_2_with_dataset_expressions to None, run_after=None
[2025-07-22T09:01:48.425+0000] {logging_mixin.py:188} INFO - [2025-07-22T09:01:48.425+0000] {dag.py:3954} INFO - Setting next_dagrun for consume_1_or_2_with_dataset_expressions to None, run_after=None
[2025-07-22T09:01:48.427+0000] {logging_mixin.py:188} INFO - [2025-07-22T09:01:48.427+0000] {dag.py:3954} INFO - Setting next_dagrun for consume_1_or_both_2_and_3_with_dataset_expressions to None, run_after=None
[2025-07-22T09:01:48.429+0000] {logging_mixin.py:188} INFO - [2025-07-22T09:01:48.428+0000] {dag.py:3954} INFO - Setting next_dagrun for dataset_consumes_1 to None, run_after=None
[2025-07-22T09:01:48.430+0000] {logging_mixin.py:188} INFO - [2025-07-22T09:01:48.430+0000] {dag.py:3954} INFO - Setting next_dagrun for dataset_consumes_1_and_2 to None, run_after=None
[2025-07-22T09:01:48.432+0000] {logging_mixin.py:188} INFO - [2025-07-22T09:01:48.432+0000] {dag.py:3954} INFO - Setting next_dagrun for dataset_consumes_1_never_scheduled to None, run_after=None
[2025-07-22T09:01:48.433+0000] {logging_mixin.py:188} INFO - [2025-07-22T09:01:48.433+0000] {dag.py:3954} INFO - Setting next_dagrun for dataset_consumes_unknown_never_scheduled to None, run_after=None
[2025-07-22T09:01:48.436+0000] {logging_mixin.py:188} INFO - [2025-07-22T09:01:48.436+0000] {dag.py:3954} INFO - Setting next_dagrun for dataset_produces_1 to 2025-07-21 00:00:00+00:00, run_after=2025-07-22 00:00:00+00:00
[2025-07-22T09:01:48.438+0000] {logging_mixin.py:188} INFO - [2025-07-22T09:01:48.438+0000] {dag.py:3954} INFO - Setting next_dagrun for dataset_produces_2 to None, run_after=None
[2025-07-22T09:01:48.474+0000] {processor.py:183} INFO - Processing /home/airflow/.local/lib/python3.12/site-packages/airflow/example_dags/example_datasets.py took 0.161 seconds
[2025-07-22T09:02:18.571+0000] {processor.py:161} INFO - Started process (PID=1275) to work on /home/airflow/.local/lib/python3.12/site-packages/airflow/example_dags/example_datasets.py
[2025-07-22T09:02:18.573+0000] {processor.py:830} INFO - Processing file /home/airflow/.local/lib/python3.12/site-packages/airflow/example_dags/example_datasets.py for tasks to queue
[2025-07-22T09:02:18.575+0000] {logging_mixin.py:188} INFO - [2025-07-22T09:02:18.575+0000] {dagbag.py:545} INFO - Filling up the DagBag from /home/airflow/.local/lib/python3.12/site-packages/airflow/example_dags/example_datasets.py
[2025-07-22T09:02:18.591+0000] {processor.py:840} INFO - DAG(s) 'consume_1_or_2_with_dataset_expressions', 'dataset_consumes_1_and_2', 'dataset_consumes_1', 'consume_1_or_both_2_and_3_with_dataset_expressions', 'consume_1_and_2_with_dataset_expressions', 'dataset_consumes_1_never_scheduled', 'dataset_consumes_unknown_never_scheduled', 'dataset_produces_1', 'dataset_produces_2', 'conditional_dataset_and_time_based_timetable' retrieved from /home/airflow/.local/lib/python3.12/site-packages/airflow/example_dags/example_datasets.py
[2025-07-22T09:02:18.646+0000] {logging_mixin.py:188} INFO - [2025-07-22T09:02:18.646+0000] {dag.py:3096} INFO - Sync 10 DAGs
[2025-07-22T09:02:18.673+0000] {logging_mixin.py:188} INFO - [2025-07-22T09:02:18.673+0000] {dag.py:3954} INFO - Setting next_dagrun for conditional_dataset_and_time_based_timetable to 2025-07-16 01:00:00+00:00, run_after=2025-07-16 01:00:00+00:00
[2025-07-22T09:02:18.679+0000] {logging_mixin.py:188} INFO - [2025-07-22T09:02:18.678+0000] {dag.py:3954} INFO - Setting next_dagrun for consume_1_and_2_with_dataset_expressions to None, run_after=None
[2025-07-22T09:02:18.681+0000] {logging_mixin.py:188} INFO - [2025-07-22T09:02:18.681+0000] {dag.py:3954} INFO - Setting next_dagrun for consume_1_or_2_with_dataset_expressions to None, run_after=None
[2025-07-22T09:02:18.683+0000] {logging_mixin.py:188} INFO - [2025-07-22T09:02:18.683+0000] {dag.py:3954} INFO - Setting next_dagrun for consume_1_or_both_2_and_3_with_dataset_expressions to None, run_after=None
[2025-07-22T09:02:18.685+0000] {logging_mixin.py:188} INFO - [2025-07-22T09:02:18.685+0000] {dag.py:3954} INFO - Setting next_dagrun for dataset_consumes_1 to None, run_after=None
[2025-07-22T09:02:18.687+0000] {logging_mixin.py:188} INFO - [2025-07-22T09:02:18.687+0000] {dag.py:3954} INFO - Setting next_dagrun for dataset_consumes_1_and_2 to None, run_after=None
[2025-07-22T09:02:18.689+0000] {logging_mixin.py:188} INFO - [2025-07-22T09:02:18.689+0000] {dag.py:3954} INFO - Setting next_dagrun for dataset_consumes_1_never_scheduled to None, run_after=None
[2025-07-22T09:02:18.691+0000] {logging_mixin.py:188} INFO - [2025-07-22T09:02:18.690+0000] {dag.py:3954} INFO - Setting next_dagrun for dataset_consumes_unknown_never_scheduled to None, run_after=None
[2025-07-22T09:02:18.694+0000] {logging_mixin.py:188} INFO - [2025-07-22T09:02:18.693+0000] {dag.py:3954} INFO - Setting next_dagrun for dataset_produces_1 to 2025-07-21 00:00:00+00:00, run_after=2025-07-22 00:00:00+00:00
[2025-07-22T09:02:18.696+0000] {logging_mixin.py:188} INFO - [2025-07-22T09:02:18.696+0000] {dag.py:3954} INFO - Setting next_dagrun for dataset_produces_2 to None, run_after=None
[2025-07-22T09:02:18.739+0000] {processor.py:183} INFO - Processing /home/airflow/.local/lib/python3.12/site-packages/airflow/example_dags/example_datasets.py took 0.176 seconds
[2025-07-22T09:02:49.152+0000] {processor.py:161} INFO - Started process (PID=1334) to work on /home/airflow/.local/lib/python3.12/site-packages/airflow/example_dags/example_datasets.py
[2025-07-22T09:02:49.154+0000] {processor.py:830} INFO - Processing file /home/airflow/.local/lib/python3.12/site-packages/airflow/example_dags/example_datasets.py for tasks to queue
[2025-07-22T09:02:49.156+0000] {logging_mixin.py:188} INFO - [2025-07-22T09:02:49.155+0000] {dagbag.py:545} INFO - Filling up the DagBag from /home/airflow/.local/lib/python3.12/site-packages/airflow/example_dags/example_datasets.py
[2025-07-22T09:02:49.170+0000] {processor.py:840} INFO - DAG(s) 'dataset_consumes_1', 'consume_1_and_2_with_dataset_expressions', 'conditional_dataset_and_time_based_timetable', 'consume_1_or_2_with_dataset_expressions', 'consume_1_or_both_2_and_3_with_dataset_expressions', 'dataset_consumes_1_never_scheduled', 'dataset_consumes_unknown_never_scheduled', 'dataset_produces_2', 'dataset_produces_1', 'dataset_consumes_1_and_2' retrieved from /home/airflow/.local/lib/python3.12/site-packages/airflow/example_dags/example_datasets.py
[2025-07-22T09:02:49.220+0000] {logging_mixin.py:188} INFO - [2025-07-22T09:02:49.220+0000] {dag.py:3096} INFO - Sync 10 DAGs
[2025-07-22T09:02:49.247+0000] {logging_mixin.py:188} INFO - [2025-07-22T09:02:49.247+0000] {dag.py:3954} INFO - Setting next_dagrun for conditional_dataset_and_time_based_timetable to 2025-07-16 01:00:00+00:00, run_after=2025-07-16 01:00:00+00:00
[2025-07-22T09:02:49.252+0000] {logging_mixin.py:188} INFO - [2025-07-22T09:02:49.251+0000] {dag.py:3954} INFO - Setting next_dagrun for consume_1_and_2_with_dataset_expressions to None, run_after=None
[2025-07-22T09:02:49.253+0000] {logging_mixin.py:188} INFO - [2025-07-22T09:02:49.253+0000] {dag.py:3954} INFO - Setting next_dagrun for consume_1_or_2_with_dataset_expressions to None, run_after=None
[2025-07-22T09:02:49.255+0000] {logging_mixin.py:188} INFO - [2025-07-22T09:02:49.255+0000] {dag.py:3954} INFO - Setting next_dagrun for consume_1_or_both_2_and_3_with_dataset_expressions to None, run_after=None
[2025-07-22T09:02:49.256+0000] {logging_mixin.py:188} INFO - [2025-07-22T09:02:49.256+0000] {dag.py:3954} INFO - Setting next_dagrun for dataset_consumes_1 to None, run_after=None
[2025-07-22T09:02:49.258+0000] {logging_mixin.py:188} INFO - [2025-07-22T09:02:49.258+0000] {dag.py:3954} INFO - Setting next_dagrun for dataset_consumes_1_and_2 to None, run_after=None
[2025-07-22T09:02:49.259+0000] {logging_mixin.py:188} INFO - [2025-07-22T09:02:49.259+0000] {dag.py:3954} INFO - Setting next_dagrun for dataset_consumes_1_never_scheduled to None, run_after=None
[2025-07-22T09:02:49.261+0000] {logging_mixin.py:188} INFO - [2025-07-22T09:02:49.261+0000] {dag.py:3954} INFO - Setting next_dagrun for dataset_consumes_unknown_never_scheduled to None, run_after=None
[2025-07-22T09:02:49.264+0000] {logging_mixin.py:188} INFO - [2025-07-22T09:02:49.264+0000] {dag.py:3954} INFO - Setting next_dagrun for dataset_produces_1 to 2025-07-21 00:00:00+00:00, run_after=2025-07-22 00:00:00+00:00
[2025-07-22T09:02:49.266+0000] {logging_mixin.py:188} INFO - [2025-07-22T09:02:49.266+0000] {dag.py:3954} INFO - Setting next_dagrun for dataset_produces_2 to None, run_after=None
[2025-07-22T09:02:49.307+0000] {processor.py:183} INFO - Processing /home/airflow/.local/lib/python3.12/site-packages/airflow/example_dags/example_datasets.py took 0.160 seconds
[2025-07-22T09:03:19.542+0000] {processor.py:161} INFO - Started process (PID=1394) to work on /home/airflow/.local/lib/python3.12/site-packages/airflow/example_dags/example_datasets.py
[2025-07-22T09:03:19.544+0000] {processor.py:830} INFO - Processing file /home/airflow/.local/lib/python3.12/site-packages/airflow/example_dags/example_datasets.py for tasks to queue
[2025-07-22T09:03:19.546+0000] {logging_mixin.py:188} INFO - [2025-07-22T09:03:19.546+0000] {dagbag.py:545} INFO - Filling up the DagBag from /home/airflow/.local/lib/python3.12/site-packages/airflow/example_dags/example_datasets.py
[2025-07-22T09:03:19.562+0000] {processor.py:840} INFO - DAG(s) 'dataset_consumes_unknown_never_scheduled', 'conditional_dataset_and_time_based_timetable', 'dataset_produces_2', 'consume_1_and_2_with_dataset_expressions', 'consume_1_or_both_2_and_3_with_dataset_expressions', 'consume_1_or_2_with_dataset_expressions', 'dataset_consumes_1_never_scheduled', 'dataset_consumes_1_and_2', 'dataset_produces_1', 'dataset_consumes_1' retrieved from /home/airflow/.local/lib/python3.12/site-packages/airflow/example_dags/example_datasets.py
[2025-07-22T09:03:19.618+0000] {logging_mixin.py:188} INFO - [2025-07-22T09:03:19.618+0000] {dag.py:3096} INFO - Sync 10 DAGs
[2025-07-22T09:03:19.649+0000] {logging_mixin.py:188} INFO - [2025-07-22T09:03:19.649+0000] {dag.py:3954} INFO - Setting next_dagrun for conditional_dataset_and_time_based_timetable to 2025-07-16 01:00:00+00:00, run_after=2025-07-16 01:00:00+00:00
[2025-07-22T09:03:19.654+0000] {logging_mixin.py:188} INFO - [2025-07-22T09:03:19.654+0000] {dag.py:3954} INFO - Setting next_dagrun for consume_1_and_2_with_dataset_expressions to None, run_after=None
[2025-07-22T09:03:19.656+0000] {logging_mixin.py:188} INFO - [2025-07-22T09:03:19.656+0000] {dag.py:3954} INFO - Setting next_dagrun for consume_1_or_2_with_dataset_expressions to None, run_after=None
[2025-07-22T09:03:19.658+0000] {logging_mixin.py:188} INFO - [2025-07-22T09:03:19.657+0000] {dag.py:3954} INFO - Setting next_dagrun for consume_1_or_both_2_and_3_with_dataset_expressions to None, run_after=None
[2025-07-22T09:03:19.659+0000] {logging_mixin.py:188} INFO - [2025-07-22T09:03:19.659+0000] {dag.py:3954} INFO - Setting next_dagrun for dataset_consumes_1 to None, run_after=None
[2025-07-22T09:03:19.661+0000] {logging_mixin.py:188} INFO - [2025-07-22T09:03:19.661+0000] {dag.py:3954} INFO - Setting next_dagrun for dataset_consumes_1_and_2 to None, run_after=None
[2025-07-22T09:03:19.663+0000] {logging_mixin.py:188} INFO - [2025-07-22T09:03:19.663+0000] {dag.py:3954} INFO - Setting next_dagrun for dataset_consumes_1_never_scheduled to None, run_after=None
[2025-07-22T09:03:19.665+0000] {logging_mixin.py:188} INFO - [2025-07-22T09:03:19.665+0000] {dag.py:3954} INFO - Setting next_dagrun for dataset_consumes_unknown_never_scheduled to None, run_after=None
[2025-07-22T09:03:19.668+0000] {logging_mixin.py:188} INFO - [2025-07-22T09:03:19.668+0000] {dag.py:3954} INFO - Setting next_dagrun for dataset_produces_1 to 2025-07-21 00:00:00+00:00, run_after=2025-07-22 00:00:00+00:00
[2025-07-22T09:03:19.670+0000] {logging_mixin.py:188} INFO - [2025-07-22T09:03:19.670+0000] {dag.py:3954} INFO - Setting next_dagrun for dataset_produces_2 to None, run_after=None
[2025-07-22T09:03:19.715+0000] {processor.py:183} INFO - Processing /home/airflow/.local/lib/python3.12/site-packages/airflow/example_dags/example_datasets.py took 0.179 seconds
[2025-07-22T09:03:49.813+0000] {processor.py:161} INFO - Started process (PID=1455) to work on /home/airflow/.local/lib/python3.12/site-packages/airflow/example_dags/example_datasets.py
[2025-07-22T09:03:49.814+0000] {processor.py:830} INFO - Processing file /home/airflow/.local/lib/python3.12/site-packages/airflow/example_dags/example_datasets.py for tasks to queue
[2025-07-22T09:03:49.816+0000] {logging_mixin.py:188} INFO - [2025-07-22T09:03:49.816+0000] {dagbag.py:545} INFO - Filling up the DagBag from /home/airflow/.local/lib/python3.12/site-packages/airflow/example_dags/example_datasets.py
[2025-07-22T09:03:49.831+0000] {processor.py:840} INFO - DAG(s) 'dataset_produces_1', 'dataset_consumes_1', 'dataset_produces_2', 'dataset_consumes_1_never_scheduled', 'conditional_dataset_and_time_based_timetable', 'consume_1_or_both_2_and_3_with_dataset_expressions', 'dataset_consumes_unknown_never_scheduled', 'dataset_consumes_1_and_2', 'consume_1_and_2_with_dataset_expressions', 'consume_1_or_2_with_dataset_expressions' retrieved from /home/airflow/.local/lib/python3.12/site-packages/airflow/example_dags/example_datasets.py
[2025-07-22T09:03:49.884+0000] {logging_mixin.py:188} INFO - [2025-07-22T09:03:49.883+0000] {dag.py:3096} INFO - Sync 10 DAGs
[2025-07-22T09:03:49.909+0000] {logging_mixin.py:188} INFO - [2025-07-22T09:03:49.909+0000] {dag.py:3954} INFO - Setting next_dagrun for conditional_dataset_and_time_based_timetable to 2025-07-16 01:00:00+00:00, run_after=2025-07-16 01:00:00+00:00
[2025-07-22T09:03:49.913+0000] {logging_mixin.py:188} INFO - [2025-07-22T09:03:49.913+0000] {dag.py:3954} INFO - Setting next_dagrun for consume_1_and_2_with_dataset_expressions to None, run_after=None
[2025-07-22T09:03:49.915+0000] {logging_mixin.py:188} INFO - [2025-07-22T09:03:49.914+0000] {dag.py:3954} INFO - Setting next_dagrun for consume_1_or_2_with_dataset_expressions to None, run_after=None
[2025-07-22T09:03:49.916+0000] {logging_mixin.py:188} INFO - [2025-07-22T09:03:49.916+0000] {dag.py:3954} INFO - Setting next_dagrun for consume_1_or_both_2_and_3_with_dataset_expressions to None, run_after=None
[2025-07-22T09:03:49.918+0000] {logging_mixin.py:188} INFO - [2025-07-22T09:03:49.917+0000] {dag.py:3954} INFO - Setting next_dagrun for dataset_consumes_1 to None, run_after=None
[2025-07-22T09:03:49.919+0000] {logging_mixin.py:188} INFO - [2025-07-22T09:03:49.919+0000] {dag.py:3954} INFO - Setting next_dagrun for dataset_consumes_1_and_2 to None, run_after=None
[2025-07-22T09:03:49.921+0000] {logging_mixin.py:188} INFO - [2025-07-22T09:03:49.921+0000] {dag.py:3954} INFO - Setting next_dagrun for dataset_consumes_1_never_scheduled to None, run_after=None
[2025-07-22T09:03:49.923+0000] {logging_mixin.py:188} INFO - [2025-07-22T09:03:49.922+0000] {dag.py:3954} INFO - Setting next_dagrun for dataset_consumes_unknown_never_scheduled to None, run_after=None
[2025-07-22T09:03:49.925+0000] {logging_mixin.py:188} INFO - [2025-07-22T09:03:49.925+0000] {dag.py:3954} INFO - Setting next_dagrun for dataset_produces_1 to 2025-07-21 00:00:00+00:00, run_after=2025-07-22 00:00:00+00:00
[2025-07-22T09:03:49.927+0000] {logging_mixin.py:188} INFO - [2025-07-22T09:03:49.927+0000] {dag.py:3954} INFO - Setting next_dagrun for dataset_produces_2 to None, run_after=None
[2025-07-22T09:03:49.962+0000] {processor.py:183} INFO - Processing /home/airflow/.local/lib/python3.12/site-packages/airflow/example_dags/example_datasets.py took 0.157 seconds
[2025-07-22T09:04:20.422+0000] {processor.py:161} INFO - Started process (PID=1514) to work on /home/airflow/.local/lib/python3.12/site-packages/airflow/example_dags/example_datasets.py
[2025-07-22T09:04:20.424+0000] {processor.py:830} INFO - Processing file /home/airflow/.local/lib/python3.12/site-packages/airflow/example_dags/example_datasets.py for tasks to queue
[2025-07-22T09:04:20.427+0000] {logging_mixin.py:188} INFO - [2025-07-22T09:04:20.426+0000] {dagbag.py:545} INFO - Filling up the DagBag from /home/airflow/.local/lib/python3.12/site-packages/airflow/example_dags/example_datasets.py
[2025-07-22T09:04:20.446+0000] {processor.py:840} INFO - DAG(s) 'conditional_dataset_and_time_based_timetable', 'consume_1_and_2_with_dataset_expressions', 'consume_1_or_2_with_dataset_expressions', 'dataset_produces_1', 'dataset_consumes_1', 'dataset_consumes_unknown_never_scheduled', 'dataset_consumes_1_and_2', 'dataset_consumes_1_never_scheduled', 'consume_1_or_both_2_and_3_with_dataset_expressions', 'dataset_produces_2' retrieved from /home/airflow/.local/lib/python3.12/site-packages/airflow/example_dags/example_datasets.py
[2025-07-22T09:04:20.525+0000] {logging_mixin.py:188} INFO - [2025-07-22T09:04:20.524+0000] {dag.py:3096} INFO - Sync 10 DAGs
[2025-07-22T09:04:20.559+0000] {logging_mixin.py:188} INFO - [2025-07-22T09:04:20.558+0000] {dag.py:3954} INFO - Setting next_dagrun for conditional_dataset_and_time_based_timetable to 2025-07-16 01:00:00+00:00, run_after=2025-07-16 01:00:00+00:00
[2025-07-22T09:04:20.564+0000] {logging_mixin.py:188} INFO - [2025-07-22T09:04:20.564+0000] {dag.py:3954} INFO - Setting next_dagrun for consume_1_and_2_with_dataset_expressions to None, run_after=None
[2025-07-22T09:04:20.566+0000] {logging_mixin.py:188} INFO - [2025-07-22T09:04:20.566+0000] {dag.py:3954} INFO - Setting next_dagrun for consume_1_or_2_with_dataset_expressions to None, run_after=None
[2025-07-22T09:04:20.569+0000] {logging_mixin.py:188} INFO - [2025-07-22T09:04:20.568+0000] {dag.py:3954} INFO - Setting next_dagrun for consume_1_or_both_2_and_3_with_dataset_expressions to None, run_after=None
[2025-07-22T09:04:20.571+0000] {logging_mixin.py:188} INFO - [2025-07-22T09:04:20.570+0000] {dag.py:3954} INFO - Setting next_dagrun for dataset_consumes_1 to None, run_after=None
[2025-07-22T09:04:20.572+0000] {logging_mixin.py:188} INFO - [2025-07-22T09:04:20.572+0000] {dag.py:3954} INFO - Setting next_dagrun for dataset_consumes_1_and_2 to None, run_after=None
[2025-07-22T09:04:20.574+0000] {logging_mixin.py:188} INFO - [2025-07-22T09:04:20.574+0000] {dag.py:3954} INFO - Setting next_dagrun for dataset_consumes_1_never_scheduled to None, run_after=None
[2025-07-22T09:04:20.576+0000] {logging_mixin.py:188} INFO - [2025-07-22T09:04:20.576+0000] {dag.py:3954} INFO - Setting next_dagrun for dataset_consumes_unknown_never_scheduled to None, run_after=None
[2025-07-22T09:04:20.580+0000] {logging_mixin.py:188} INFO - [2025-07-22T09:04:20.580+0000] {dag.py:3954} INFO - Setting next_dagrun for dataset_produces_1 to 2025-07-21 00:00:00+00:00, run_after=2025-07-22 00:00:00+00:00
[2025-07-22T09:04:20.582+0000] {logging_mixin.py:188} INFO - [2025-07-22T09:04:20.582+0000] {dag.py:3954} INFO - Setting next_dagrun for dataset_produces_2 to None, run_after=None
[2025-07-22T09:04:20.628+0000] {processor.py:183} INFO - Processing /home/airflow/.local/lib/python3.12/site-packages/airflow/example_dags/example_datasets.py took 0.214 seconds
[2025-07-22T09:04:50.889+0000] {processor.py:161} INFO - Started process (PID=1574) to work on /home/airflow/.local/lib/python3.12/site-packages/airflow/example_dags/example_datasets.py
[2025-07-22T09:04:50.890+0000] {processor.py:830} INFO - Processing file /home/airflow/.local/lib/python3.12/site-packages/airflow/example_dags/example_datasets.py for tasks to queue
[2025-07-22T09:04:50.892+0000] {logging_mixin.py:188} INFO - [2025-07-22T09:04:50.892+0000] {dagbag.py:545} INFO - Filling up the DagBag from /home/airflow/.local/lib/python3.12/site-packages/airflow/example_dags/example_datasets.py
[2025-07-22T09:04:50.908+0000] {processor.py:840} INFO - DAG(s) 'dataset_produces_2', 'consume_1_or_both_2_and_3_with_dataset_expressions', 'consume_1_or_2_with_dataset_expressions', 'dataset_consumes_1_and_2', 'conditional_dataset_and_time_based_timetable', 'dataset_produces_1', 'dataset_consumes_1_never_scheduled', 'dataset_consumes_1', 'dataset_consumes_unknown_never_scheduled', 'consume_1_and_2_with_dataset_expressions' retrieved from /home/airflow/.local/lib/python3.12/site-packages/airflow/example_dags/example_datasets.py
[2025-07-22T09:04:50.968+0000] {logging_mixin.py:188} INFO - [2025-07-22T09:04:50.968+0000] {dag.py:3096} INFO - Sync 10 DAGs
[2025-07-22T09:04:50.994+0000] {logging_mixin.py:188} INFO - [2025-07-22T09:04:50.994+0000] {dag.py:3954} INFO - Setting next_dagrun for conditional_dataset_and_time_based_timetable to 2025-07-16 01:00:00+00:00, run_after=2025-07-16 01:00:00+00:00
[2025-07-22T09:04:51.000+0000] {logging_mixin.py:188} INFO - [2025-07-22T09:04:50.999+0000] {dag.py:3954} INFO - Setting next_dagrun for consume_1_and_2_with_dataset_expressions to None, run_after=None
[2025-07-22T09:04:51.002+0000] {logging_mixin.py:188} INFO - [2025-07-22T09:04:51.001+0000] {dag.py:3954} INFO - Setting next_dagrun for consume_1_or_2_with_dataset_expressions to None, run_after=None
[2025-07-22T09:04:51.004+0000] {logging_mixin.py:188} INFO - [2025-07-22T09:04:51.003+0000] {dag.py:3954} INFO - Setting next_dagrun for consume_1_or_both_2_and_3_with_dataset_expressions to None, run_after=None
[2025-07-22T09:04:51.005+0000] {logging_mixin.py:188} INFO - [2025-07-22T09:04:51.005+0000] {dag.py:3954} INFO - Setting next_dagrun for dataset_consumes_1 to None, run_after=None
[2025-07-22T09:04:51.007+0000] {logging_mixin.py:188} INFO - [2025-07-22T09:04:51.007+0000] {dag.py:3954} INFO - Setting next_dagrun for dataset_consumes_1_and_2 to None, run_after=None
[2025-07-22T09:04:51.009+0000] {logging_mixin.py:188} INFO - [2025-07-22T09:04:51.009+0000] {dag.py:3954} INFO - Setting next_dagrun for dataset_consumes_1_never_scheduled to None, run_after=None
[2025-07-22T09:04:51.010+0000] {logging_mixin.py:188} INFO - [2025-07-22T09:04:51.010+0000] {dag.py:3954} INFO - Setting next_dagrun for dataset_consumes_unknown_never_scheduled to None, run_after=None
[2025-07-22T09:04:51.013+0000] {logging_mixin.py:188} INFO - [2025-07-22T09:04:51.013+0000] {dag.py:3954} INFO - Setting next_dagrun for dataset_produces_1 to 2025-07-21 00:00:00+00:00, run_after=2025-07-22 00:00:00+00:00
[2025-07-22T09:04:51.015+0000] {logging_mixin.py:188} INFO - [2025-07-22T09:04:51.015+0000] {dag.py:3954} INFO - Setting next_dagrun for dataset_produces_2 to None, run_after=None
[2025-07-22T09:04:51.051+0000] {processor.py:183} INFO - Processing /home/airflow/.local/lib/python3.12/site-packages/airflow/example_dags/example_datasets.py took 0.169 seconds
[2025-07-22T09:05:21.872+0000] {processor.py:161} INFO - Started process (PID=1634) to work on /home/airflow/.local/lib/python3.12/site-packages/airflow/example_dags/example_datasets.py
[2025-07-22T09:05:21.874+0000] {processor.py:830} INFO - Processing file /home/airflow/.local/lib/python3.12/site-packages/airflow/example_dags/example_datasets.py for tasks to queue
[2025-07-22T09:05:21.877+0000] {logging_mixin.py:188} INFO - [2025-07-22T09:05:21.877+0000] {dagbag.py:545} INFO - Filling up the DagBag from /home/airflow/.local/lib/python3.12/site-packages/airflow/example_dags/example_datasets.py
[2025-07-22T09:05:21.897+0000] {processor.py:840} INFO - DAG(s) 'dataset_consumes_1_never_scheduled', 'consume_1_or_both_2_and_3_with_dataset_expressions', 'conditional_dataset_and_time_based_timetable', 'dataset_consumes_1', 'consume_1_and_2_with_dataset_expressions', 'consume_1_or_2_with_dataset_expressions', 'dataset_produces_1', 'dataset_produces_2', 'dataset_consumes_unknown_never_scheduled', 'dataset_consumes_1_and_2' retrieved from /home/airflow/.local/lib/python3.12/site-packages/airflow/example_dags/example_datasets.py
[2025-07-22T09:05:21.981+0000] {logging_mixin.py:188} INFO - [2025-07-22T09:05:21.980+0000] {dag.py:3096} INFO - Sync 10 DAGs
[2025-07-22T09:05:22.025+0000] {logging_mixin.py:188} INFO - [2025-07-22T09:05:22.025+0000] {dag.py:3954} INFO - Setting next_dagrun for conditional_dataset_and_time_based_timetable to 2025-07-16 01:00:00+00:00, run_after=2025-07-16 01:00:00+00:00
[2025-07-22T09:05:22.032+0000] {logging_mixin.py:188} INFO - [2025-07-22T09:05:22.031+0000] {dag.py:3954} INFO - Setting next_dagrun for consume_1_and_2_with_dataset_expressions to None, run_after=None
[2025-07-22T09:05:22.034+0000] {logging_mixin.py:188} INFO - [2025-07-22T09:05:22.034+0000] {dag.py:3954} INFO - Setting next_dagrun for consume_1_or_2_with_dataset_expressions to None, run_after=None
[2025-07-22T09:05:22.037+0000] {logging_mixin.py:188} INFO - [2025-07-22T09:05:22.037+0000] {dag.py:3954} INFO - Setting next_dagrun for consume_1_or_both_2_and_3_with_dataset_expressions to None, run_after=None
[2025-07-22T09:05:22.039+0000] {logging_mixin.py:188} INFO - [2025-07-22T09:05:22.039+0000] {dag.py:3954} INFO - Setting next_dagrun for dataset_consumes_1 to None, run_after=None
[2025-07-22T09:05:22.041+0000] {logging_mixin.py:188} INFO - [2025-07-22T09:05:22.041+0000] {dag.py:3954} INFO - Setting next_dagrun for dataset_consumes_1_and_2 to None, run_after=None
[2025-07-22T09:05:22.043+0000] {logging_mixin.py:188} INFO - [2025-07-22T09:05:22.043+0000] {dag.py:3954} INFO - Setting next_dagrun for dataset_consumes_1_never_scheduled to None, run_after=None
[2025-07-22T09:05:22.045+0000] {logging_mixin.py:188} INFO - [2025-07-22T09:05:22.045+0000] {dag.py:3954} INFO - Setting next_dagrun for dataset_consumes_unknown_never_scheduled to None, run_after=None
[2025-07-22T09:05:22.048+0000] {logging_mixin.py:188} INFO - [2025-07-22T09:05:22.048+0000] {dag.py:3954} INFO - Setting next_dagrun for dataset_produces_1 to 2025-07-21 00:00:00+00:00, run_after=2025-07-22 00:00:00+00:00
[2025-07-22T09:05:22.050+0000] {logging_mixin.py:188} INFO - [2025-07-22T09:05:22.050+0000] {dag.py:3954} INFO - Setting next_dagrun for dataset_produces_2 to None, run_after=None
[2025-07-22T09:05:22.090+0000] {processor.py:183} INFO - Processing /home/airflow/.local/lib/python3.12/site-packages/airflow/example_dags/example_datasets.py took 0.228 seconds
[2025-07-22T09:05:52.209+0000] {processor.py:161} INFO - Started process (PID=1695) to work on /home/airflow/.local/lib/python3.12/site-packages/airflow/example_dags/example_datasets.py
[2025-07-22T09:05:52.210+0000] {processor.py:830} INFO - Processing file /home/airflow/.local/lib/python3.12/site-packages/airflow/example_dags/example_datasets.py for tasks to queue
[2025-07-22T09:05:52.212+0000] {logging_mixin.py:188} INFO - [2025-07-22T09:05:52.212+0000] {dagbag.py:545} INFO - Filling up the DagBag from /home/airflow/.local/lib/python3.12/site-packages/airflow/example_dags/example_datasets.py
[2025-07-22T09:05:52.227+0000] {processor.py:840} INFO - DAG(s) 'consume_1_or_2_with_dataset_expressions', 'dataset_produces_1', 'consume_1_or_both_2_and_3_with_dataset_expressions', 'dataset_consumes_unknown_never_scheduled', 'dataset_consumes_1', 'conditional_dataset_and_time_based_timetable', 'consume_1_and_2_with_dataset_expressions', 'dataset_consumes_1_never_scheduled', 'dataset_consumes_1_and_2', 'dataset_produces_2' retrieved from /home/airflow/.local/lib/python3.12/site-packages/airflow/example_dags/example_datasets.py
[2025-07-22T09:05:52.282+0000] {logging_mixin.py:188} INFO - [2025-07-22T09:05:52.282+0000] {dag.py:3096} INFO - Sync 10 DAGs
[2025-07-22T09:05:52.309+0000] {logging_mixin.py:188} INFO - [2025-07-22T09:05:52.309+0000] {dag.py:3954} INFO - Setting next_dagrun for conditional_dataset_and_time_based_timetable to 2025-07-16 01:00:00+00:00, run_after=2025-07-16 01:00:00+00:00
[2025-07-22T09:05:52.314+0000] {logging_mixin.py:188} INFO - [2025-07-22T09:05:52.314+0000] {dag.py:3954} INFO - Setting next_dagrun for consume_1_and_2_with_dataset_expressions to None, run_after=None
[2025-07-22T09:05:52.316+0000] {logging_mixin.py:188} INFO - [2025-07-22T09:05:52.316+0000] {dag.py:3954} INFO - Setting next_dagrun for consume_1_or_2_with_dataset_expressions to None, run_after=None
[2025-07-22T09:05:52.317+0000] {logging_mixin.py:188} INFO - [2025-07-22T09:05:52.317+0000] {dag.py:3954} INFO - Setting next_dagrun for consume_1_or_both_2_and_3_with_dataset_expressions to None, run_after=None
[2025-07-22T09:05:52.319+0000] {logging_mixin.py:188} INFO - [2025-07-22T09:05:52.319+0000] {dag.py:3954} INFO - Setting next_dagrun for dataset_consumes_1 to None, run_after=None
[2025-07-22T09:05:52.321+0000] {logging_mixin.py:188} INFO - [2025-07-22T09:05:52.321+0000] {dag.py:3954} INFO - Setting next_dagrun for dataset_consumes_1_and_2 to None, run_after=None
[2025-07-22T09:05:52.323+0000] {logging_mixin.py:188} INFO - [2025-07-22T09:05:52.323+0000] {dag.py:3954} INFO - Setting next_dagrun for dataset_consumes_1_never_scheduled to None, run_after=None
[2025-07-22T09:05:52.324+0000] {logging_mixin.py:188} INFO - [2025-07-22T09:05:52.324+0000] {dag.py:3954} INFO - Setting next_dagrun for dataset_consumes_unknown_never_scheduled to None, run_after=None
[2025-07-22T09:05:52.328+0000] {logging_mixin.py:188} INFO - [2025-07-22T09:05:52.328+0000] {dag.py:3954} INFO - Setting next_dagrun for dataset_produces_1 to 2025-07-21 00:00:00+00:00, run_after=2025-07-22 00:00:00+00:00
[2025-07-22T09:05:52.329+0000] {logging_mixin.py:188} INFO - [2025-07-22T09:05:52.329+0000] {dag.py:3954} INFO - Setting next_dagrun for dataset_produces_2 to None, run_after=None
[2025-07-22T09:05:52.365+0000] {processor.py:183} INFO - Processing /home/airflow/.local/lib/python3.12/site-packages/airflow/example_dags/example_datasets.py took 0.163 seconds
[2025-07-22T09:06:22.579+0000] {processor.py:161} INFO - Started process (PID=1754) to work on /home/airflow/.local/lib/python3.12/site-packages/airflow/example_dags/example_datasets.py
[2025-07-22T09:06:22.581+0000] {processor.py:830} INFO - Processing file /home/airflow/.local/lib/python3.12/site-packages/airflow/example_dags/example_datasets.py for tasks to queue
[2025-07-22T09:06:22.583+0000] {logging_mixin.py:188} INFO - [2025-07-22T09:06:22.583+0000] {dagbag.py:545} INFO - Filling up the DagBag from /home/airflow/.local/lib/python3.12/site-packages/airflow/example_dags/example_datasets.py
[2025-07-22T09:06:22.600+0000] {processor.py:840} INFO - DAG(s) 'consume_1_or_both_2_and_3_with_dataset_expressions', 'dataset_consumes_1_and_2', 'conditional_dataset_and_time_based_timetable', 'consume_1_or_2_with_dataset_expressions', 'dataset_consumes_1', 'dataset_consumes_1_never_scheduled', 'consume_1_and_2_with_dataset_expressions', 'dataset_produces_1', 'dataset_produces_2', 'dataset_consumes_unknown_never_scheduled' retrieved from /home/airflow/.local/lib/python3.12/site-packages/airflow/example_dags/example_datasets.py
[2025-07-22T09:06:22.676+0000] {logging_mixin.py:188} INFO - [2025-07-22T09:06:22.676+0000] {dag.py:3096} INFO - Sync 10 DAGs
[2025-07-22T09:06:22.719+0000] {logging_mixin.py:188} INFO - [2025-07-22T09:06:22.718+0000] {dag.py:3954} INFO - Setting next_dagrun for conditional_dataset_and_time_based_timetable to 2025-07-16 01:00:00+00:00, run_after=2025-07-16 01:00:00+00:00
[2025-07-22T09:06:22.725+0000] {logging_mixin.py:188} INFO - [2025-07-22T09:06:22.725+0000] {dag.py:3954} INFO - Setting next_dagrun for consume_1_and_2_with_dataset_expressions to None, run_after=None
[2025-07-22T09:06:22.728+0000] {logging_mixin.py:188} INFO - [2025-07-22T09:06:22.727+0000] {dag.py:3954} INFO - Setting next_dagrun for consume_1_or_2_with_dataset_expressions to None, run_after=None
[2025-07-22T09:06:22.730+0000] {logging_mixin.py:188} INFO - [2025-07-22T09:06:22.730+0000] {dag.py:3954} INFO - Setting next_dagrun for consume_1_or_both_2_and_3_with_dataset_expressions to None, run_after=None
[2025-07-22T09:06:22.733+0000] {logging_mixin.py:188} INFO - [2025-07-22T09:06:22.732+0000] {dag.py:3954} INFO - Setting next_dagrun for dataset_consumes_1 to None, run_after=None
[2025-07-22T09:06:22.735+0000] {logging_mixin.py:188} INFO - [2025-07-22T09:06:22.735+0000] {dag.py:3954} INFO - Setting next_dagrun for dataset_consumes_1_and_2 to None, run_after=None
[2025-07-22T09:06:22.737+0000] {logging_mixin.py:188} INFO - [2025-07-22T09:06:22.737+0000] {dag.py:3954} INFO - Setting next_dagrun for dataset_consumes_1_never_scheduled to None, run_after=None
[2025-07-22T09:06:22.739+0000] {logging_mixin.py:188} INFO - [2025-07-22T09:06:22.739+0000] {dag.py:3954} INFO - Setting next_dagrun for dataset_consumes_unknown_never_scheduled to None, run_after=None
[2025-07-22T09:06:22.743+0000] {logging_mixin.py:188} INFO - [2025-07-22T09:06:22.743+0000] {dag.py:3954} INFO - Setting next_dagrun for dataset_produces_1 to 2025-07-21 00:00:00+00:00, run_after=2025-07-22 00:00:00+00:00
[2025-07-22T09:06:22.746+0000] {logging_mixin.py:188} INFO - [2025-07-22T09:06:22.745+0000] {dag.py:3954} INFO - Setting next_dagrun for dataset_produces_2 to None, run_after=None
[2025-07-22T09:06:22.797+0000] {processor.py:183} INFO - Processing /home/airflow/.local/lib/python3.12/site-packages/airflow/example_dags/example_datasets.py took 0.225 seconds
[2025-07-22T09:06:52.857+0000] {processor.py:161} INFO - Started process (PID=1814) to work on /home/airflow/.local/lib/python3.12/site-packages/airflow/example_dags/example_datasets.py
[2025-07-22T09:06:52.859+0000] {processor.py:830} INFO - Processing file /home/airflow/.local/lib/python3.12/site-packages/airflow/example_dags/example_datasets.py for tasks to queue
[2025-07-22T09:06:52.861+0000] {logging_mixin.py:188} INFO - [2025-07-22T09:06:52.860+0000] {dagbag.py:545} INFO - Filling up the DagBag from /home/airflow/.local/lib/python3.12/site-packages/airflow/example_dags/example_datasets.py
[2025-07-22T09:06:52.876+0000] {processor.py:840} INFO - DAG(s) 'consume_1_or_both_2_and_3_with_dataset_expressions', 'dataset_produces_1', 'conditional_dataset_and_time_based_timetable', 'dataset_consumes_1_never_scheduled', 'consume_1_and_2_with_dataset_expressions', 'dataset_produces_2', 'dataset_consumes_1_and_2', 'dataset_consumes_1', 'dataset_consumes_unknown_never_scheduled', 'consume_1_or_2_with_dataset_expressions' retrieved from /home/airflow/.local/lib/python3.12/site-packages/airflow/example_dags/example_datasets.py
[2025-07-22T09:06:52.931+0000] {logging_mixin.py:188} INFO - [2025-07-22T09:06:52.931+0000] {dag.py:3096} INFO - Sync 10 DAGs
[2025-07-22T09:06:52.960+0000] {logging_mixin.py:188} INFO - [2025-07-22T09:06:52.960+0000] {dag.py:3954} INFO - Setting next_dagrun for conditional_dataset_and_time_based_timetable to 2025-07-16 01:00:00+00:00, run_after=2025-07-16 01:00:00+00:00
[2025-07-22T09:06:52.966+0000] {logging_mixin.py:188} INFO - [2025-07-22T09:06:52.965+0000] {dag.py:3954} INFO - Setting next_dagrun for consume_1_and_2_with_dataset_expressions to None, run_after=None
[2025-07-22T09:06:52.967+0000] {logging_mixin.py:188} INFO - [2025-07-22T09:06:52.967+0000] {dag.py:3954} INFO - Setting next_dagrun for consume_1_or_2_with_dataset_expressions to None, run_after=None
[2025-07-22T09:06:52.969+0000] {logging_mixin.py:188} INFO - [2025-07-22T09:06:52.969+0000] {dag.py:3954} INFO - Setting next_dagrun for consume_1_or_both_2_and_3_with_dataset_expressions to None, run_after=None
[2025-07-22T09:06:52.971+0000] {logging_mixin.py:188} INFO - [2025-07-22T09:06:52.971+0000] {dag.py:3954} INFO - Setting next_dagrun for dataset_consumes_1 to None, run_after=None
[2025-07-22T09:06:52.972+0000] {logging_mixin.py:188} INFO - [2025-07-22T09:06:52.972+0000] {dag.py:3954} INFO - Setting next_dagrun for dataset_consumes_1_and_2 to None, run_after=None
[2025-07-22T09:06:52.974+0000] {logging_mixin.py:188} INFO - [2025-07-22T09:06:52.974+0000] {dag.py:3954} INFO - Setting next_dagrun for dataset_consumes_1_never_scheduled to None, run_after=None
[2025-07-22T09:06:52.976+0000] {logging_mixin.py:188} INFO - [2025-07-22T09:06:52.976+0000] {dag.py:3954} INFO - Setting next_dagrun for dataset_consumes_unknown_never_scheduled to None, run_after=None
[2025-07-22T09:06:52.979+0000] {logging_mixin.py:188} INFO - [2025-07-22T09:06:52.979+0000] {dag.py:3954} INFO - Setting next_dagrun for dataset_produces_1 to 2025-07-21 00:00:00+00:00, run_after=2025-07-22 00:00:00+00:00
[2025-07-22T09:06:52.981+0000] {logging_mixin.py:188} INFO - [2025-07-22T09:06:52.981+0000] {dag.py:3954} INFO - Setting next_dagrun for dataset_produces_2 to None, run_after=None
[2025-07-22T09:06:53.021+0000] {processor.py:183} INFO - Processing /home/airflow/.local/lib/python3.12/site-packages/airflow/example_dags/example_datasets.py took 0.171 seconds
[2025-07-22T09:07:23.148+0000] {processor.py:161} INFO - Started process (PID=1875) to work on /home/airflow/.local/lib/python3.12/site-packages/airflow/example_dags/example_datasets.py
[2025-07-22T09:07:23.149+0000] {processor.py:830} INFO - Processing file /home/airflow/.local/lib/python3.12/site-packages/airflow/example_dags/example_datasets.py for tasks to queue
[2025-07-22T09:07:23.152+0000] {logging_mixin.py:188} INFO - [2025-07-22T09:07:23.152+0000] {dagbag.py:545} INFO - Filling up the DagBag from /home/airflow/.local/lib/python3.12/site-packages/airflow/example_dags/example_datasets.py
[2025-07-22T09:07:23.170+0000] {processor.py:840} INFO - DAG(s) 'dataset_consumes_unknown_never_scheduled', 'dataset_consumes_1', 'dataset_produces_1', 'dataset_produces_2', 'dataset_consumes_1_and_2', 'dataset_consumes_1_never_scheduled', 'conditional_dataset_and_time_based_timetable', 'consume_1_or_both_2_and_3_with_dataset_expressions', 'consume_1_and_2_with_dataset_expressions', 'consume_1_or_2_with_dataset_expressions' retrieved from /home/airflow/.local/lib/python3.12/site-packages/airflow/example_dags/example_datasets.py
[2025-07-22T09:07:23.237+0000] {logging_mixin.py:188} INFO - [2025-07-22T09:07:23.237+0000] {dag.py:3096} INFO - Sync 10 DAGs
[2025-07-22T09:07:23.270+0000] {logging_mixin.py:188} INFO - [2025-07-22T09:07:23.270+0000] {dag.py:3954} INFO - Setting next_dagrun for conditional_dataset_and_time_based_timetable to 2025-07-16 01:00:00+00:00, run_after=2025-07-16 01:00:00+00:00
[2025-07-22T09:07:23.275+0000] {logging_mixin.py:188} INFO - [2025-07-22T09:07:23.275+0000] {dag.py:3954} INFO - Setting next_dagrun for consume_1_and_2_with_dataset_expressions to None, run_after=None
[2025-07-22T09:07:23.277+0000] {logging_mixin.py:188} INFO - [2025-07-22T09:07:23.277+0000] {dag.py:3954} INFO - Setting next_dagrun for consume_1_or_2_with_dataset_expressions to None, run_after=None
[2025-07-22T09:07:23.279+0000] {logging_mixin.py:188} INFO - [2025-07-22T09:07:23.279+0000] {dag.py:3954} INFO - Setting next_dagrun for consume_1_or_both_2_and_3_with_dataset_expressions to None, run_after=None
[2025-07-22T09:07:23.281+0000] {logging_mixin.py:188} INFO - [2025-07-22T09:07:23.281+0000] {dag.py:3954} INFO - Setting next_dagrun for dataset_consumes_1 to None, run_after=None
[2025-07-22T09:07:23.283+0000] {logging_mixin.py:188} INFO - [2025-07-22T09:07:23.283+0000] {dag.py:3954} INFO - Setting next_dagrun for dataset_consumes_1_and_2 to None, run_after=None
[2025-07-22T09:07:23.285+0000] {logging_mixin.py:188} INFO - [2025-07-22T09:07:23.285+0000] {dag.py:3954} INFO - Setting next_dagrun for dataset_consumes_1_never_scheduled to None, run_after=None
[2025-07-22T09:07:23.287+0000] {logging_mixin.py:188} INFO - [2025-07-22T09:07:23.287+0000] {dag.py:3954} INFO - Setting next_dagrun for dataset_consumes_unknown_never_scheduled to None, run_after=None
[2025-07-22T09:07:23.290+0000] {logging_mixin.py:188} INFO - [2025-07-22T09:07:23.290+0000] {dag.py:3954} INFO - Setting next_dagrun for dataset_produces_1 to 2025-07-21 00:00:00+00:00, run_after=2025-07-22 00:00:00+00:00
[2025-07-22T09:07:23.292+0000] {logging_mixin.py:188} INFO - [2025-07-22T09:07:23.292+0000] {dag.py:3954} INFO - Setting next_dagrun for dataset_produces_2 to None, run_after=None
[2025-07-22T09:07:23.336+0000] {processor.py:183} INFO - Processing /home/airflow/.local/lib/python3.12/site-packages/airflow/example_dags/example_datasets.py took 0.196 seconds
[2025-07-22T09:07:55.057+0000] {processor.py:161} INFO - Started process (PID=1934) to work on /home/airflow/.local/lib/python3.12/site-packages/airflow/example_dags/example_datasets.py
[2025-07-22T09:07:55.058+0000] {processor.py:830} INFO - Processing file /home/airflow/.local/lib/python3.12/site-packages/airflow/example_dags/example_datasets.py for tasks to queue
[2025-07-22T09:07:55.061+0000] {logging_mixin.py:188} INFO - [2025-07-22T09:07:55.060+0000] {dagbag.py:545} INFO - Filling up the DagBag from /home/airflow/.local/lib/python3.12/site-packages/airflow/example_dags/example_datasets.py
[2025-07-22T09:07:55.081+0000] {processor.py:840} INFO - DAG(s) 'dataset_produces_1', 'consume_1_or_both_2_and_3_with_dataset_expressions', 'conditional_dataset_and_time_based_timetable', 'dataset_produces_2', 'dataset_consumes_unknown_never_scheduled', 'dataset_consumes_1_never_scheduled', 'dataset_consumes_1', 'dataset_consumes_1_and_2', 'consume_1_or_2_with_dataset_expressions', 'consume_1_and_2_with_dataset_expressions' retrieved from /home/airflow/.local/lib/python3.12/site-packages/airflow/example_dags/example_datasets.py
[2025-07-22T09:07:55.154+0000] {logging_mixin.py:188} INFO - [2025-07-22T09:07:55.153+0000] {dag.py:3096} INFO - Sync 10 DAGs
[2025-07-22T09:07:55.191+0000] {logging_mixin.py:188} INFO - [2025-07-22T09:07:55.190+0000] {dag.py:3954} INFO - Setting next_dagrun for conditional_dataset_and_time_based_timetable to 2025-07-16 01:00:00+00:00, run_after=2025-07-16 01:00:00+00:00
[2025-07-22T09:07:55.196+0000] {logging_mixin.py:188} INFO - [2025-07-22T09:07:55.196+0000] {dag.py:3954} INFO - Setting next_dagrun for consume_1_and_2_with_dataset_expressions to None, run_after=None
[2025-07-22T09:07:55.199+0000] {logging_mixin.py:188} INFO - [2025-07-22T09:07:55.198+0000] {dag.py:3954} INFO - Setting next_dagrun for consume_1_or_2_with_dataset_expressions to None, run_after=None
[2025-07-22T09:07:55.201+0000] {logging_mixin.py:188} INFO - [2025-07-22T09:07:55.201+0000] {dag.py:3954} INFO - Setting next_dagrun for consume_1_or_both_2_and_3_with_dataset_expressions to None, run_after=None
[2025-07-22T09:07:55.203+0000] {logging_mixin.py:188} INFO - [2025-07-22T09:07:55.203+0000] {dag.py:3954} INFO - Setting next_dagrun for dataset_consumes_1 to None, run_after=None
[2025-07-22T09:07:55.205+0000] {logging_mixin.py:188} INFO - [2025-07-22T09:07:55.205+0000] {dag.py:3954} INFO - Setting next_dagrun for dataset_consumes_1_and_2 to None, run_after=None
[2025-07-22T09:07:55.207+0000] {logging_mixin.py:188} INFO - [2025-07-22T09:07:55.207+0000] {dag.py:3954} INFO - Setting next_dagrun for dataset_consumes_1_never_scheduled to None, run_after=None
[2025-07-22T09:07:55.209+0000] {logging_mixin.py:188} INFO - [2025-07-22T09:07:55.209+0000] {dag.py:3954} INFO - Setting next_dagrun for dataset_consumes_unknown_never_scheduled to None, run_after=None
[2025-07-22T09:07:55.212+0000] {logging_mixin.py:188} INFO - [2025-07-22T09:07:55.212+0000] {dag.py:3954} INFO - Setting next_dagrun for dataset_produces_1 to 2025-07-21 00:00:00+00:00, run_after=2025-07-22 00:00:00+00:00
[2025-07-22T09:07:55.214+0000] {logging_mixin.py:188} INFO - [2025-07-22T09:07:55.214+0000] {dag.py:3954} INFO - Setting next_dagrun for dataset_produces_2 to None, run_after=None
[2025-07-22T09:07:55.256+0000] {processor.py:183} INFO - Processing /home/airflow/.local/lib/python3.12/site-packages/airflow/example_dags/example_datasets.py took 0.209 seconds
[2025-07-22T09:08:25.591+0000] {processor.py:161} INFO - Started process (PID=1994) to work on /home/airflow/.local/lib/python3.12/site-packages/airflow/example_dags/example_datasets.py
[2025-07-22T09:08:25.592+0000] {processor.py:830} INFO - Processing file /home/airflow/.local/lib/python3.12/site-packages/airflow/example_dags/example_datasets.py for tasks to queue
[2025-07-22T09:08:25.595+0000] {logging_mixin.py:188} INFO - [2025-07-22T09:08:25.594+0000] {dagbag.py:545} INFO - Filling up the DagBag from /home/airflow/.local/lib/python3.12/site-packages/airflow/example_dags/example_datasets.py
[2025-07-22T09:08:25.615+0000] {processor.py:840} INFO - DAG(s) 'dataset_consumes_1', 'dataset_produces_2', 'dataset_produces_1', 'conditional_dataset_and_time_based_timetable', 'consume_1_or_both_2_and_3_with_dataset_expressions', 'consume_1_and_2_with_dataset_expressions', 'dataset_consumes_1_and_2', 'consume_1_or_2_with_dataset_expressions', 'dataset_consumes_1_never_scheduled', 'dataset_consumes_unknown_never_scheduled' retrieved from /home/airflow/.local/lib/python3.12/site-packages/airflow/example_dags/example_datasets.py
[2025-07-22T09:08:25.692+0000] {logging_mixin.py:188} INFO - [2025-07-22T09:08:25.692+0000] {dag.py:3096} INFO - Sync 10 DAGs
[2025-07-22T09:08:25.738+0000] {logging_mixin.py:188} INFO - [2025-07-22T09:08:25.738+0000] {dag.py:3954} INFO - Setting next_dagrun for conditional_dataset_and_time_based_timetable to 2025-07-16 01:00:00+00:00, run_after=2025-07-16 01:00:00+00:00
[2025-07-22T09:08:25.747+0000] {logging_mixin.py:188} INFO - [2025-07-22T09:08:25.747+0000] {dag.py:3954} INFO - Setting next_dagrun for consume_1_and_2_with_dataset_expressions to None, run_after=None
[2025-07-22T09:08:25.751+0000] {logging_mixin.py:188} INFO - [2025-07-22T09:08:25.750+0000] {dag.py:3954} INFO - Setting next_dagrun for consume_1_or_2_with_dataset_expressions to None, run_after=None
[2025-07-22T09:08:25.754+0000] {logging_mixin.py:188} INFO - [2025-07-22T09:08:25.753+0000] {dag.py:3954} INFO - Setting next_dagrun for consume_1_or_both_2_and_3_with_dataset_expressions to None, run_after=None
[2025-07-22T09:08:25.756+0000] {logging_mixin.py:188} INFO - [2025-07-22T09:08:25.756+0000] {dag.py:3954} INFO - Setting next_dagrun for dataset_consumes_1 to None, run_after=None
[2025-07-22T09:08:25.759+0000] {logging_mixin.py:188} INFO - [2025-07-22T09:08:25.759+0000] {dag.py:3954} INFO - Setting next_dagrun for dataset_consumes_1_and_2 to None, run_after=None
[2025-07-22T09:08:25.761+0000] {logging_mixin.py:188} INFO - [2025-07-22T09:08:25.761+0000] {dag.py:3954} INFO - Setting next_dagrun for dataset_consumes_1_never_scheduled to None, run_after=None
[2025-07-22T09:08:25.765+0000] {logging_mixin.py:188} INFO - [2025-07-22T09:08:25.764+0000] {dag.py:3954} INFO - Setting next_dagrun for dataset_consumes_unknown_never_scheduled to None, run_after=None
[2025-07-22T09:08:25.770+0000] {logging_mixin.py:188} INFO - [2025-07-22T09:08:25.770+0000] {dag.py:3954} INFO - Setting next_dagrun for dataset_produces_1 to 2025-07-21 00:00:00+00:00, run_after=2025-07-22 00:00:00+00:00
[2025-07-22T09:08:25.773+0000] {logging_mixin.py:188} INFO - [2025-07-22T09:08:25.772+0000] {dag.py:3954} INFO - Setting next_dagrun for dataset_produces_2 to None, run_after=None
[2025-07-22T09:08:26.062+0000] {processor.py:183} INFO - Processing /home/airflow/.local/lib/python3.12/site-packages/airflow/example_dags/example_datasets.py took 0.480 seconds
[2025-07-22T09:08:56.850+0000] {processor.py:161} INFO - Started process (PID=2054) to work on /home/airflow/.local/lib/python3.12/site-packages/airflow/example_dags/example_datasets.py
[2025-07-22T09:08:56.851+0000] {processor.py:830} INFO - Processing file /home/airflow/.local/lib/python3.12/site-packages/airflow/example_dags/example_datasets.py for tasks to queue
[2025-07-22T09:08:56.855+0000] {logging_mixin.py:188} INFO - [2025-07-22T09:08:56.855+0000] {dagbag.py:545} INFO - Filling up the DagBag from /home/airflow/.local/lib/python3.12/site-packages/airflow/example_dags/example_datasets.py
[2025-07-22T09:08:56.878+0000] {processor.py:840} INFO - DAG(s) 'dataset_produces_1', 'dataset_consumes_unknown_never_scheduled', 'dataset_consumes_1_never_scheduled', 'conditional_dataset_and_time_based_timetable', 'dataset_produces_2', 'consume_1_and_2_with_dataset_expressions', 'dataset_consumes_1', 'consume_1_or_both_2_and_3_with_dataset_expressions', 'dataset_consumes_1_and_2', 'consume_1_or_2_with_dataset_expressions' retrieved from /home/airflow/.local/lib/python3.12/site-packages/airflow/example_dags/example_datasets.py
[2025-07-22T09:08:56.960+0000] {logging_mixin.py:188} INFO - [2025-07-22T09:08:56.959+0000] {dag.py:3096} INFO - Sync 10 DAGs
[2025-07-22T09:08:56.994+0000] {logging_mixin.py:188} INFO - [2025-07-22T09:08:56.994+0000] {dag.py:3954} INFO - Setting next_dagrun for conditional_dataset_and_time_based_timetable to 2025-07-16 01:00:00+00:00, run_after=2025-07-16 01:00:00+00:00
[2025-07-22T09:08:57.001+0000] {logging_mixin.py:188} INFO - [2025-07-22T09:08:57.000+0000] {dag.py:3954} INFO - Setting next_dagrun for consume_1_and_2_with_dataset_expressions to None, run_after=None
[2025-07-22T09:08:57.003+0000] {logging_mixin.py:188} INFO - [2025-07-22T09:08:57.003+0000] {dag.py:3954} INFO - Setting next_dagrun for consume_1_or_2_with_dataset_expressions to None, run_after=None
[2025-07-22T09:08:57.005+0000] {logging_mixin.py:188} INFO - [2025-07-22T09:08:57.005+0000] {dag.py:3954} INFO - Setting next_dagrun for consume_1_or_both_2_and_3_with_dataset_expressions to None, run_after=None
[2025-07-22T09:08:57.007+0000] {logging_mixin.py:188} INFO - [2025-07-22T09:08:57.007+0000] {dag.py:3954} INFO - Setting next_dagrun for dataset_consumes_1 to None, run_after=None
[2025-07-22T09:08:57.010+0000] {logging_mixin.py:188} INFO - [2025-07-22T09:08:57.009+0000] {dag.py:3954} INFO - Setting next_dagrun for dataset_consumes_1_and_2 to None, run_after=None
[2025-07-22T09:08:57.012+0000] {logging_mixin.py:188} INFO - [2025-07-22T09:08:57.011+0000] {dag.py:3954} INFO - Setting next_dagrun for dataset_consumes_1_never_scheduled to None, run_after=None
[2025-07-22T09:08:57.014+0000] {logging_mixin.py:188} INFO - [2025-07-22T09:08:57.013+0000] {dag.py:3954} INFO - Setting next_dagrun for dataset_consumes_unknown_never_scheduled to None, run_after=None
[2025-07-22T09:08:57.017+0000] {logging_mixin.py:188} INFO - [2025-07-22T09:08:57.017+0000] {dag.py:3954} INFO - Setting next_dagrun for dataset_produces_1 to 2025-07-21 00:00:00+00:00, run_after=2025-07-22 00:00:00+00:00
[2025-07-22T09:08:57.020+0000] {logging_mixin.py:188} INFO - [2025-07-22T09:08:57.019+0000] {dag.py:3954} INFO - Setting next_dagrun for dataset_produces_2 to None, run_after=None
[2025-07-22T09:08:57.074+0000] {processor.py:183} INFO - Processing /home/airflow/.local/lib/python3.12/site-packages/airflow/example_dags/example_datasets.py took 0.233 seconds
[2025-07-22T09:09:28.243+0000] {processor.py:161} INFO - Started process (PID=2114) to work on /home/airflow/.local/lib/python3.12/site-packages/airflow/example_dags/example_datasets.py
[2025-07-22T09:09:28.244+0000] {processor.py:830} INFO - Processing file /home/airflow/.local/lib/python3.12/site-packages/airflow/example_dags/example_datasets.py for tasks to queue
[2025-07-22T09:09:28.247+0000] {logging_mixin.py:188} INFO - [2025-07-22T09:09:28.247+0000] {dagbag.py:545} INFO - Filling up the DagBag from /home/airflow/.local/lib/python3.12/site-packages/airflow/example_dags/example_datasets.py
[2025-07-22T09:09:28.264+0000] {processor.py:840} INFO - DAG(s) 'consume_1_or_2_with_dataset_expressions', 'dataset_consumes_1', 'dataset_produces_2', 'consume_1_and_2_with_dataset_expressions', 'dataset_produces_1', 'dataset_consumes_1_and_2', 'dataset_consumes_1_never_scheduled', 'conditional_dataset_and_time_based_timetable', 'consume_1_or_both_2_and_3_with_dataset_expressions', 'dataset_consumes_unknown_never_scheduled' retrieved from /home/airflow/.local/lib/python3.12/site-packages/airflow/example_dags/example_datasets.py
[2025-07-22T09:09:28.335+0000] {logging_mixin.py:188} INFO - [2025-07-22T09:09:28.335+0000] {dag.py:3096} INFO - Sync 10 DAGs
[2025-07-22T09:09:28.366+0000] {logging_mixin.py:188} INFO - [2025-07-22T09:09:28.366+0000] {dag.py:3954} INFO - Setting next_dagrun for conditional_dataset_and_time_based_timetable to 2025-07-16 01:00:00+00:00, run_after=2025-07-16 01:00:00+00:00
[2025-07-22T09:09:28.371+0000] {logging_mixin.py:188} INFO - [2025-07-22T09:09:28.371+0000] {dag.py:3954} INFO - Setting next_dagrun for consume_1_and_2_with_dataset_expressions to None, run_after=None
[2025-07-22T09:09:28.373+0000] {logging_mixin.py:188} INFO - [2025-07-22T09:09:28.373+0000] {dag.py:3954} INFO - Setting next_dagrun for consume_1_or_2_with_dataset_expressions to None, run_after=None
[2025-07-22T09:09:28.375+0000] {logging_mixin.py:188} INFO - [2025-07-22T09:09:28.375+0000] {dag.py:3954} INFO - Setting next_dagrun for consume_1_or_both_2_and_3_with_dataset_expressions to None, run_after=None
[2025-07-22T09:09:28.378+0000] {logging_mixin.py:188} INFO - [2025-07-22T09:09:28.378+0000] {dag.py:3954} INFO - Setting next_dagrun for dataset_consumes_1 to None, run_after=None
[2025-07-22T09:09:28.381+0000] {logging_mixin.py:188} INFO - [2025-07-22T09:09:28.381+0000] {dag.py:3954} INFO - Setting next_dagrun for dataset_consumes_1_and_2 to None, run_after=None
[2025-07-22T09:09:28.384+0000] {logging_mixin.py:188} INFO - [2025-07-22T09:09:28.383+0000] {dag.py:3954} INFO - Setting next_dagrun for dataset_consumes_1_never_scheduled to None, run_after=None
[2025-07-22T09:09:28.387+0000] {logging_mixin.py:188} INFO - [2025-07-22T09:09:28.386+0000] {dag.py:3954} INFO - Setting next_dagrun for dataset_consumes_unknown_never_scheduled to None, run_after=None
[2025-07-22T09:09:28.391+0000] {logging_mixin.py:188} INFO - [2025-07-22T09:09:28.391+0000] {dag.py:3954} INFO - Setting next_dagrun for dataset_produces_1 to 2025-07-21 00:00:00+00:00, run_after=2025-07-22 00:00:00+00:00
[2025-07-22T09:09:28.393+0000] {logging_mixin.py:188} INFO - [2025-07-22T09:09:28.393+0000] {dag.py:3954} INFO - Setting next_dagrun for dataset_produces_2 to None, run_after=None
[2025-07-22T09:09:28.445+0000] {processor.py:183} INFO - Processing /home/airflow/.local/lib/python3.12/site-packages/airflow/example_dags/example_datasets.py took 0.210 seconds
[2025-07-22T09:09:58.545+0000] {processor.py:161} INFO - Started process (PID=2174) to work on /home/airflow/.local/lib/python3.12/site-packages/airflow/example_dags/example_datasets.py
[2025-07-22T09:09:58.546+0000] {processor.py:830} INFO - Processing file /home/airflow/.local/lib/python3.12/site-packages/airflow/example_dags/example_datasets.py for tasks to queue
[2025-07-22T09:09:58.548+0000] {logging_mixin.py:188} INFO - [2025-07-22T09:09:58.548+0000] {dagbag.py:545} INFO - Filling up the DagBag from /home/airflow/.local/lib/python3.12/site-packages/airflow/example_dags/example_datasets.py
[2025-07-22T09:09:58.563+0000] {processor.py:840} INFO - DAG(s) 'dataset_consumes_unknown_never_scheduled', 'consume_1_and_2_with_dataset_expressions', 'dataset_produces_1', 'dataset_produces_2', 'dataset_consumes_1_and_2', 'conditional_dataset_and_time_based_timetable', 'dataset_consumes_1', 'consume_1_or_2_with_dataset_expressions', 'dataset_consumes_1_never_scheduled', 'consume_1_or_both_2_and_3_with_dataset_expressions' retrieved from /home/airflow/.local/lib/python3.12/site-packages/airflow/example_dags/example_datasets.py
[2025-07-22T09:09:58.616+0000] {logging_mixin.py:188} INFO - [2025-07-22T09:09:58.616+0000] {dag.py:3096} INFO - Sync 10 DAGs
[2025-07-22T09:09:58.789+0000] {logging_mixin.py:188} INFO - [2025-07-22T09:09:58.789+0000] {dag.py:3954} INFO - Setting next_dagrun for conditional_dataset_and_time_based_timetable to 2025-07-16 01:00:00+00:00, run_after=2025-07-16 01:00:00+00:00
[2025-07-22T09:09:58.794+0000] {logging_mixin.py:188} INFO - [2025-07-22T09:09:58.793+0000] {dag.py:3954} INFO - Setting next_dagrun for consume_1_and_2_with_dataset_expressions to None, run_after=None
[2025-07-22T09:09:58.796+0000] {logging_mixin.py:188} INFO - [2025-07-22T09:09:58.795+0000] {dag.py:3954} INFO - Setting next_dagrun for consume_1_or_2_with_dataset_expressions to None, run_after=None
[2025-07-22T09:09:58.798+0000] {logging_mixin.py:188} INFO - [2025-07-22T09:09:58.797+0000] {dag.py:3954} INFO - Setting next_dagrun for consume_1_or_both_2_and_3_with_dataset_expressions to None, run_after=None
[2025-07-22T09:09:58.799+0000] {logging_mixin.py:188} INFO - [2025-07-22T09:09:58.799+0000] {dag.py:3954} INFO - Setting next_dagrun for dataset_consumes_1 to None, run_after=None
[2025-07-22T09:09:58.801+0000] {logging_mixin.py:188} INFO - [2025-07-22T09:09:58.801+0000] {dag.py:3954} INFO - Setting next_dagrun for dataset_consumes_1_and_2 to None, run_after=None
[2025-07-22T09:09:58.803+0000] {logging_mixin.py:188} INFO - [2025-07-22T09:09:58.803+0000] {dag.py:3954} INFO - Setting next_dagrun for dataset_consumes_1_never_scheduled to None, run_after=None
[2025-07-22T09:09:58.805+0000] {logging_mixin.py:188} INFO - [2025-07-22T09:09:58.805+0000] {dag.py:3954} INFO - Setting next_dagrun for dataset_consumes_unknown_never_scheduled to None, run_after=None
[2025-07-22T09:09:58.808+0000] {logging_mixin.py:188} INFO - [2025-07-22T09:09:58.808+0000] {dag.py:3954} INFO - Setting next_dagrun for dataset_produces_1 to 2025-07-21 00:00:00+00:00, run_after=2025-07-22 00:00:00+00:00
[2025-07-22T09:09:58.809+0000] {logging_mixin.py:188} INFO - [2025-07-22T09:09:58.809+0000] {dag.py:3954} INFO - Setting next_dagrun for dataset_produces_2 to None, run_after=None
[2025-07-22T09:09:58.845+0000] {processor.py:183} INFO - Processing /home/airflow/.local/lib/python3.12/site-packages/airflow/example_dags/example_datasets.py took 0.307 seconds
[2025-07-22T09:10:29.654+0000] {processor.py:161} INFO - Started process (PID=2234) to work on /home/airflow/.local/lib/python3.12/site-packages/airflow/example_dags/example_datasets.py
[2025-07-22T09:10:29.655+0000] {processor.py:830} INFO - Processing file /home/airflow/.local/lib/python3.12/site-packages/airflow/example_dags/example_datasets.py for tasks to queue
[2025-07-22T09:10:29.657+0000] {logging_mixin.py:188} INFO - [2025-07-22T09:10:29.657+0000] {dagbag.py:545} INFO - Filling up the DagBag from /home/airflow/.local/lib/python3.12/site-packages/airflow/example_dags/example_datasets.py
[2025-07-22T09:10:29.671+0000] {processor.py:840} INFO - DAG(s) 'consume_1_or_both_2_and_3_with_dataset_expressions', 'conditional_dataset_and_time_based_timetable', 'dataset_consumes_1_never_scheduled', 'consume_1_or_2_with_dataset_expressions', 'dataset_consumes_1', 'dataset_produces_2', 'dataset_produces_1', 'dataset_consumes_unknown_never_scheduled', 'dataset_consumes_1_and_2', 'consume_1_and_2_with_dataset_expressions' retrieved from /home/airflow/.local/lib/python3.12/site-packages/airflow/example_dags/example_datasets.py
[2025-07-22T09:10:29.722+0000] {logging_mixin.py:188} INFO - [2025-07-22T09:10:29.722+0000] {dag.py:3096} INFO - Sync 10 DAGs
[2025-07-22T09:10:29.749+0000] {logging_mixin.py:188} INFO - [2025-07-22T09:10:29.748+0000] {dag.py:3954} INFO - Setting next_dagrun for conditional_dataset_and_time_based_timetable to 2025-07-16 01:00:00+00:00, run_after=2025-07-16 01:00:00+00:00
[2025-07-22T09:10:29.754+0000] {logging_mixin.py:188} INFO - [2025-07-22T09:10:29.754+0000] {dag.py:3954} INFO - Setting next_dagrun for consume_1_and_2_with_dataset_expressions to None, run_after=None
[2025-07-22T09:10:29.756+0000] {logging_mixin.py:188} INFO - [2025-07-22T09:10:29.755+0000] {dag.py:3954} INFO - Setting next_dagrun for consume_1_or_2_with_dataset_expressions to None, run_after=None
[2025-07-22T09:10:29.757+0000] {logging_mixin.py:188} INFO - [2025-07-22T09:10:29.757+0000] {dag.py:3954} INFO - Setting next_dagrun for consume_1_or_both_2_and_3_with_dataset_expressions to None, run_after=None
[2025-07-22T09:10:29.759+0000] {logging_mixin.py:188} INFO - [2025-07-22T09:10:29.759+0000] {dag.py:3954} INFO - Setting next_dagrun for dataset_consumes_1 to None, run_after=None
[2025-07-22T09:10:29.760+0000] {logging_mixin.py:188} INFO - [2025-07-22T09:10:29.760+0000] {dag.py:3954} INFO - Setting next_dagrun for dataset_consumes_1_and_2 to None, run_after=None
[2025-07-22T09:10:29.762+0000] {logging_mixin.py:188} INFO - [2025-07-22T09:10:29.762+0000] {dag.py:3954} INFO - Setting next_dagrun for dataset_consumes_1_never_scheduled to None, run_after=None
[2025-07-22T09:10:29.763+0000] {logging_mixin.py:188} INFO - [2025-07-22T09:10:29.763+0000] {dag.py:3954} INFO - Setting next_dagrun for dataset_consumes_unknown_never_scheduled to None, run_after=None
[2025-07-22T09:10:29.766+0000] {logging_mixin.py:188} INFO - [2025-07-22T09:10:29.766+0000] {dag.py:3954} INFO - Setting next_dagrun for dataset_produces_1 to 2025-07-21 00:00:00+00:00, run_after=2025-07-22 00:00:00+00:00
[2025-07-22T09:10:29.767+0000] {logging_mixin.py:188} INFO - [2025-07-22T09:10:29.767+0000] {dag.py:3954} INFO - Setting next_dagrun for dataset_produces_2 to None, run_after=None
[2025-07-22T09:10:29.802+0000] {processor.py:183} INFO - Processing /home/airflow/.local/lib/python3.12/site-packages/airflow/example_dags/example_datasets.py took 0.156 seconds
[2025-07-22T09:11:00.028+0000] {processor.py:161} INFO - Started process (PID=2294) to work on /home/airflow/.local/lib/python3.12/site-packages/airflow/example_dags/example_datasets.py
[2025-07-22T09:11:00.030+0000] {processor.py:830} INFO - Processing file /home/airflow/.local/lib/python3.12/site-packages/airflow/example_dags/example_datasets.py for tasks to queue
[2025-07-22T09:11:00.032+0000] {logging_mixin.py:188} INFO - [2025-07-22T09:11:00.032+0000] {dagbag.py:545} INFO - Filling up the DagBag from /home/airflow/.local/lib/python3.12/site-packages/airflow/example_dags/example_datasets.py
[2025-07-22T09:11:00.050+0000] {processor.py:840} INFO - DAG(s) 'consume_1_or_2_with_dataset_expressions', 'dataset_produces_1', 'consume_1_and_2_with_dataset_expressions', 'dataset_produces_2', 'dataset_consumes_unknown_never_scheduled', 'dataset_consumes_1_never_scheduled', 'consume_1_or_both_2_and_3_with_dataset_expressions', 'conditional_dataset_and_time_based_timetable', 'dataset_consumes_1', 'dataset_consumes_1_and_2' retrieved from /home/airflow/.local/lib/python3.12/site-packages/airflow/example_dags/example_datasets.py
[2025-07-22T09:11:00.109+0000] {logging_mixin.py:188} INFO - [2025-07-22T09:11:00.108+0000] {dag.py:3096} INFO - Sync 10 DAGs
[2025-07-22T09:11:00.147+0000] {logging_mixin.py:188} INFO - [2025-07-22T09:11:00.146+0000] {dag.py:3954} INFO - Setting next_dagrun for conditional_dataset_and_time_based_timetable to 2025-07-16 01:00:00+00:00, run_after=2025-07-16 01:00:00+00:00
[2025-07-22T09:11:00.152+0000] {logging_mixin.py:188} INFO - [2025-07-22T09:11:00.152+0000] {dag.py:3954} INFO - Setting next_dagrun for consume_1_and_2_with_dataset_expressions to None, run_after=None
[2025-07-22T09:11:00.154+0000] {logging_mixin.py:188} INFO - [2025-07-22T09:11:00.154+0000] {dag.py:3954} INFO - Setting next_dagrun for consume_1_or_2_with_dataset_expressions to None, run_after=None
[2025-07-22T09:11:00.156+0000] {logging_mixin.py:188} INFO - [2025-07-22T09:11:00.155+0000] {dag.py:3954} INFO - Setting next_dagrun for consume_1_or_both_2_and_3_with_dataset_expressions to None, run_after=None
[2025-07-22T09:11:00.157+0000] {logging_mixin.py:188} INFO - [2025-07-22T09:11:00.157+0000] {dag.py:3954} INFO - Setting next_dagrun for dataset_consumes_1 to None, run_after=None
[2025-07-22T09:11:00.159+0000] {logging_mixin.py:188} INFO - [2025-07-22T09:11:00.158+0000] {dag.py:3954} INFO - Setting next_dagrun for dataset_consumes_1_and_2 to None, run_after=None
[2025-07-22T09:11:00.160+0000] {logging_mixin.py:188} INFO - [2025-07-22T09:11:00.160+0000] {dag.py:3954} INFO - Setting next_dagrun for dataset_consumes_1_never_scheduled to None, run_after=None
[2025-07-22T09:11:00.162+0000] {logging_mixin.py:188} INFO - [2025-07-22T09:11:00.161+0000] {dag.py:3954} INFO - Setting next_dagrun for dataset_consumes_unknown_never_scheduled to None, run_after=None
[2025-07-22T09:11:00.164+0000] {logging_mixin.py:188} INFO - [2025-07-22T09:11:00.164+0000] {dag.py:3954} INFO - Setting next_dagrun for dataset_produces_1 to 2025-07-21 00:00:00+00:00, run_after=2025-07-22 00:00:00+00:00
[2025-07-22T09:11:00.166+0000] {logging_mixin.py:188} INFO - [2025-07-22T09:11:00.166+0000] {dag.py:3954} INFO - Setting next_dagrun for dataset_produces_2 to None, run_after=None
[2025-07-22T09:11:00.224+0000] {processor.py:183} INFO - Processing /home/airflow/.local/lib/python3.12/site-packages/airflow/example_dags/example_datasets.py took 0.204 seconds
[2025-07-22T09:11:30.756+0000] {processor.py:161} INFO - Started process (PID=2354) to work on /home/airflow/.local/lib/python3.12/site-packages/airflow/example_dags/example_datasets.py
[2025-07-22T09:11:30.757+0000] {processor.py:830} INFO - Processing file /home/airflow/.local/lib/python3.12/site-packages/airflow/example_dags/example_datasets.py for tasks to queue
[2025-07-22T09:11:30.760+0000] {logging_mixin.py:188} INFO - [2025-07-22T09:11:30.759+0000] {dagbag.py:545} INFO - Filling up the DagBag from /home/airflow/.local/lib/python3.12/site-packages/airflow/example_dags/example_datasets.py
[2025-07-22T09:11:30.775+0000] {processor.py:840} INFO - DAG(s) 'consume_1_or_2_with_dataset_expressions', 'consume_1_or_both_2_and_3_with_dataset_expressions', 'conditional_dataset_and_time_based_timetable', 'dataset_consumes_unknown_never_scheduled', 'dataset_produces_2', 'consume_1_and_2_with_dataset_expressions', 'dataset_consumes_1_and_2', 'dataset_consumes_1_never_scheduled', 'dataset_consumes_1', 'dataset_produces_1' retrieved from /home/airflow/.local/lib/python3.12/site-packages/airflow/example_dags/example_datasets.py
[2025-07-22T09:11:30.834+0000] {logging_mixin.py:188} INFO - [2025-07-22T09:11:30.833+0000] {dag.py:3096} INFO - Sync 10 DAGs
[2025-07-22T09:11:30.870+0000] {logging_mixin.py:188} INFO - [2025-07-22T09:11:30.870+0000] {dag.py:3954} INFO - Setting next_dagrun for conditional_dataset_and_time_based_timetable to 2025-07-16 01:00:00+00:00, run_after=2025-07-16 01:00:00+00:00
[2025-07-22T09:11:30.875+0000] {logging_mixin.py:188} INFO - [2025-07-22T09:11:30.875+0000] {dag.py:3954} INFO - Setting next_dagrun for consume_1_and_2_with_dataset_expressions to None, run_after=None
[2025-07-22T09:11:30.877+0000] {logging_mixin.py:188} INFO - [2025-07-22T09:11:30.877+0000] {dag.py:3954} INFO - Setting next_dagrun for consume_1_or_2_with_dataset_expressions to None, run_after=None
[2025-07-22T09:11:30.879+0000] {logging_mixin.py:188} INFO - [2025-07-22T09:11:30.879+0000] {dag.py:3954} INFO - Setting next_dagrun for consume_1_or_both_2_and_3_with_dataset_expressions to None, run_after=None
[2025-07-22T09:11:30.881+0000] {logging_mixin.py:188} INFO - [2025-07-22T09:11:30.881+0000] {dag.py:3954} INFO - Setting next_dagrun for dataset_consumes_1 to None, run_after=None
[2025-07-22T09:11:30.883+0000] {logging_mixin.py:188} INFO - [2025-07-22T09:11:30.883+0000] {dag.py:3954} INFO - Setting next_dagrun for dataset_consumes_1_and_2 to None, run_after=None
[2025-07-22T09:11:30.885+0000] {logging_mixin.py:188} INFO - [2025-07-22T09:11:30.884+0000] {dag.py:3954} INFO - Setting next_dagrun for dataset_consumes_1_never_scheduled to None, run_after=None
[2025-07-22T09:11:30.887+0000] {logging_mixin.py:188} INFO - [2025-07-22T09:11:30.886+0000] {dag.py:3954} INFO - Setting next_dagrun for dataset_consumes_unknown_never_scheduled to None, run_after=None
[2025-07-22T09:11:30.890+0000] {logging_mixin.py:188} INFO - [2025-07-22T09:11:30.890+0000] {dag.py:3954} INFO - Setting next_dagrun for dataset_produces_1 to 2025-07-21 00:00:00+00:00, run_after=2025-07-22 00:00:00+00:00
[2025-07-22T09:11:30.892+0000] {logging_mixin.py:188} INFO - [2025-07-22T09:11:30.892+0000] {dag.py:3954} INFO - Setting next_dagrun for dataset_produces_2 to None, run_after=None
[2025-07-22T09:11:30.932+0000] {processor.py:183} INFO - Processing /home/airflow/.local/lib/python3.12/site-packages/airflow/example_dags/example_datasets.py took 0.183 seconds
[2025-07-22T09:12:01.194+0000] {processor.py:161} INFO - Started process (PID=2414) to work on /home/airflow/.local/lib/python3.12/site-packages/airflow/example_dags/example_datasets.py
[2025-07-22T09:12:01.195+0000] {processor.py:830} INFO - Processing file /home/airflow/.local/lib/python3.12/site-packages/airflow/example_dags/example_datasets.py for tasks to queue
[2025-07-22T09:12:01.198+0000] {logging_mixin.py:188} INFO - [2025-07-22T09:12:01.197+0000] {dagbag.py:545} INFO - Filling up the DagBag from /home/airflow/.local/lib/python3.12/site-packages/airflow/example_dags/example_datasets.py
[2025-07-22T09:12:01.215+0000] {processor.py:840} INFO - DAG(s) 'consume_1_and_2_with_dataset_expressions', 'consume_1_or_2_with_dataset_expressions', 'dataset_produces_1', 'dataset_produces_2', 'conditional_dataset_and_time_based_timetable', 'dataset_consumes_1', 'dataset_consumes_1_and_2', 'dataset_consumes_unknown_never_scheduled', 'consume_1_or_both_2_and_3_with_dataset_expressions', 'dataset_consumes_1_never_scheduled' retrieved from /home/airflow/.local/lib/python3.12/site-packages/airflow/example_dags/example_datasets.py
[2025-07-22T09:12:01.276+0000] {logging_mixin.py:188} INFO - [2025-07-22T09:12:01.276+0000] {dag.py:3096} INFO - Sync 10 DAGs
[2025-07-22T09:12:01.307+0000] {logging_mixin.py:188} INFO - [2025-07-22T09:12:01.307+0000] {dag.py:3954} INFO - Setting next_dagrun for conditional_dataset_and_time_based_timetable to 2025-07-16 01:00:00+00:00, run_after=2025-07-16 01:00:00+00:00
[2025-07-22T09:12:01.312+0000] {logging_mixin.py:188} INFO - [2025-07-22T09:12:01.312+0000] {dag.py:3954} INFO - Setting next_dagrun for consume_1_and_2_with_dataset_expressions to None, run_after=None
[2025-07-22T09:12:01.314+0000] {logging_mixin.py:188} INFO - [2025-07-22T09:12:01.314+0000] {dag.py:3954} INFO - Setting next_dagrun for consume_1_or_2_with_dataset_expressions to None, run_after=None
[2025-07-22T09:12:01.317+0000] {logging_mixin.py:188} INFO - [2025-07-22T09:12:01.317+0000] {dag.py:3954} INFO - Setting next_dagrun for consume_1_or_both_2_and_3_with_dataset_expressions to None, run_after=None
[2025-07-22T09:12:01.318+0000] {logging_mixin.py:188} INFO - [2025-07-22T09:12:01.318+0000] {dag.py:3954} INFO - Setting next_dagrun for dataset_consumes_1 to None, run_after=None
[2025-07-22T09:12:01.321+0000] {logging_mixin.py:188} INFO - [2025-07-22T09:12:01.321+0000] {dag.py:3954} INFO - Setting next_dagrun for dataset_consumes_1_and_2 to None, run_after=None
[2025-07-22T09:12:01.322+0000] {logging_mixin.py:188} INFO - [2025-07-22T09:12:01.322+0000] {dag.py:3954} INFO - Setting next_dagrun for dataset_consumes_1_never_scheduled to None, run_after=None
[2025-07-22T09:12:01.324+0000] {logging_mixin.py:188} INFO - [2025-07-22T09:12:01.324+0000] {dag.py:3954} INFO - Setting next_dagrun for dataset_consumes_unknown_never_scheduled to None, run_after=None
[2025-07-22T09:12:01.328+0000] {logging_mixin.py:188} INFO - [2025-07-22T09:12:01.327+0000] {dag.py:3954} INFO - Setting next_dagrun for dataset_produces_1 to 2025-07-21 00:00:00+00:00, run_after=2025-07-22 00:00:00+00:00
[2025-07-22T09:12:01.329+0000] {logging_mixin.py:188} INFO - [2025-07-22T09:12:01.329+0000] {dag.py:3954} INFO - Setting next_dagrun for dataset_produces_2 to None, run_after=None
[2025-07-22T09:12:01.420+0000] {processor.py:183} INFO - Processing /home/airflow/.local/lib/python3.12/site-packages/airflow/example_dags/example_datasets.py took 0.235 seconds
[2025-07-22T09:12:31.620+0000] {processor.py:161} INFO - Started process (PID=2475) to work on /home/airflow/.local/lib/python3.12/site-packages/airflow/example_dags/example_datasets.py
[2025-07-22T09:12:31.622+0000] {processor.py:830} INFO - Processing file /home/airflow/.local/lib/python3.12/site-packages/airflow/example_dags/example_datasets.py for tasks to queue
[2025-07-22T09:12:31.624+0000] {logging_mixin.py:188} INFO - [2025-07-22T09:12:31.624+0000] {dagbag.py:545} INFO - Filling up the DagBag from /home/airflow/.local/lib/python3.12/site-packages/airflow/example_dags/example_datasets.py
[2025-07-22T09:12:31.641+0000] {processor.py:840} INFO - DAG(s) 'dataset_produces_2', 'dataset_consumes_1', 'consume_1_or_both_2_and_3_with_dataset_expressions', 'consume_1_and_2_with_dataset_expressions', 'dataset_produces_1', 'dataset_consumes_unknown_never_scheduled', 'consume_1_or_2_with_dataset_expressions', 'dataset_consumes_1_never_scheduled', 'dataset_consumes_1_and_2', 'conditional_dataset_and_time_based_timetable' retrieved from /home/airflow/.local/lib/python3.12/site-packages/airflow/example_dags/example_datasets.py
[2025-07-22T09:12:31.700+0000] {logging_mixin.py:188} INFO - [2025-07-22T09:12:31.700+0000] {dag.py:3096} INFO - Sync 10 DAGs
[2025-07-22T09:12:31.730+0000] {logging_mixin.py:188} INFO - [2025-07-22T09:12:31.730+0000] {dag.py:3954} INFO - Setting next_dagrun for conditional_dataset_and_time_based_timetable to 2025-07-16 01:00:00+00:00, run_after=2025-07-16 01:00:00+00:00
[2025-07-22T09:12:31.735+0000] {logging_mixin.py:188} INFO - [2025-07-22T09:12:31.735+0000] {dag.py:3954} INFO - Setting next_dagrun for consume_1_and_2_with_dataset_expressions to None, run_after=None
[2025-07-22T09:12:31.737+0000] {logging_mixin.py:188} INFO - [2025-07-22T09:12:31.737+0000] {dag.py:3954} INFO - Setting next_dagrun for consume_1_or_2_with_dataset_expressions to None, run_after=None
[2025-07-22T09:12:31.739+0000] {logging_mixin.py:188} INFO - [2025-07-22T09:12:31.739+0000] {dag.py:3954} INFO - Setting next_dagrun for consume_1_or_both_2_and_3_with_dataset_expressions to None, run_after=None
[2025-07-22T09:12:31.741+0000] {logging_mixin.py:188} INFO - [2025-07-22T09:12:31.741+0000] {dag.py:3954} INFO - Setting next_dagrun for dataset_consumes_1 to None, run_after=None
[2025-07-22T09:12:31.743+0000] {logging_mixin.py:188} INFO - [2025-07-22T09:12:31.743+0000] {dag.py:3954} INFO - Setting next_dagrun for dataset_consumes_1_and_2 to None, run_after=None
[2025-07-22T09:12:31.745+0000] {logging_mixin.py:188} INFO - [2025-07-22T09:12:31.745+0000] {dag.py:3954} INFO - Setting next_dagrun for dataset_consumes_1_never_scheduled to None, run_after=None
[2025-07-22T09:12:31.747+0000] {logging_mixin.py:188} INFO - [2025-07-22T09:12:31.747+0000] {dag.py:3954} INFO - Setting next_dagrun for dataset_consumes_unknown_never_scheduled to None, run_after=None
[2025-07-22T09:12:31.750+0000] {logging_mixin.py:188} INFO - [2025-07-22T09:12:31.750+0000] {dag.py:3954} INFO - Setting next_dagrun for dataset_produces_1 to 2025-07-21 00:00:00+00:00, run_after=2025-07-22 00:00:00+00:00
[2025-07-22T09:12:31.752+0000] {logging_mixin.py:188} INFO - [2025-07-22T09:12:31.752+0000] {dag.py:3954} INFO - Setting next_dagrun for dataset_produces_2 to None, run_after=None
[2025-07-22T09:12:31.797+0000] {processor.py:183} INFO - Processing /home/airflow/.local/lib/python3.12/site-packages/airflow/example_dags/example_datasets.py took 0.184 seconds
[2025-07-22T09:13:02.336+0000] {processor.py:161} INFO - Started process (PID=2533) to work on /home/airflow/.local/lib/python3.12/site-packages/airflow/example_dags/example_datasets.py
[2025-07-22T09:13:02.337+0000] {processor.py:830} INFO - Processing file /home/airflow/.local/lib/python3.12/site-packages/airflow/example_dags/example_datasets.py for tasks to queue
[2025-07-22T09:13:02.339+0000] {logging_mixin.py:188} INFO - [2025-07-22T09:13:02.339+0000] {dagbag.py:545} INFO - Filling up the DagBag from /home/airflow/.local/lib/python3.12/site-packages/airflow/example_dags/example_datasets.py
[2025-07-22T09:13:02.354+0000] {processor.py:840} INFO - DAG(s) 'dataset_consumes_1_never_scheduled', 'dataset_consumes_unknown_never_scheduled', 'consume_1_and_2_with_dataset_expressions', 'consume_1_or_both_2_and_3_with_dataset_expressions', 'consume_1_or_2_with_dataset_expressions', 'dataset_produces_1', 'conditional_dataset_and_time_based_timetable', 'dataset_consumes_1', 'dataset_produces_2', 'dataset_consumes_1_and_2' retrieved from /home/airflow/.local/lib/python3.12/site-packages/airflow/example_dags/example_datasets.py
[2025-07-22T09:13:02.410+0000] {logging_mixin.py:188} INFO - [2025-07-22T09:13:02.410+0000] {dag.py:3096} INFO - Sync 10 DAGs
[2025-07-22T09:13:02.439+0000] {logging_mixin.py:188} INFO - [2025-07-22T09:13:02.439+0000] {dag.py:3954} INFO - Setting next_dagrun for conditional_dataset_and_time_based_timetable to 2025-07-16 01:00:00+00:00, run_after=2025-07-16 01:00:00+00:00
[2025-07-22T09:13:02.443+0000] {logging_mixin.py:188} INFO - [2025-07-22T09:13:02.443+0000] {dag.py:3954} INFO - Setting next_dagrun for consume_1_and_2_with_dataset_expressions to None, run_after=None
[2025-07-22T09:13:02.445+0000] {logging_mixin.py:188} INFO - [2025-07-22T09:13:02.445+0000] {dag.py:3954} INFO - Setting next_dagrun for consume_1_or_2_with_dataset_expressions to None, run_after=None
[2025-07-22T09:13:02.446+0000] {logging_mixin.py:188} INFO - [2025-07-22T09:13:02.446+0000] {dag.py:3954} INFO - Setting next_dagrun for consume_1_or_both_2_and_3_with_dataset_expressions to None, run_after=None
[2025-07-22T09:13:02.448+0000] {logging_mixin.py:188} INFO - [2025-07-22T09:13:02.448+0000] {dag.py:3954} INFO - Setting next_dagrun for dataset_consumes_1 to None, run_after=None
[2025-07-22T09:13:02.450+0000] {logging_mixin.py:188} INFO - [2025-07-22T09:13:02.450+0000] {dag.py:3954} INFO - Setting next_dagrun for dataset_consumes_1_and_2 to None, run_after=None
[2025-07-22T09:13:02.452+0000] {logging_mixin.py:188} INFO - [2025-07-22T09:13:02.451+0000] {dag.py:3954} INFO - Setting next_dagrun for dataset_consumes_1_never_scheduled to None, run_after=None
[2025-07-22T09:13:02.453+0000] {logging_mixin.py:188} INFO - [2025-07-22T09:13:02.453+0000] {dag.py:3954} INFO - Setting next_dagrun for dataset_consumes_unknown_never_scheduled to None, run_after=None
[2025-07-22T09:13:02.457+0000] {logging_mixin.py:188} INFO - [2025-07-22T09:13:02.457+0000] {dag.py:3954} INFO - Setting next_dagrun for dataset_produces_1 to 2025-07-21 00:00:00+00:00, run_after=2025-07-22 00:00:00+00:00
[2025-07-22T09:13:02.460+0000] {logging_mixin.py:188} INFO - [2025-07-22T09:13:02.460+0000] {dag.py:3954} INFO - Setting next_dagrun for dataset_produces_2 to None, run_after=None
[2025-07-22T09:13:02.511+0000] {processor.py:183} INFO - Processing /home/airflow/.local/lib/python3.12/site-packages/airflow/example_dags/example_datasets.py took 0.182 seconds
[2025-07-22T09:13:32.643+0000] {processor.py:161} INFO - Started process (PID=2592) to work on /home/airflow/.local/lib/python3.12/site-packages/airflow/example_dags/example_datasets.py
[2025-07-22T09:13:32.644+0000] {processor.py:830} INFO - Processing file /home/airflow/.local/lib/python3.12/site-packages/airflow/example_dags/example_datasets.py for tasks to queue
[2025-07-22T09:13:32.647+0000] {logging_mixin.py:188} INFO - [2025-07-22T09:13:32.646+0000] {dagbag.py:545} INFO - Filling up the DagBag from /home/airflow/.local/lib/python3.12/site-packages/airflow/example_dags/example_datasets.py
[2025-07-22T09:13:32.662+0000] {processor.py:840} INFO - DAG(s) 'dataset_consumes_1', 'dataset_consumes_unknown_never_scheduled', 'conditional_dataset_and_time_based_timetable', 'dataset_consumes_1_never_scheduled', 'consume_1_or_2_with_dataset_expressions', 'consume_1_or_both_2_and_3_with_dataset_expressions', 'dataset_produces_2', 'dataset_consumes_1_and_2', 'dataset_produces_1', 'consume_1_and_2_with_dataset_expressions' retrieved from /home/airflow/.local/lib/python3.12/site-packages/airflow/example_dags/example_datasets.py
[2025-07-22T09:13:32.714+0000] {logging_mixin.py:188} INFO - [2025-07-22T09:13:32.714+0000] {dag.py:3096} INFO - Sync 10 DAGs
[2025-07-22T09:13:32.742+0000] {logging_mixin.py:188} INFO - [2025-07-22T09:13:32.742+0000] {dag.py:3954} INFO - Setting next_dagrun for conditional_dataset_and_time_based_timetable to 2025-07-16 01:00:00+00:00, run_after=2025-07-16 01:00:00+00:00
[2025-07-22T09:13:32.746+0000] {logging_mixin.py:188} INFO - [2025-07-22T09:13:32.746+0000] {dag.py:3954} INFO - Setting next_dagrun for consume_1_and_2_with_dataset_expressions to None, run_after=None
[2025-07-22T09:13:32.748+0000] {logging_mixin.py:188} INFO - [2025-07-22T09:13:32.748+0000] {dag.py:3954} INFO - Setting next_dagrun for consume_1_or_2_with_dataset_expressions to None, run_after=None
[2025-07-22T09:13:32.750+0000] {logging_mixin.py:188} INFO - [2025-07-22T09:13:32.750+0000] {dag.py:3954} INFO - Setting next_dagrun for consume_1_or_both_2_and_3_with_dataset_expressions to None, run_after=None
[2025-07-22T09:13:32.751+0000] {logging_mixin.py:188} INFO - [2025-07-22T09:13:32.751+0000] {dag.py:3954} INFO - Setting next_dagrun for dataset_consumes_1 to None, run_after=None
[2025-07-22T09:13:32.753+0000] {logging_mixin.py:188} INFO - [2025-07-22T09:13:32.753+0000] {dag.py:3954} INFO - Setting next_dagrun for dataset_consumes_1_and_2 to None, run_after=None
[2025-07-22T09:13:32.755+0000] {logging_mixin.py:188} INFO - [2025-07-22T09:13:32.754+0000] {dag.py:3954} INFO - Setting next_dagrun for dataset_consumes_1_never_scheduled to None, run_after=None
[2025-07-22T09:13:32.756+0000] {logging_mixin.py:188} INFO - [2025-07-22T09:13:32.756+0000] {dag.py:3954} INFO - Setting next_dagrun for dataset_consumes_unknown_never_scheduled to None, run_after=None
[2025-07-22T09:13:32.759+0000] {logging_mixin.py:188} INFO - [2025-07-22T09:13:32.759+0000] {dag.py:3954} INFO - Setting next_dagrun for dataset_produces_1 to 2025-07-21 00:00:00+00:00, run_after=2025-07-22 00:00:00+00:00
[2025-07-22T09:13:32.760+0000] {logging_mixin.py:188} INFO - [2025-07-22T09:13:32.760+0000] {dag.py:3954} INFO - Setting next_dagrun for dataset_produces_2 to None, run_after=None
[2025-07-22T09:13:32.797+0000] {processor.py:183} INFO - Processing /home/airflow/.local/lib/python3.12/site-packages/airflow/example_dags/example_datasets.py took 0.161 seconds
[2025-07-22T09:14:03.747+0000] {processor.py:161} INFO - Started process (PID=2653) to work on /home/airflow/.local/lib/python3.12/site-packages/airflow/example_dags/example_datasets.py
[2025-07-22T09:14:03.748+0000] {processor.py:830} INFO - Processing file /home/airflow/.local/lib/python3.12/site-packages/airflow/example_dags/example_datasets.py for tasks to queue
[2025-07-22T09:14:03.751+0000] {logging_mixin.py:188} INFO - [2025-07-22T09:14:03.750+0000] {dagbag.py:545} INFO - Filling up the DagBag from /home/airflow/.local/lib/python3.12/site-packages/airflow/example_dags/example_datasets.py
[2025-07-22T09:14:03.766+0000] {processor.py:840} INFO - DAG(s) 'dataset_produces_1', 'consume_1_or_2_with_dataset_expressions', 'dataset_consumes_unknown_never_scheduled', 'dataset_consumes_1', 'dataset_produces_2', 'dataset_consumes_1_and_2', 'consume_1_or_both_2_and_3_with_dataset_expressions', 'conditional_dataset_and_time_based_timetable', 'dataset_consumes_1_never_scheduled', 'consume_1_and_2_with_dataset_expressions' retrieved from /home/airflow/.local/lib/python3.12/site-packages/airflow/example_dags/example_datasets.py
[2025-07-22T09:14:03.821+0000] {logging_mixin.py:188} INFO - [2025-07-22T09:14:03.821+0000] {dag.py:3096} INFO - Sync 10 DAGs
[2025-07-22T09:14:03.850+0000] {logging_mixin.py:188} INFO - [2025-07-22T09:14:03.850+0000] {dag.py:3954} INFO - Setting next_dagrun for conditional_dataset_and_time_based_timetable to 2025-07-16 01:00:00+00:00, run_after=2025-07-16 01:00:00+00:00
[2025-07-22T09:14:03.855+0000] {logging_mixin.py:188} INFO - [2025-07-22T09:14:03.854+0000] {dag.py:3954} INFO - Setting next_dagrun for consume_1_and_2_with_dataset_expressions to None, run_after=None
[2025-07-22T09:14:03.856+0000] {logging_mixin.py:188} INFO - [2025-07-22T09:14:03.856+0000] {dag.py:3954} INFO - Setting next_dagrun for consume_1_or_2_with_dataset_expressions to None, run_after=None
[2025-07-22T09:14:03.858+0000] {logging_mixin.py:188} INFO - [2025-07-22T09:14:03.858+0000] {dag.py:3954} INFO - Setting next_dagrun for consume_1_or_both_2_and_3_with_dataset_expressions to None, run_after=None
[2025-07-22T09:14:03.861+0000] {logging_mixin.py:188} INFO - [2025-07-22T09:14:03.861+0000] {dag.py:3954} INFO - Setting next_dagrun for dataset_consumes_1 to None, run_after=None
[2025-07-22T09:14:03.863+0000] {logging_mixin.py:188} INFO - [2025-07-22T09:14:03.863+0000] {dag.py:3954} INFO - Setting next_dagrun for dataset_consumes_1_and_2 to None, run_after=None
[2025-07-22T09:14:03.865+0000] {logging_mixin.py:188} INFO - [2025-07-22T09:14:03.864+0000] {dag.py:3954} INFO - Setting next_dagrun for dataset_consumes_1_never_scheduled to None, run_after=None
[2025-07-22T09:14:03.866+0000] {logging_mixin.py:188} INFO - [2025-07-22T09:14:03.866+0000] {dag.py:3954} INFO - Setting next_dagrun for dataset_consumes_unknown_never_scheduled to None, run_after=None
[2025-07-22T09:14:03.869+0000] {logging_mixin.py:188} INFO - [2025-07-22T09:14:03.869+0000] {dag.py:3954} INFO - Setting next_dagrun for dataset_produces_1 to 2025-07-21 00:00:00+00:00, run_after=2025-07-22 00:00:00+00:00
[2025-07-22T09:14:03.871+0000] {logging_mixin.py:188} INFO - [2025-07-22T09:14:03.871+0000] {dag.py:3954} INFO - Setting next_dagrun for dataset_produces_2 to None, run_after=None
[2025-07-22T09:14:03.915+0000] {processor.py:183} INFO - Processing /home/airflow/.local/lib/python3.12/site-packages/airflow/example_dags/example_datasets.py took 0.174 seconds
[2025-07-22T09:14:34.054+0000] {processor.py:161} INFO - Started process (PID=2713) to work on /home/airflow/.local/lib/python3.12/site-packages/airflow/example_dags/example_datasets.py
[2025-07-22T09:14:34.055+0000] {processor.py:830} INFO - Processing file /home/airflow/.local/lib/python3.12/site-packages/airflow/example_dags/example_datasets.py for tasks to queue
[2025-07-22T09:14:34.058+0000] {logging_mixin.py:188} INFO - [2025-07-22T09:14:34.058+0000] {dagbag.py:545} INFO - Filling up the DagBag from /home/airflow/.local/lib/python3.12/site-packages/airflow/example_dags/example_datasets.py
[2025-07-22T09:14:34.076+0000] {processor.py:840} INFO - DAG(s) 'dataset_consumes_1_and_2', 'consume_1_or_2_with_dataset_expressions', 'consume_1_or_both_2_and_3_with_dataset_expressions', 'consume_1_and_2_with_dataset_expressions', 'dataset_consumes_1_never_scheduled', 'dataset_produces_1', 'dataset_consumes_1', 'dataset_produces_2', 'dataset_consumes_unknown_never_scheduled', 'conditional_dataset_and_time_based_timetable' retrieved from /home/airflow/.local/lib/python3.12/site-packages/airflow/example_dags/example_datasets.py
[2025-07-22T09:14:34.148+0000] {logging_mixin.py:188} INFO - [2025-07-22T09:14:34.147+0000] {dag.py:3096} INFO - Sync 10 DAGs
[2025-07-22T09:14:34.193+0000] {logging_mixin.py:188} INFO - [2025-07-22T09:14:34.192+0000] {dag.py:3954} INFO - Setting next_dagrun for conditional_dataset_and_time_based_timetable to 2025-07-16 01:00:00+00:00, run_after=2025-07-16 01:00:00+00:00
[2025-07-22T09:14:34.200+0000] {logging_mixin.py:188} INFO - [2025-07-22T09:14:34.199+0000] {dag.py:3954} INFO - Setting next_dagrun for consume_1_and_2_with_dataset_expressions to None, run_after=None
[2025-07-22T09:14:34.203+0000] {logging_mixin.py:188} INFO - [2025-07-22T09:14:34.203+0000] {dag.py:3954} INFO - Setting next_dagrun for consume_1_or_2_with_dataset_expressions to None, run_after=None
[2025-07-22T09:14:34.206+0000] {logging_mixin.py:188} INFO - [2025-07-22T09:14:34.206+0000] {dag.py:3954} INFO - Setting next_dagrun for consume_1_or_both_2_and_3_with_dataset_expressions to None, run_after=None
[2025-07-22T09:14:34.209+0000] {logging_mixin.py:188} INFO - [2025-07-22T09:14:34.209+0000] {dag.py:3954} INFO - Setting next_dagrun for dataset_consumes_1 to None, run_after=None
[2025-07-22T09:14:34.213+0000] {logging_mixin.py:188} INFO - [2025-07-22T09:14:34.212+0000] {dag.py:3954} INFO - Setting next_dagrun for dataset_consumes_1_and_2 to None, run_after=None
[2025-07-22T09:14:34.215+0000] {logging_mixin.py:188} INFO - [2025-07-22T09:14:34.215+0000] {dag.py:3954} INFO - Setting next_dagrun for dataset_consumes_1_never_scheduled to None, run_after=None
[2025-07-22T09:14:34.218+0000] {logging_mixin.py:188} INFO - [2025-07-22T09:14:34.217+0000] {dag.py:3954} INFO - Setting next_dagrun for dataset_consumes_unknown_never_scheduled to None, run_after=None
[2025-07-22T09:14:34.222+0000] {logging_mixin.py:188} INFO - [2025-07-22T09:14:34.222+0000] {dag.py:3954} INFO - Setting next_dagrun for dataset_produces_1 to 2025-07-21 00:00:00+00:00, run_after=2025-07-22 00:00:00+00:00
[2025-07-22T09:14:34.225+0000] {logging_mixin.py:188} INFO - [2025-07-22T09:14:34.225+0000] {dag.py:3954} INFO - Setting next_dagrun for dataset_produces_2 to None, run_after=None
[2025-07-22T09:14:34.282+0000] {processor.py:183} INFO - Processing /home/airflow/.local/lib/python3.12/site-packages/airflow/example_dags/example_datasets.py took 0.235 seconds
[2025-07-22T09:15:04.444+0000] {processor.py:161} INFO - Started process (PID=2773) to work on /home/airflow/.local/lib/python3.12/site-packages/airflow/example_dags/example_datasets.py
[2025-07-22T09:15:04.445+0000] {processor.py:830} INFO - Processing file /home/airflow/.local/lib/python3.12/site-packages/airflow/example_dags/example_datasets.py for tasks to queue
[2025-07-22T09:15:04.448+0000] {logging_mixin.py:188} INFO - [2025-07-22T09:15:04.448+0000] {dagbag.py:545} INFO - Filling up the DagBag from /home/airflow/.local/lib/python3.12/site-packages/airflow/example_dags/example_datasets.py
[2025-07-22T09:15:04.466+0000] {processor.py:840} INFO - DAG(s) 'consume_1_or_2_with_dataset_expressions', 'consume_1_or_both_2_and_3_with_dataset_expressions', 'dataset_consumes_1', 'dataset_produces_1', 'dataset_consumes_1_and_2', 'consume_1_and_2_with_dataset_expressions', 'dataset_produces_2', 'conditional_dataset_and_time_based_timetable', 'dataset_consumes_unknown_never_scheduled', 'dataset_consumes_1_never_scheduled' retrieved from /home/airflow/.local/lib/python3.12/site-packages/airflow/example_dags/example_datasets.py
[2025-07-22T09:15:04.573+0000] {logging_mixin.py:188} INFO - [2025-07-22T09:15:04.573+0000] {dag.py:3096} INFO - Sync 10 DAGs
[2025-07-22T09:15:04.615+0000] {logging_mixin.py:188} INFO - [2025-07-22T09:15:04.615+0000] {dag.py:3954} INFO - Setting next_dagrun for conditional_dataset_and_time_based_timetable to 2025-07-16 01:00:00+00:00, run_after=2025-07-16 01:00:00+00:00
[2025-07-22T09:15:04.622+0000] {logging_mixin.py:188} INFO - [2025-07-22T09:15:04.622+0000] {dag.py:3954} INFO - Setting next_dagrun for consume_1_and_2_with_dataset_expressions to None, run_after=None
[2025-07-22T09:15:04.624+0000] {logging_mixin.py:188} INFO - [2025-07-22T09:15:04.624+0000] {dag.py:3954} INFO - Setting next_dagrun for consume_1_or_2_with_dataset_expressions to None, run_after=None
[2025-07-22T09:15:04.627+0000] {logging_mixin.py:188} INFO - [2025-07-22T09:15:04.627+0000] {dag.py:3954} INFO - Setting next_dagrun for consume_1_or_both_2_and_3_with_dataset_expressions to None, run_after=None
[2025-07-22T09:15:04.629+0000] {logging_mixin.py:188} INFO - [2025-07-22T09:15:04.629+0000] {dag.py:3954} INFO - Setting next_dagrun for dataset_consumes_1 to None, run_after=None
[2025-07-22T09:15:04.632+0000] {logging_mixin.py:188} INFO - [2025-07-22T09:15:04.632+0000] {dag.py:3954} INFO - Setting next_dagrun for dataset_consumes_1_and_2 to None, run_after=None
[2025-07-22T09:15:04.634+0000] {logging_mixin.py:188} INFO - [2025-07-22T09:15:04.634+0000] {dag.py:3954} INFO - Setting next_dagrun for dataset_consumes_1_never_scheduled to None, run_after=None
[2025-07-22T09:15:04.637+0000] {logging_mixin.py:188} INFO - [2025-07-22T09:15:04.637+0000] {dag.py:3954} INFO - Setting next_dagrun for dataset_consumes_unknown_never_scheduled to None, run_after=None
[2025-07-22T09:15:04.641+0000] {logging_mixin.py:188} INFO - [2025-07-22T09:15:04.640+0000] {dag.py:3954} INFO - Setting next_dagrun for dataset_produces_1 to 2025-07-21 00:00:00+00:00, run_after=2025-07-22 00:00:00+00:00
[2025-07-22T09:15:04.643+0000] {logging_mixin.py:188} INFO - [2025-07-22T09:15:04.643+0000] {dag.py:3954} INFO - Setting next_dagrun for dataset_produces_2 to None, run_after=None
[2025-07-22T09:15:04.692+0000] {processor.py:183} INFO - Processing /home/airflow/.local/lib/python3.12/site-packages/airflow/example_dags/example_datasets.py took 0.257 seconds
[2025-07-22T09:15:34.890+0000] {processor.py:161} INFO - Started process (PID=2839) to work on /home/airflow/.local/lib/python3.12/site-packages/airflow/example_dags/example_datasets.py
[2025-07-22T09:15:34.892+0000] {processor.py:830} INFO - Processing file /home/airflow/.local/lib/python3.12/site-packages/airflow/example_dags/example_datasets.py for tasks to queue
[2025-07-22T09:15:34.894+0000] {logging_mixin.py:188} INFO - [2025-07-22T09:15:34.894+0000] {dagbag.py:545} INFO - Filling up the DagBag from /home/airflow/.local/lib/python3.12/site-packages/airflow/example_dags/example_datasets.py
[2025-07-22T09:15:34.911+0000] {processor.py:840} INFO - DAG(s) 'dataset_consumes_1_never_scheduled', 'dataset_consumes_1_and_2', 'dataset_consumes_1', 'consume_1_or_2_with_dataset_expressions', 'consume_1_or_both_2_and_3_with_dataset_expressions', 'conditional_dataset_and_time_based_timetable', 'dataset_consumes_unknown_never_scheduled', 'dataset_produces_2', 'dataset_produces_1', 'consume_1_and_2_with_dataset_expressions' retrieved from /home/airflow/.local/lib/python3.12/site-packages/airflow/example_dags/example_datasets.py
[2025-07-22T09:15:34.975+0000] {logging_mixin.py:188} INFO - [2025-07-22T09:15:34.975+0000] {dag.py:3096} INFO - Sync 10 DAGs
[2025-07-22T09:15:35.013+0000] {logging_mixin.py:188} INFO - [2025-07-22T09:15:35.012+0000] {dag.py:3954} INFO - Setting next_dagrun for conditional_dataset_and_time_based_timetable to 2025-07-16 01:00:00+00:00, run_after=2025-07-16 01:00:00+00:00
[2025-07-22T09:15:35.018+0000] {logging_mixin.py:188} INFO - [2025-07-22T09:15:35.018+0000] {dag.py:3954} INFO - Setting next_dagrun for consume_1_and_2_with_dataset_expressions to None, run_after=None
[2025-07-22T09:15:35.020+0000] {logging_mixin.py:188} INFO - [2025-07-22T09:15:35.020+0000] {dag.py:3954} INFO - Setting next_dagrun for consume_1_or_2_with_dataset_expressions to None, run_after=None
[2025-07-22T09:15:35.022+0000] {logging_mixin.py:188} INFO - [2025-07-22T09:15:35.022+0000] {dag.py:3954} INFO - Setting next_dagrun for consume_1_or_both_2_and_3_with_dataset_expressions to None, run_after=None
[2025-07-22T09:15:35.023+0000] {logging_mixin.py:188} INFO - [2025-07-22T09:15:35.023+0000] {dag.py:3954} INFO - Setting next_dagrun for dataset_consumes_1 to None, run_after=None
[2025-07-22T09:15:35.031+0000] {logging_mixin.py:188} INFO - [2025-07-22T09:15:35.030+0000] {dag.py:3954} INFO - Setting next_dagrun for dataset_consumes_1_and_2 to None, run_after=None
[2025-07-22T09:15:35.035+0000] {logging_mixin.py:188} INFO - [2025-07-22T09:15:35.034+0000] {dag.py:3954} INFO - Setting next_dagrun for dataset_consumes_1_never_scheduled to None, run_after=None
[2025-07-22T09:15:35.039+0000] {logging_mixin.py:188} INFO - [2025-07-22T09:15:35.038+0000] {dag.py:3954} INFO - Setting next_dagrun for dataset_consumes_unknown_never_scheduled to None, run_after=None
[2025-07-22T09:15:35.048+0000] {logging_mixin.py:188} INFO - [2025-07-22T09:15:35.047+0000] {dag.py:3954} INFO - Setting next_dagrun for dataset_produces_1 to 2025-07-21 00:00:00+00:00, run_after=2025-07-22 00:00:00+00:00
[2025-07-22T09:15:35.050+0000] {logging_mixin.py:188} INFO - [2025-07-22T09:15:35.050+0000] {dag.py:3954} INFO - Setting next_dagrun for dataset_produces_2 to None, run_after=None
[2025-07-22T09:15:35.108+0000] {processor.py:183} INFO - Processing /home/airflow/.local/lib/python3.12/site-packages/airflow/example_dags/example_datasets.py took 0.226 seconds
[2025-07-22T09:16:05.253+0000] {processor.py:161} INFO - Started process (PID=2900) to work on /home/airflow/.local/lib/python3.12/site-packages/airflow/example_dags/example_datasets.py
[2025-07-22T09:16:05.255+0000] {processor.py:830} INFO - Processing file /home/airflow/.local/lib/python3.12/site-packages/airflow/example_dags/example_datasets.py for tasks to queue
[2025-07-22T09:16:05.258+0000] {logging_mixin.py:188} INFO - [2025-07-22T09:16:05.258+0000] {dagbag.py:545} INFO - Filling up the DagBag from /home/airflow/.local/lib/python3.12/site-packages/airflow/example_dags/example_datasets.py
[2025-07-22T09:16:05.280+0000] {processor.py:840} INFO - DAG(s) 'dataset_consumes_unknown_never_scheduled', 'dataset_consumes_1_and_2', 'dataset_consumes_1', 'dataset_consumes_1_never_scheduled', 'consume_1_or_both_2_and_3_with_dataset_expressions', 'dataset_produces_1', 'consume_1_or_2_with_dataset_expressions', 'consume_1_and_2_with_dataset_expressions', 'dataset_produces_2', 'conditional_dataset_and_time_based_timetable' retrieved from /home/airflow/.local/lib/python3.12/site-packages/airflow/example_dags/example_datasets.py
[2025-07-22T09:16:05.349+0000] {logging_mixin.py:188} INFO - [2025-07-22T09:16:05.349+0000] {dag.py:3096} INFO - Sync 10 DAGs
[2025-07-22T09:16:05.381+0000] {logging_mixin.py:188} INFO - [2025-07-22T09:16:05.380+0000] {dag.py:3954} INFO - Setting next_dagrun for conditional_dataset_and_time_based_timetable to 2025-07-16 01:00:00+00:00, run_after=2025-07-16 01:00:00+00:00
[2025-07-22T09:16:05.385+0000] {logging_mixin.py:188} INFO - [2025-07-22T09:16:05.385+0000] {dag.py:3954} INFO - Setting next_dagrun for consume_1_and_2_with_dataset_expressions to None, run_after=None
[2025-07-22T09:16:05.387+0000] {logging_mixin.py:188} INFO - [2025-07-22T09:16:05.387+0000] {dag.py:3954} INFO - Setting next_dagrun for consume_1_or_2_with_dataset_expressions to None, run_after=None
[2025-07-22T09:16:05.389+0000] {logging_mixin.py:188} INFO - [2025-07-22T09:16:05.389+0000] {dag.py:3954} INFO - Setting next_dagrun for consume_1_or_both_2_and_3_with_dataset_expressions to None, run_after=None
[2025-07-22T09:16:05.391+0000] {logging_mixin.py:188} INFO - [2025-07-22T09:16:05.390+0000] {dag.py:3954} INFO - Setting next_dagrun for dataset_consumes_1 to None, run_after=None
[2025-07-22T09:16:05.392+0000] {logging_mixin.py:188} INFO - [2025-07-22T09:16:05.392+0000] {dag.py:3954} INFO - Setting next_dagrun for dataset_consumes_1_and_2 to None, run_after=None
[2025-07-22T09:16:05.394+0000] {logging_mixin.py:188} INFO - [2025-07-22T09:16:05.394+0000] {dag.py:3954} INFO - Setting next_dagrun for dataset_consumes_1_never_scheduled to None, run_after=None
[2025-07-22T09:16:05.396+0000] {logging_mixin.py:188} INFO - [2025-07-22T09:16:05.396+0000] {dag.py:3954} INFO - Setting next_dagrun for dataset_consumes_unknown_never_scheduled to None, run_after=None
[2025-07-22T09:16:05.399+0000] {logging_mixin.py:188} INFO - [2025-07-22T09:16:05.399+0000] {dag.py:3954} INFO - Setting next_dagrun for dataset_produces_1 to 2025-07-21 00:00:00+00:00, run_after=2025-07-22 00:00:00+00:00
[2025-07-22T09:16:05.401+0000] {logging_mixin.py:188} INFO - [2025-07-22T09:16:05.401+0000] {dag.py:3954} INFO - Setting next_dagrun for dataset_produces_2 to None, run_after=None
[2025-07-22T09:16:05.443+0000] {processor.py:183} INFO - Processing /home/airflow/.local/lib/python3.12/site-packages/airflow/example_dags/example_datasets.py took 0.200 seconds
[2025-07-22T09:16:35.525+0000] {processor.py:161} INFO - Started process (PID=2960) to work on /home/airflow/.local/lib/python3.12/site-packages/airflow/example_dags/example_datasets.py
[2025-07-22T09:16:35.527+0000] {processor.py:830} INFO - Processing file /home/airflow/.local/lib/python3.12/site-packages/airflow/example_dags/example_datasets.py for tasks to queue
[2025-07-22T09:16:35.531+0000] {logging_mixin.py:188} INFO - [2025-07-22T09:16:35.530+0000] {dagbag.py:545} INFO - Filling up the DagBag from /home/airflow/.local/lib/python3.12/site-packages/airflow/example_dags/example_datasets.py
[2025-07-22T09:16:35.559+0000] {processor.py:840} INFO - DAG(s) 'dataset_consumes_unknown_never_scheduled', 'dataset_consumes_1_and_2', 'dataset_produces_2', 'consume_1_and_2_with_dataset_expressions', 'consume_1_or_both_2_and_3_with_dataset_expressions', 'dataset_consumes_1', 'dataset_consumes_1_never_scheduled', 'dataset_produces_1', 'conditional_dataset_and_time_based_timetable', 'consume_1_or_2_with_dataset_expressions' retrieved from /home/airflow/.local/lib/python3.12/site-packages/airflow/example_dags/example_datasets.py
[2025-07-22T09:16:35.632+0000] {logging_mixin.py:188} INFO - [2025-07-22T09:16:35.631+0000] {dag.py:3096} INFO - Sync 10 DAGs
[2025-07-22T09:16:35.671+0000] {logging_mixin.py:188} INFO - [2025-07-22T09:16:35.671+0000] {dag.py:3954} INFO - Setting next_dagrun for conditional_dataset_and_time_based_timetable to 2025-07-16 01:00:00+00:00, run_after=2025-07-16 01:00:00+00:00
[2025-07-22T09:16:35.677+0000] {logging_mixin.py:188} INFO - [2025-07-22T09:16:35.676+0000] {dag.py:3954} INFO - Setting next_dagrun for consume_1_and_2_with_dataset_expressions to None, run_after=None
[2025-07-22T09:16:35.679+0000] {logging_mixin.py:188} INFO - [2025-07-22T09:16:35.678+0000] {dag.py:3954} INFO - Setting next_dagrun for consume_1_or_2_with_dataset_expressions to None, run_after=None
[2025-07-22T09:16:35.681+0000] {logging_mixin.py:188} INFO - [2025-07-22T09:16:35.681+0000] {dag.py:3954} INFO - Setting next_dagrun for consume_1_or_both_2_and_3_with_dataset_expressions to None, run_after=None
[2025-07-22T09:16:35.683+0000] {logging_mixin.py:188} INFO - [2025-07-22T09:16:35.683+0000] {dag.py:3954} INFO - Setting next_dagrun for dataset_consumes_1 to None, run_after=None
[2025-07-22T09:16:35.687+0000] {logging_mixin.py:188} INFO - [2025-07-22T09:16:35.687+0000] {dag.py:3954} INFO - Setting next_dagrun for dataset_consumes_1_and_2 to None, run_after=None
[2025-07-22T09:16:35.690+0000] {logging_mixin.py:188} INFO - [2025-07-22T09:16:35.690+0000] {dag.py:3954} INFO - Setting next_dagrun for dataset_consumes_1_never_scheduled to None, run_after=None
[2025-07-22T09:16:35.692+0000] {logging_mixin.py:188} INFO - [2025-07-22T09:16:35.692+0000] {dag.py:3954} INFO - Setting next_dagrun for dataset_consumes_unknown_never_scheduled to None, run_after=None
[2025-07-22T09:16:35.697+0000] {logging_mixin.py:188} INFO - [2025-07-22T09:16:35.696+0000] {dag.py:3954} INFO - Setting next_dagrun for dataset_produces_1 to 2025-07-21 00:00:00+00:00, run_after=2025-07-22 00:00:00+00:00
[2025-07-22T09:16:35.699+0000] {logging_mixin.py:188} INFO - [2025-07-22T09:16:35.699+0000] {dag.py:3954} INFO - Setting next_dagrun for dataset_produces_2 to None, run_after=None
[2025-07-22T09:16:35.757+0000] {processor.py:183} INFO - Processing /home/airflow/.local/lib/python3.12/site-packages/airflow/example_dags/example_datasets.py took 0.245 seconds
[2025-07-22T09:17:05.862+0000] {processor.py:161} INFO - Started process (PID=3021) to work on /home/airflow/.local/lib/python3.12/site-packages/airflow/example_dags/example_datasets.py
[2025-07-22T09:17:05.864+0000] {processor.py:830} INFO - Processing file /home/airflow/.local/lib/python3.12/site-packages/airflow/example_dags/example_datasets.py for tasks to queue
[2025-07-22T09:17:05.867+0000] {logging_mixin.py:188} INFO - [2025-07-22T09:17:05.866+0000] {dagbag.py:545} INFO - Filling up the DagBag from /home/airflow/.local/lib/python3.12/site-packages/airflow/example_dags/example_datasets.py
[2025-07-22T09:17:05.895+0000] {processor.py:840} INFO - DAG(s) 'consume_1_or_both_2_and_3_with_dataset_expressions', 'dataset_produces_1', 'conditional_dataset_and_time_based_timetable', 'dataset_consumes_1_and_2', 'consume_1_and_2_with_dataset_expressions', 'dataset_consumes_1_never_scheduled', 'consume_1_or_2_with_dataset_expressions', 'dataset_produces_2', 'dataset_consumes_unknown_never_scheduled', 'dataset_consumes_1' retrieved from /home/airflow/.local/lib/python3.12/site-packages/airflow/example_dags/example_datasets.py
[2025-07-22T09:17:06.002+0000] {logging_mixin.py:188} INFO - [2025-07-22T09:17:06.002+0000] {dag.py:3096} INFO - Sync 10 DAGs
[2025-07-22T09:17:06.042+0000] {logging_mixin.py:188} INFO - [2025-07-22T09:17:06.042+0000] {dag.py:3954} INFO - Setting next_dagrun for conditional_dataset_and_time_based_timetable to 2025-07-16 01:00:00+00:00, run_after=2025-07-16 01:00:00+00:00
[2025-07-22T09:17:06.048+0000] {logging_mixin.py:188} INFO - [2025-07-22T09:17:06.048+0000] {dag.py:3954} INFO - Setting next_dagrun for consume_1_and_2_with_dataset_expressions to None, run_after=None
[2025-07-22T09:17:06.050+0000] {logging_mixin.py:188} INFO - [2025-07-22T09:17:06.050+0000] {dag.py:3954} INFO - Setting next_dagrun for consume_1_or_2_with_dataset_expressions to None, run_after=None
[2025-07-22T09:17:06.053+0000] {logging_mixin.py:188} INFO - [2025-07-22T09:17:06.052+0000] {dag.py:3954} INFO - Setting next_dagrun for consume_1_or_both_2_and_3_with_dataset_expressions to None, run_after=None
[2025-07-22T09:17:06.055+0000] {logging_mixin.py:188} INFO - [2025-07-22T09:17:06.055+0000] {dag.py:3954} INFO - Setting next_dagrun for dataset_consumes_1 to None, run_after=None
[2025-07-22T09:17:06.057+0000] {logging_mixin.py:188} INFO - [2025-07-22T09:17:06.057+0000] {dag.py:3954} INFO - Setting next_dagrun for dataset_consumes_1_and_2 to None, run_after=None
[2025-07-22T09:17:06.059+0000] {logging_mixin.py:188} INFO - [2025-07-22T09:17:06.059+0000] {dag.py:3954} INFO - Setting next_dagrun for dataset_consumes_1_never_scheduled to None, run_after=None
[2025-07-22T09:17:06.061+0000] {logging_mixin.py:188} INFO - [2025-07-22T09:17:06.061+0000] {dag.py:3954} INFO - Setting next_dagrun for dataset_consumes_unknown_never_scheduled to None, run_after=None
[2025-07-22T09:17:06.065+0000] {logging_mixin.py:188} INFO - [2025-07-22T09:17:06.065+0000] {dag.py:3954} INFO - Setting next_dagrun for dataset_produces_1 to 2025-07-21 00:00:00+00:00, run_after=2025-07-22 00:00:00+00:00
[2025-07-22T09:17:06.067+0000] {logging_mixin.py:188} INFO - [2025-07-22T09:17:06.067+0000] {dag.py:3954} INFO - Setting next_dagrun for dataset_produces_2 to None, run_after=None
[2025-07-22T09:17:06.122+0000] {processor.py:183} INFO - Processing /home/airflow/.local/lib/python3.12/site-packages/airflow/example_dags/example_datasets.py took 0.274 seconds
[2025-07-22T09:17:36.225+0000] {processor.py:161} INFO - Started process (PID=3081) to work on /home/airflow/.local/lib/python3.12/site-packages/airflow/example_dags/example_datasets.py
[2025-07-22T09:17:36.227+0000] {processor.py:830} INFO - Processing file /home/airflow/.local/lib/python3.12/site-packages/airflow/example_dags/example_datasets.py for tasks to queue
[2025-07-22T09:17:36.231+0000] {logging_mixin.py:188} INFO - [2025-07-22T09:17:36.231+0000] {dagbag.py:545} INFO - Filling up the DagBag from /home/airflow/.local/lib/python3.12/site-packages/airflow/example_dags/example_datasets.py
[2025-07-22T09:17:36.252+0000] {processor.py:840} INFO - DAG(s) 'consume_1_or_both_2_and_3_with_dataset_expressions', 'dataset_consumes_1_never_scheduled', 'dataset_consumes_unknown_never_scheduled', 'consume_1_and_2_with_dataset_expressions', 'dataset_consumes_1', 'dataset_produces_2', 'dataset_consumes_1_and_2', 'consume_1_or_2_with_dataset_expressions', 'conditional_dataset_and_time_based_timetable', 'dataset_produces_1' retrieved from /home/airflow/.local/lib/python3.12/site-packages/airflow/example_dags/example_datasets.py
[2025-07-22T09:17:36.320+0000] {logging_mixin.py:188} INFO - [2025-07-22T09:17:36.320+0000] {dag.py:3096} INFO - Sync 10 DAGs
[2025-07-22T09:17:36.353+0000] {logging_mixin.py:188} INFO - [2025-07-22T09:17:36.353+0000] {dag.py:3954} INFO - Setting next_dagrun for conditional_dataset_and_time_based_timetable to 2025-07-16 01:00:00+00:00, run_after=2025-07-16 01:00:00+00:00
[2025-07-22T09:17:36.357+0000] {logging_mixin.py:188} INFO - [2025-07-22T09:17:36.357+0000] {dag.py:3954} INFO - Setting next_dagrun for consume_1_and_2_with_dataset_expressions to None, run_after=None
[2025-07-22T09:17:36.359+0000] {logging_mixin.py:188} INFO - [2025-07-22T09:17:36.359+0000] {dag.py:3954} INFO - Setting next_dagrun for consume_1_or_2_with_dataset_expressions to None, run_after=None
[2025-07-22T09:17:36.361+0000] {logging_mixin.py:188} INFO - [2025-07-22T09:17:36.360+0000] {dag.py:3954} INFO - Setting next_dagrun for consume_1_or_both_2_and_3_with_dataset_expressions to None, run_after=None
[2025-07-22T09:17:36.362+0000] {logging_mixin.py:188} INFO - [2025-07-22T09:17:36.362+0000] {dag.py:3954} INFO - Setting next_dagrun for dataset_consumes_1 to None, run_after=None
[2025-07-22T09:17:36.364+0000] {logging_mixin.py:188} INFO - [2025-07-22T09:17:36.364+0000] {dag.py:3954} INFO - Setting next_dagrun for dataset_consumes_1_and_2 to None, run_after=None
[2025-07-22T09:17:36.366+0000] {logging_mixin.py:188} INFO - [2025-07-22T09:17:36.365+0000] {dag.py:3954} INFO - Setting next_dagrun for dataset_consumes_1_never_scheduled to None, run_after=None
[2025-07-22T09:17:36.367+0000] {logging_mixin.py:188} INFO - [2025-07-22T09:17:36.367+0000] {dag.py:3954} INFO - Setting next_dagrun for dataset_consumes_unknown_never_scheduled to None, run_after=None
[2025-07-22T09:17:36.370+0000] {logging_mixin.py:188} INFO - [2025-07-22T09:17:36.370+0000] {dag.py:3954} INFO - Setting next_dagrun for dataset_produces_1 to 2025-07-21 00:00:00+00:00, run_after=2025-07-22 00:00:00+00:00
[2025-07-22T09:17:36.372+0000] {logging_mixin.py:188} INFO - [2025-07-22T09:17:36.372+0000] {dag.py:3954} INFO - Setting next_dagrun for dataset_produces_2 to None, run_after=None
[2025-07-22T09:17:36.408+0000] {processor.py:183} INFO - Processing /home/airflow/.local/lib/python3.12/site-packages/airflow/example_dags/example_datasets.py took 0.192 seconds
[2025-07-22T09:18:07.259+0000] {processor.py:161} INFO - Started process (PID=3141) to work on /home/airflow/.local/lib/python3.12/site-packages/airflow/example_dags/example_datasets.py
[2025-07-22T09:18:07.261+0000] {processor.py:830} INFO - Processing file /home/airflow/.local/lib/python3.12/site-packages/airflow/example_dags/example_datasets.py for tasks to queue
[2025-07-22T09:18:07.263+0000] {logging_mixin.py:188} INFO - [2025-07-22T09:18:07.263+0000] {dagbag.py:545} INFO - Filling up the DagBag from /home/airflow/.local/lib/python3.12/site-packages/airflow/example_dags/example_datasets.py
[2025-07-22T09:18:07.279+0000] {processor.py:840} INFO - DAG(s) 'consume_1_or_2_with_dataset_expressions', 'dataset_produces_1', 'dataset_consumes_1', 'consume_1_and_2_with_dataset_expressions', 'dataset_consumes_unknown_never_scheduled', 'consume_1_or_both_2_and_3_with_dataset_expressions', 'dataset_produces_2', 'dataset_consumes_1_and_2', 'conditional_dataset_and_time_based_timetable', 'dataset_consumes_1_never_scheduled' retrieved from /home/airflow/.local/lib/python3.12/site-packages/airflow/example_dags/example_datasets.py
[2025-07-22T09:18:07.349+0000] {logging_mixin.py:188} INFO - [2025-07-22T09:18:07.349+0000] {dag.py:3096} INFO - Sync 10 DAGs
[2025-07-22T09:18:07.381+0000] {logging_mixin.py:188} INFO - [2025-07-22T09:18:07.381+0000] {dag.py:3954} INFO - Setting next_dagrun for conditional_dataset_and_time_based_timetable to 2025-07-16 01:00:00+00:00, run_after=2025-07-16 01:00:00+00:00
[2025-07-22T09:18:07.386+0000] {logging_mixin.py:188} INFO - [2025-07-22T09:18:07.386+0000] {dag.py:3954} INFO - Setting next_dagrun for consume_1_and_2_with_dataset_expressions to None, run_after=None
[2025-07-22T09:18:07.389+0000] {logging_mixin.py:188} INFO - [2025-07-22T09:18:07.389+0000] {dag.py:3954} INFO - Setting next_dagrun for consume_1_or_2_with_dataset_expressions to None, run_after=None
[2025-07-22T09:18:07.391+0000] {logging_mixin.py:188} INFO - [2025-07-22T09:18:07.391+0000] {dag.py:3954} INFO - Setting next_dagrun for consume_1_or_both_2_and_3_with_dataset_expressions to None, run_after=None
[2025-07-22T09:18:07.392+0000] {logging_mixin.py:188} INFO - [2025-07-22T09:18:07.392+0000] {dag.py:3954} INFO - Setting next_dagrun for dataset_consumes_1 to None, run_after=None
[2025-07-22T09:18:07.395+0000] {logging_mixin.py:188} INFO - [2025-07-22T09:18:07.395+0000] {dag.py:3954} INFO - Setting next_dagrun for dataset_consumes_1_and_2 to None, run_after=None
[2025-07-22T09:18:07.397+0000] {logging_mixin.py:188} INFO - [2025-07-22T09:18:07.397+0000] {dag.py:3954} INFO - Setting next_dagrun for dataset_consumes_1_never_scheduled to None, run_after=None
[2025-07-22T09:18:07.399+0000] {logging_mixin.py:188} INFO - [2025-07-22T09:18:07.399+0000] {dag.py:3954} INFO - Setting next_dagrun for dataset_consumes_unknown_never_scheduled to None, run_after=None
[2025-07-22T09:18:07.403+0000] {logging_mixin.py:188} INFO - [2025-07-22T09:18:07.403+0000] {dag.py:3954} INFO - Setting next_dagrun for dataset_produces_1 to 2025-07-21 00:00:00+00:00, run_after=2025-07-22 00:00:00+00:00
[2025-07-22T09:18:07.405+0000] {logging_mixin.py:188} INFO - [2025-07-22T09:18:07.405+0000] {dag.py:3954} INFO - Setting next_dagrun for dataset_produces_2 to None, run_after=None
[2025-07-22T09:18:07.449+0000] {processor.py:183} INFO - Processing /home/airflow/.local/lib/python3.12/site-packages/airflow/example_dags/example_datasets.py took 0.196 seconds
[2025-07-22T09:18:37.890+0000] {processor.py:161} INFO - Started process (PID=3201) to work on /home/airflow/.local/lib/python3.12/site-packages/airflow/example_dags/example_datasets.py
[2025-07-22T09:18:37.891+0000] {processor.py:830} INFO - Processing file /home/airflow/.local/lib/python3.12/site-packages/airflow/example_dags/example_datasets.py for tasks to queue
[2025-07-22T09:18:37.895+0000] {logging_mixin.py:188} INFO - [2025-07-22T09:18:37.894+0000] {dagbag.py:545} INFO - Filling up the DagBag from /home/airflow/.local/lib/python3.12/site-packages/airflow/example_dags/example_datasets.py
[2025-07-22T09:18:37.918+0000] {processor.py:840} INFO - DAG(s) 'consume_1_or_both_2_and_3_with_dataset_expressions', 'dataset_produces_1', 'consume_1_and_2_with_dataset_expressions', 'consume_1_or_2_with_dataset_expressions', 'conditional_dataset_and_time_based_timetable', 'dataset_consumes_unknown_never_scheduled', 'dataset_produces_2', 'dataset_consumes_1_never_scheduled', 'dataset_consumes_1_and_2', 'dataset_consumes_1' retrieved from /home/airflow/.local/lib/python3.12/site-packages/airflow/example_dags/example_datasets.py
[2025-07-22T09:18:38.050+0000] {logging_mixin.py:188} INFO - [2025-07-22T09:18:38.049+0000] {dag.py:3096} INFO - Sync 10 DAGs
[2025-07-22T09:18:38.114+0000] {logging_mixin.py:188} INFO - [2025-07-22T09:18:38.114+0000] {dag.py:3954} INFO - Setting next_dagrun for conditional_dataset_and_time_based_timetable to 2025-07-16 01:00:00+00:00, run_after=2025-07-16 01:00:00+00:00
[2025-07-22T09:18:38.130+0000] {logging_mixin.py:188} INFO - [2025-07-22T09:18:38.129+0000] {dag.py:3954} INFO - Setting next_dagrun for consume_1_and_2_with_dataset_expressions to None, run_after=None
[2025-07-22T09:18:38.140+0000] {logging_mixin.py:188} INFO - [2025-07-22T09:18:38.137+0000] {dag.py:3954} INFO - Setting next_dagrun for consume_1_or_2_with_dataset_expressions to None, run_after=None
[2025-07-22T09:18:38.146+0000] {logging_mixin.py:188} INFO - [2025-07-22T09:18:38.146+0000] {dag.py:3954} INFO - Setting next_dagrun for consume_1_or_both_2_and_3_with_dataset_expressions to None, run_after=None
[2025-07-22T09:18:38.152+0000] {logging_mixin.py:188} INFO - [2025-07-22T09:18:38.151+0000] {dag.py:3954} INFO - Setting next_dagrun for dataset_consumes_1 to None, run_after=None
[2025-07-22T09:18:38.159+0000] {logging_mixin.py:188} INFO - [2025-07-22T09:18:38.158+0000] {dag.py:3954} INFO - Setting next_dagrun for dataset_consumes_1_and_2 to None, run_after=None
[2025-07-22T09:18:38.164+0000] {logging_mixin.py:188} INFO - [2025-07-22T09:18:38.163+0000] {dag.py:3954} INFO - Setting next_dagrun for dataset_consumes_1_never_scheduled to None, run_after=None
[2025-07-22T09:18:38.167+0000] {logging_mixin.py:188} INFO - [2025-07-22T09:18:38.167+0000] {dag.py:3954} INFO - Setting next_dagrun for dataset_consumes_unknown_never_scheduled to None, run_after=None
[2025-07-22T09:18:38.173+0000] {logging_mixin.py:188} INFO - [2025-07-22T09:18:38.173+0000] {dag.py:3954} INFO - Setting next_dagrun for dataset_produces_1 to 2025-07-21 00:00:00+00:00, run_after=2025-07-22 00:00:00+00:00
[2025-07-22T09:18:38.176+0000] {logging_mixin.py:188} INFO - [2025-07-22T09:18:38.175+0000] {dag.py:3954} INFO - Setting next_dagrun for dataset_produces_2 to None, run_after=None
[2025-07-22T09:18:38.242+0000] {processor.py:183} INFO - Processing /home/airflow/.local/lib/python3.12/site-packages/airflow/example_dags/example_datasets.py took 0.362 seconds
[2025-07-22T09:19:08.567+0000] {processor.py:161} INFO - Started process (PID=3261) to work on /home/airflow/.local/lib/python3.12/site-packages/airflow/example_dags/example_datasets.py
[2025-07-22T09:19:08.568+0000] {processor.py:830} INFO - Processing file /home/airflow/.local/lib/python3.12/site-packages/airflow/example_dags/example_datasets.py for tasks to queue
[2025-07-22T09:19:08.570+0000] {logging_mixin.py:188} INFO - [2025-07-22T09:19:08.570+0000] {dagbag.py:545} INFO - Filling up the DagBag from /home/airflow/.local/lib/python3.12/site-packages/airflow/example_dags/example_datasets.py
[2025-07-22T09:19:08.588+0000] {processor.py:840} INFO - DAG(s) 'dataset_produces_2', 'dataset_consumes_1', 'consume_1_or_both_2_and_3_with_dataset_expressions', 'dataset_consumes_1_never_scheduled', 'conditional_dataset_and_time_based_timetable', 'consume_1_and_2_with_dataset_expressions', 'dataset_consumes_unknown_never_scheduled', 'dataset_produces_1', 'dataset_consumes_1_and_2', 'consume_1_or_2_with_dataset_expressions' retrieved from /home/airflow/.local/lib/python3.12/site-packages/airflow/example_dags/example_datasets.py
[2025-07-22T09:19:08.653+0000] {logging_mixin.py:188} INFO - [2025-07-22T09:19:08.653+0000] {dag.py:3096} INFO - Sync 10 DAGs
[2025-07-22T09:19:08.685+0000] {logging_mixin.py:188} INFO - [2025-07-22T09:19:08.685+0000] {dag.py:3954} INFO - Setting next_dagrun for conditional_dataset_and_time_based_timetable to 2025-07-16 01:00:00+00:00, run_after=2025-07-16 01:00:00+00:00
[2025-07-22T09:19:08.690+0000] {logging_mixin.py:188} INFO - [2025-07-22T09:19:08.690+0000] {dag.py:3954} INFO - Setting next_dagrun for consume_1_and_2_with_dataset_expressions to None, run_after=None
[2025-07-22T09:19:08.692+0000] {logging_mixin.py:188} INFO - [2025-07-22T09:19:08.691+0000] {dag.py:3954} INFO - Setting next_dagrun for consume_1_or_2_with_dataset_expressions to None, run_after=None
[2025-07-22T09:19:08.694+0000] {logging_mixin.py:188} INFO - [2025-07-22T09:19:08.693+0000] {dag.py:3954} INFO - Setting next_dagrun for consume_1_or_both_2_and_3_with_dataset_expressions to None, run_after=None
[2025-07-22T09:19:08.695+0000] {logging_mixin.py:188} INFO - [2025-07-22T09:19:08.695+0000] {dag.py:3954} INFO - Setting next_dagrun for dataset_consumes_1 to None, run_after=None
[2025-07-22T09:19:08.697+0000] {logging_mixin.py:188} INFO - [2025-07-22T09:19:08.697+0000] {dag.py:3954} INFO - Setting next_dagrun for dataset_consumes_1_and_2 to None, run_after=None
[2025-07-22T09:19:08.699+0000] {logging_mixin.py:188} INFO - [2025-07-22T09:19:08.699+0000] {dag.py:3954} INFO - Setting next_dagrun for dataset_consumes_1_never_scheduled to None, run_after=None
[2025-07-22T09:19:08.701+0000] {logging_mixin.py:188} INFO - [2025-07-22T09:19:08.701+0000] {dag.py:3954} INFO - Setting next_dagrun for dataset_consumes_unknown_never_scheduled to None, run_after=None
[2025-07-22T09:19:08.704+0000] {logging_mixin.py:188} INFO - [2025-07-22T09:19:08.704+0000] {dag.py:3954} INFO - Setting next_dagrun for dataset_produces_1 to 2025-07-21 00:00:00+00:00, run_after=2025-07-22 00:00:00+00:00
[2025-07-22T09:19:08.706+0000] {logging_mixin.py:188} INFO - [2025-07-22T09:19:08.706+0000] {dag.py:3954} INFO - Setting next_dagrun for dataset_produces_2 to None, run_after=None
[2025-07-22T09:19:08.743+0000] {processor.py:183} INFO - Processing /home/airflow/.local/lib/python3.12/site-packages/airflow/example_dags/example_datasets.py took 0.184 seconds
[2025-07-22T09:19:38.875+0000] {processor.py:161} INFO - Started process (PID=3322) to work on /home/airflow/.local/lib/python3.12/site-packages/airflow/example_dags/example_datasets.py
[2025-07-22T09:19:38.876+0000] {processor.py:830} INFO - Processing file /home/airflow/.local/lib/python3.12/site-packages/airflow/example_dags/example_datasets.py for tasks to queue
[2025-07-22T09:19:38.879+0000] {logging_mixin.py:188} INFO - [2025-07-22T09:19:38.878+0000] {dagbag.py:545} INFO - Filling up the DagBag from /home/airflow/.local/lib/python3.12/site-packages/airflow/example_dags/example_datasets.py
[2025-07-22T09:19:38.896+0000] {processor.py:840} INFO - DAG(s) 'dataset_consumes_1', 'consume_1_or_both_2_and_3_with_dataset_expressions', 'consume_1_and_2_with_dataset_expressions', 'dataset_produces_1', 'consume_1_or_2_with_dataset_expressions', 'dataset_produces_2', 'dataset_consumes_1_and_2', 'dataset_consumes_unknown_never_scheduled', 'conditional_dataset_and_time_based_timetable', 'dataset_consumes_1_never_scheduled' retrieved from /home/airflow/.local/lib/python3.12/site-packages/airflow/example_dags/example_datasets.py
[2025-07-22T09:19:38.962+0000] {logging_mixin.py:188} INFO - [2025-07-22T09:19:38.962+0000] {dag.py:3096} INFO - Sync 10 DAGs
[2025-07-22T09:19:39.000+0000] {logging_mixin.py:188} INFO - [2025-07-22T09:19:39.000+0000] {dag.py:3954} INFO - Setting next_dagrun for conditional_dataset_and_time_based_timetable to 2025-07-16 01:00:00+00:00, run_after=2025-07-16 01:00:00+00:00
[2025-07-22T09:19:39.006+0000] {logging_mixin.py:188} INFO - [2025-07-22T09:19:39.005+0000] {dag.py:3954} INFO - Setting next_dagrun for consume_1_and_2_with_dataset_expressions to None, run_after=None
[2025-07-22T09:19:39.008+0000] {logging_mixin.py:188} INFO - [2025-07-22T09:19:39.008+0000] {dag.py:3954} INFO - Setting next_dagrun for consume_1_or_2_with_dataset_expressions to None, run_after=None
[2025-07-22T09:19:39.010+0000] {logging_mixin.py:188} INFO - [2025-07-22T09:19:39.010+0000] {dag.py:3954} INFO - Setting next_dagrun for consume_1_or_both_2_and_3_with_dataset_expressions to None, run_after=None
[2025-07-22T09:19:39.013+0000] {logging_mixin.py:188} INFO - [2025-07-22T09:19:39.012+0000] {dag.py:3954} INFO - Setting next_dagrun for dataset_consumes_1 to None, run_after=None
[2025-07-22T09:19:39.015+0000] {logging_mixin.py:188} INFO - [2025-07-22T09:19:39.014+0000] {dag.py:3954} INFO - Setting next_dagrun for dataset_consumes_1_and_2 to None, run_after=None
[2025-07-22T09:19:39.017+0000] {logging_mixin.py:188} INFO - [2025-07-22T09:19:39.016+0000] {dag.py:3954} INFO - Setting next_dagrun for dataset_consumes_1_never_scheduled to None, run_after=None
[2025-07-22T09:19:39.019+0000] {logging_mixin.py:188} INFO - [2025-07-22T09:19:39.019+0000] {dag.py:3954} INFO - Setting next_dagrun for dataset_consumes_unknown_never_scheduled to None, run_after=None
[2025-07-22T09:19:39.023+0000] {logging_mixin.py:188} INFO - [2025-07-22T09:19:39.023+0000] {dag.py:3954} INFO - Setting next_dagrun for dataset_produces_1 to 2025-07-21 00:00:00+00:00, run_after=2025-07-22 00:00:00+00:00
[2025-07-22T09:19:39.025+0000] {logging_mixin.py:188} INFO - [2025-07-22T09:19:39.025+0000] {dag.py:3954} INFO - Setting next_dagrun for dataset_produces_2 to None, run_after=None
[2025-07-22T09:19:39.071+0000] {processor.py:183} INFO - Processing /home/airflow/.local/lib/python3.12/site-packages/airflow/example_dags/example_datasets.py took 0.203 seconds
[2025-07-22T09:20:09.184+0000] {processor.py:161} INFO - Started process (PID=3381) to work on /home/airflow/.local/lib/python3.12/site-packages/airflow/example_dags/example_datasets.py
[2025-07-22T09:20:09.185+0000] {processor.py:830} INFO - Processing file /home/airflow/.local/lib/python3.12/site-packages/airflow/example_dags/example_datasets.py for tasks to queue
[2025-07-22T09:20:09.187+0000] {logging_mixin.py:188} INFO - [2025-07-22T09:20:09.187+0000] {dagbag.py:545} INFO - Filling up the DagBag from /home/airflow/.local/lib/python3.12/site-packages/airflow/example_dags/example_datasets.py
[2025-07-22T09:20:09.203+0000] {processor.py:840} INFO - DAG(s) 'dataset_consumes_unknown_never_scheduled', 'consume_1_or_both_2_and_3_with_dataset_expressions', 'consume_1_and_2_with_dataset_expressions', 'dataset_consumes_1', 'dataset_produces_1', 'dataset_consumes_1_never_scheduled', 'dataset_consumes_1_and_2', 'dataset_produces_2', 'consume_1_or_2_with_dataset_expressions', 'conditional_dataset_and_time_based_timetable' retrieved from /home/airflow/.local/lib/python3.12/site-packages/airflow/example_dags/example_datasets.py
[2025-07-22T09:20:09.266+0000] {logging_mixin.py:188} INFO - [2025-07-22T09:20:09.265+0000] {dag.py:3096} INFO - Sync 10 DAGs
[2025-07-22T09:20:09.300+0000] {logging_mixin.py:188} INFO - [2025-07-22T09:20:09.300+0000] {dag.py:3954} INFO - Setting next_dagrun for conditional_dataset_and_time_based_timetable to 2025-07-16 01:00:00+00:00, run_after=2025-07-16 01:00:00+00:00
[2025-07-22T09:20:09.305+0000] {logging_mixin.py:188} INFO - [2025-07-22T09:20:09.305+0000] {dag.py:3954} INFO - Setting next_dagrun for consume_1_and_2_with_dataset_expressions to None, run_after=None
[2025-07-22T09:20:09.307+0000] {logging_mixin.py:188} INFO - [2025-07-22T09:20:09.307+0000] {dag.py:3954} INFO - Setting next_dagrun for consume_1_or_2_with_dataset_expressions to None, run_after=None
[2025-07-22T09:20:09.309+0000] {logging_mixin.py:188} INFO - [2025-07-22T09:20:09.309+0000] {dag.py:3954} INFO - Setting next_dagrun for consume_1_or_both_2_and_3_with_dataset_expressions to None, run_after=None
[2025-07-22T09:20:09.311+0000] {logging_mixin.py:188} INFO - [2025-07-22T09:20:09.311+0000] {dag.py:3954} INFO - Setting next_dagrun for dataset_consumes_1 to None, run_after=None
[2025-07-22T09:20:09.313+0000] {logging_mixin.py:188} INFO - [2025-07-22T09:20:09.313+0000] {dag.py:3954} INFO - Setting next_dagrun for dataset_consumes_1_and_2 to None, run_after=None
[2025-07-22T09:20:09.315+0000] {logging_mixin.py:188} INFO - [2025-07-22T09:20:09.315+0000] {dag.py:3954} INFO - Setting next_dagrun for dataset_consumes_1_never_scheduled to None, run_after=None
[2025-07-22T09:20:09.317+0000] {logging_mixin.py:188} INFO - [2025-07-22T09:20:09.317+0000] {dag.py:3954} INFO - Setting next_dagrun for dataset_consumes_unknown_never_scheduled to None, run_after=None
[2025-07-22T09:20:09.321+0000] {logging_mixin.py:188} INFO - [2025-07-22T09:20:09.320+0000] {dag.py:3954} INFO - Setting next_dagrun for dataset_produces_1 to 2025-07-21 00:00:00+00:00, run_after=2025-07-22 00:00:00+00:00
[2025-07-22T09:20:09.323+0000] {logging_mixin.py:188} INFO - [2025-07-22T09:20:09.323+0000] {dag.py:3954} INFO - Setting next_dagrun for dataset_produces_2 to None, run_after=None
[2025-07-22T09:20:09.365+0000] {processor.py:183} INFO - Processing /home/airflow/.local/lib/python3.12/site-packages/airflow/example_dags/example_datasets.py took 0.188 seconds
[2025-07-22T09:20:39.623+0000] {processor.py:161} INFO - Started process (PID=3441) to work on /home/airflow/.local/lib/python3.12/site-packages/airflow/example_dags/example_datasets.py
[2025-07-22T09:20:39.625+0000] {processor.py:830} INFO - Processing file /home/airflow/.local/lib/python3.12/site-packages/airflow/example_dags/example_datasets.py for tasks to queue
[2025-07-22T09:20:39.627+0000] {logging_mixin.py:188} INFO - [2025-07-22T09:20:39.627+0000] {dagbag.py:545} INFO - Filling up the DagBag from /home/airflow/.local/lib/python3.12/site-packages/airflow/example_dags/example_datasets.py
[2025-07-22T09:20:39.642+0000] {processor.py:840} INFO - DAG(s) 'dataset_consumes_1', 'dataset_produces_2', 'consume_1_and_2_with_dataset_expressions', 'conditional_dataset_and_time_based_timetable', 'consume_1_or_2_with_dataset_expressions', 'dataset_produces_1', 'dataset_consumes_1_and_2', 'consume_1_or_both_2_and_3_with_dataset_expressions', 'dataset_consumes_unknown_never_scheduled', 'dataset_consumes_1_never_scheduled' retrieved from /home/airflow/.local/lib/python3.12/site-packages/airflow/example_dags/example_datasets.py
[2025-07-22T09:20:39.701+0000] {logging_mixin.py:188} INFO - [2025-07-22T09:20:39.701+0000] {dag.py:3096} INFO - Sync 10 DAGs
[2025-07-22T09:20:39.735+0000] {logging_mixin.py:188} INFO - [2025-07-22T09:20:39.735+0000] {dag.py:3954} INFO - Setting next_dagrun for conditional_dataset_and_time_based_timetable to 2025-07-16 01:00:00+00:00, run_after=2025-07-16 01:00:00+00:00
[2025-07-22T09:20:39.740+0000] {logging_mixin.py:188} INFO - [2025-07-22T09:20:39.740+0000] {dag.py:3954} INFO - Setting next_dagrun for consume_1_and_2_with_dataset_expressions to None, run_after=None
[2025-07-22T09:20:39.742+0000] {logging_mixin.py:188} INFO - [2025-07-22T09:20:39.742+0000] {dag.py:3954} INFO - Setting next_dagrun for consume_1_or_2_with_dataset_expressions to None, run_after=None
[2025-07-22T09:20:39.744+0000] {logging_mixin.py:188} INFO - [2025-07-22T09:20:39.744+0000] {dag.py:3954} INFO - Setting next_dagrun for consume_1_or_both_2_and_3_with_dataset_expressions to None, run_after=None
[2025-07-22T09:20:39.746+0000] {logging_mixin.py:188} INFO - [2025-07-22T09:20:39.746+0000] {dag.py:3954} INFO - Setting next_dagrun for dataset_consumes_1 to None, run_after=None
[2025-07-22T09:20:39.748+0000] {logging_mixin.py:188} INFO - [2025-07-22T09:20:39.747+0000] {dag.py:3954} INFO - Setting next_dagrun for dataset_consumes_1_and_2 to None, run_after=None
[2025-07-22T09:20:39.750+0000] {logging_mixin.py:188} INFO - [2025-07-22T09:20:39.750+0000] {dag.py:3954} INFO - Setting next_dagrun for dataset_consumes_1_never_scheduled to None, run_after=None
[2025-07-22T09:20:39.752+0000] {logging_mixin.py:188} INFO - [2025-07-22T09:20:39.752+0000] {dag.py:3954} INFO - Setting next_dagrun for dataset_consumes_unknown_never_scheduled to None, run_after=None
[2025-07-22T09:20:39.756+0000] {logging_mixin.py:188} INFO - [2025-07-22T09:20:39.755+0000] {dag.py:3954} INFO - Setting next_dagrun for dataset_produces_1 to 2025-07-21 00:00:00+00:00, run_after=2025-07-22 00:00:00+00:00
[2025-07-22T09:20:39.757+0000] {logging_mixin.py:188} INFO - [2025-07-22T09:20:39.757+0000] {dag.py:3954} INFO - Setting next_dagrun for dataset_produces_2 to None, run_after=None
[2025-07-22T09:20:39.803+0000] {processor.py:183} INFO - Processing /home/airflow/.local/lib/python3.12/site-packages/airflow/example_dags/example_datasets.py took 0.186 seconds
[2025-07-22T09:21:09.871+0000] {processor.py:161} INFO - Started process (PID=3502) to work on /home/airflow/.local/lib/python3.12/site-packages/airflow/example_dags/example_datasets.py
[2025-07-22T09:21:09.873+0000] {processor.py:830} INFO - Processing file /home/airflow/.local/lib/python3.12/site-packages/airflow/example_dags/example_datasets.py for tasks to queue
[2025-07-22T09:21:09.876+0000] {logging_mixin.py:188} INFO - [2025-07-22T09:21:09.875+0000] {dagbag.py:545} INFO - Filling up the DagBag from /home/airflow/.local/lib/python3.12/site-packages/airflow/example_dags/example_datasets.py
[2025-07-22T09:21:09.895+0000] {processor.py:840} INFO - DAG(s) 'consume_1_or_both_2_and_3_with_dataset_expressions', 'dataset_produces_1', 'dataset_consumes_1_never_scheduled', 'dataset_consumes_1', 'conditional_dataset_and_time_based_timetable', 'dataset_produces_2', 'dataset_consumes_1_and_2', 'consume_1_or_2_with_dataset_expressions', 'dataset_consumes_unknown_never_scheduled', 'consume_1_and_2_with_dataset_expressions' retrieved from /home/airflow/.local/lib/python3.12/site-packages/airflow/example_dags/example_datasets.py
[2025-07-22T09:21:09.967+0000] {logging_mixin.py:188} INFO - [2025-07-22T09:21:09.966+0000] {dag.py:3096} INFO - Sync 10 DAGs
[2025-07-22T09:21:10.007+0000] {logging_mixin.py:188} INFO - [2025-07-22T09:21:10.007+0000] {dag.py:3954} INFO - Setting next_dagrun for conditional_dataset_and_time_based_timetable to 2025-07-16 01:00:00+00:00, run_after=2025-07-16 01:00:00+00:00
[2025-07-22T09:21:10.013+0000] {logging_mixin.py:188} INFO - [2025-07-22T09:21:10.013+0000] {dag.py:3954} INFO - Setting next_dagrun for consume_1_and_2_with_dataset_expressions to None, run_after=None
[2025-07-22T09:21:10.016+0000] {logging_mixin.py:188} INFO - [2025-07-22T09:21:10.016+0000] {dag.py:3954} INFO - Setting next_dagrun for consume_1_or_2_with_dataset_expressions to None, run_after=None
[2025-07-22T09:21:10.018+0000] {logging_mixin.py:188} INFO - [2025-07-22T09:21:10.018+0000] {dag.py:3954} INFO - Setting next_dagrun for consume_1_or_both_2_and_3_with_dataset_expressions to None, run_after=None
[2025-07-22T09:21:10.020+0000] {logging_mixin.py:188} INFO - [2025-07-22T09:21:10.020+0000] {dag.py:3954} INFO - Setting next_dagrun for dataset_consumes_1 to None, run_after=None
[2025-07-22T09:21:10.023+0000] {logging_mixin.py:188} INFO - [2025-07-22T09:21:10.023+0000] {dag.py:3954} INFO - Setting next_dagrun for dataset_consumes_1_and_2 to None, run_after=None
[2025-07-22T09:21:10.025+0000] {logging_mixin.py:188} INFO - [2025-07-22T09:21:10.025+0000] {dag.py:3954} INFO - Setting next_dagrun for dataset_consumes_1_never_scheduled to None, run_after=None
[2025-07-22T09:21:10.029+0000] {logging_mixin.py:188} INFO - [2025-07-22T09:21:10.029+0000] {dag.py:3954} INFO - Setting next_dagrun for dataset_consumes_unknown_never_scheduled to None, run_after=None
[2025-07-22T09:21:10.033+0000] {logging_mixin.py:188} INFO - [2025-07-22T09:21:10.033+0000] {dag.py:3954} INFO - Setting next_dagrun for dataset_produces_1 to 2025-07-21 00:00:00+00:00, run_after=2025-07-22 00:00:00+00:00
[2025-07-22T09:21:10.036+0000] {logging_mixin.py:188} INFO - [2025-07-22T09:21:10.035+0000] {dag.py:3954} INFO - Setting next_dagrun for dataset_produces_2 to None, run_after=None
[2025-07-22T09:21:10.085+0000] {processor.py:183} INFO - Processing /home/airflow/.local/lib/python3.12/site-packages/airflow/example_dags/example_datasets.py took 0.223 seconds
[2025-07-22T09:21:40.131+0000] {processor.py:161} INFO - Started process (PID=3563) to work on /home/airflow/.local/lib/python3.12/site-packages/airflow/example_dags/example_datasets.py
[2025-07-22T09:21:40.133+0000] {processor.py:830} INFO - Processing file /home/airflow/.local/lib/python3.12/site-packages/airflow/example_dags/example_datasets.py for tasks to queue
[2025-07-22T09:21:40.135+0000] {logging_mixin.py:188} INFO - [2025-07-22T09:21:40.135+0000] {dagbag.py:545} INFO - Filling up the DagBag from /home/airflow/.local/lib/python3.12/site-packages/airflow/example_dags/example_datasets.py
[2025-07-22T09:21:40.150+0000] {processor.py:840} INFO - DAG(s) 'dataset_consumes_1_and_2', 'consume_1_or_2_with_dataset_expressions', 'dataset_consumes_unknown_never_scheduled', 'dataset_produces_2', 'dataset_consumes_1', 'dataset_consumes_1_never_scheduled', 'consume_1_or_both_2_and_3_with_dataset_expressions', 'conditional_dataset_and_time_based_timetable', 'consume_1_and_2_with_dataset_expressions', 'dataset_produces_1' retrieved from /home/airflow/.local/lib/python3.12/site-packages/airflow/example_dags/example_datasets.py
[2025-07-22T09:21:40.200+0000] {logging_mixin.py:188} INFO - [2025-07-22T09:21:40.200+0000] {dag.py:3096} INFO - Sync 10 DAGs
[2025-07-22T09:21:40.226+0000] {logging_mixin.py:188} INFO - [2025-07-22T09:21:40.226+0000] {dag.py:3954} INFO - Setting next_dagrun for conditional_dataset_and_time_based_timetable to 2025-07-16 01:00:00+00:00, run_after=2025-07-16 01:00:00+00:00
[2025-07-22T09:21:40.230+0000] {logging_mixin.py:188} INFO - [2025-07-22T09:21:40.230+0000] {dag.py:3954} INFO - Setting next_dagrun for consume_1_and_2_with_dataset_expressions to None, run_after=None
[2025-07-22T09:21:40.232+0000] {logging_mixin.py:188} INFO - [2025-07-22T09:21:40.232+0000] {dag.py:3954} INFO - Setting next_dagrun for consume_1_or_2_with_dataset_expressions to None, run_after=None
[2025-07-22T09:21:40.233+0000] {logging_mixin.py:188} INFO - [2025-07-22T09:21:40.233+0000] {dag.py:3954} INFO - Setting next_dagrun for consume_1_or_both_2_and_3_with_dataset_expressions to None, run_after=None
[2025-07-22T09:21:40.235+0000] {logging_mixin.py:188} INFO - [2025-07-22T09:21:40.235+0000] {dag.py:3954} INFO - Setting next_dagrun for dataset_consumes_1 to None, run_after=None
[2025-07-22T09:21:40.237+0000] {logging_mixin.py:188} INFO - [2025-07-22T09:21:40.236+0000] {dag.py:3954} INFO - Setting next_dagrun for dataset_consumes_1_and_2 to None, run_after=None
[2025-07-22T09:21:40.238+0000] {logging_mixin.py:188} INFO - [2025-07-22T09:21:40.238+0000] {dag.py:3954} INFO - Setting next_dagrun for dataset_consumes_1_never_scheduled to None, run_after=None
[2025-07-22T09:21:40.240+0000] {logging_mixin.py:188} INFO - [2025-07-22T09:21:40.240+0000] {dag.py:3954} INFO - Setting next_dagrun for dataset_consumes_unknown_never_scheduled to None, run_after=None
[2025-07-22T09:21:40.242+0000] {logging_mixin.py:188} INFO - [2025-07-22T09:21:40.242+0000] {dag.py:3954} INFO - Setting next_dagrun for dataset_produces_1 to 2025-07-21 00:00:00+00:00, run_after=2025-07-22 00:00:00+00:00
[2025-07-22T09:21:40.244+0000] {logging_mixin.py:188} INFO - [2025-07-22T09:21:40.244+0000] {dag.py:3954} INFO - Setting next_dagrun for dataset_produces_2 to None, run_after=None
[2025-07-22T09:21:40.284+0000] {processor.py:183} INFO - Processing /home/airflow/.local/lib/python3.12/site-packages/airflow/example_dags/example_datasets.py took 0.159 seconds
[2025-07-22T09:22:10.428+0000] {processor.py:161} INFO - Started process (PID=3622) to work on /home/airflow/.local/lib/python3.12/site-packages/airflow/example_dags/example_datasets.py
[2025-07-22T09:22:10.429+0000] {processor.py:830} INFO - Processing file /home/airflow/.local/lib/python3.12/site-packages/airflow/example_dags/example_datasets.py for tasks to queue
[2025-07-22T09:22:10.432+0000] {logging_mixin.py:188} INFO - [2025-07-22T09:22:10.432+0000] {dagbag.py:545} INFO - Filling up the DagBag from /home/airflow/.local/lib/python3.12/site-packages/airflow/example_dags/example_datasets.py
[2025-07-22T09:22:10.448+0000] {processor.py:840} INFO - DAG(s) 'dataset_consumes_1_never_scheduled', 'dataset_produces_2', 'dataset_consumes_unknown_never_scheduled', 'dataset_consumes_1', 'consume_1_or_both_2_and_3_with_dataset_expressions', 'consume_1_or_2_with_dataset_expressions', 'dataset_produces_1', 'dataset_consumes_1_and_2', 'conditional_dataset_and_time_based_timetable', 'consume_1_and_2_with_dataset_expressions' retrieved from /home/airflow/.local/lib/python3.12/site-packages/airflow/example_dags/example_datasets.py
[2025-07-22T09:22:10.506+0000] {logging_mixin.py:188} INFO - [2025-07-22T09:22:10.506+0000] {dag.py:3096} INFO - Sync 10 DAGs
[2025-07-22T09:22:10.539+0000] {logging_mixin.py:188} INFO - [2025-07-22T09:22:10.539+0000] {dag.py:3954} INFO - Setting next_dagrun for conditional_dataset_and_time_based_timetable to 2025-07-16 01:00:00+00:00, run_after=2025-07-16 01:00:00+00:00
[2025-07-22T09:22:10.544+0000] {logging_mixin.py:188} INFO - [2025-07-22T09:22:10.544+0000] {dag.py:3954} INFO - Setting next_dagrun for consume_1_and_2_with_dataset_expressions to None, run_after=None
[2025-07-22T09:22:10.546+0000] {logging_mixin.py:188} INFO - [2025-07-22T09:22:10.546+0000] {dag.py:3954} INFO - Setting next_dagrun for consume_1_or_2_with_dataset_expressions to None, run_after=None
[2025-07-22T09:22:10.548+0000] {logging_mixin.py:188} INFO - [2025-07-22T09:22:10.548+0000] {dag.py:3954} INFO - Setting next_dagrun for consume_1_or_both_2_and_3_with_dataset_expressions to None, run_after=None
[2025-07-22T09:22:10.551+0000] {logging_mixin.py:188} INFO - [2025-07-22T09:22:10.550+0000] {dag.py:3954} INFO - Setting next_dagrun for dataset_consumes_1 to None, run_after=None
[2025-07-22T09:22:10.552+0000] {logging_mixin.py:188} INFO - [2025-07-22T09:22:10.552+0000] {dag.py:3954} INFO - Setting next_dagrun for dataset_consumes_1_and_2 to None, run_after=None
[2025-07-22T09:22:10.555+0000] {logging_mixin.py:188} INFO - [2025-07-22T09:22:10.555+0000] {dag.py:3954} INFO - Setting next_dagrun for dataset_consumes_1_never_scheduled to None, run_after=None
[2025-07-22T09:22:10.557+0000] {logging_mixin.py:188} INFO - [2025-07-22T09:22:10.557+0000] {dag.py:3954} INFO - Setting next_dagrun for dataset_consumes_unknown_never_scheduled to None, run_after=None
[2025-07-22T09:22:10.562+0000] {logging_mixin.py:188} INFO - [2025-07-22T09:22:10.561+0000] {dag.py:3954} INFO - Setting next_dagrun for dataset_produces_1 to 2025-07-21 00:00:00+00:00, run_after=2025-07-22 00:00:00+00:00
[2025-07-22T09:22:10.565+0000] {logging_mixin.py:188} INFO - [2025-07-22T09:22:10.564+0000] {dag.py:3954} INFO - Setting next_dagrun for dataset_produces_2 to None, run_after=None
[2025-07-22T09:22:10.612+0000] {processor.py:183} INFO - Processing /home/airflow/.local/lib/python3.12/site-packages/airflow/example_dags/example_datasets.py took 0.191 seconds
[2025-07-22T09:22:41.286+0000] {processor.py:161} INFO - Started process (PID=3680) to work on /home/airflow/.local/lib/python3.12/site-packages/airflow/example_dags/example_datasets.py
[2025-07-22T09:22:41.288+0000] {processor.py:830} INFO - Processing file /home/airflow/.local/lib/python3.12/site-packages/airflow/example_dags/example_datasets.py for tasks to queue
[2025-07-22T09:22:41.290+0000] {logging_mixin.py:188} INFO - [2025-07-22T09:22:41.290+0000] {dagbag.py:545} INFO - Filling up the DagBag from /home/airflow/.local/lib/python3.12/site-packages/airflow/example_dags/example_datasets.py
[2025-07-22T09:22:41.315+0000] {processor.py:840} INFO - DAG(s) 'dataset_produces_1', 'dataset_consumes_unknown_never_scheduled', 'dataset_consumes_1_and_2', 'consume_1_or_both_2_and_3_with_dataset_expressions', 'consume_1_and_2_with_dataset_expressions', 'dataset_consumes_1', 'conditional_dataset_and_time_based_timetable', 'consume_1_or_2_with_dataset_expressions', 'dataset_consumes_1_never_scheduled', 'dataset_produces_2' retrieved from /home/airflow/.local/lib/python3.12/site-packages/airflow/example_dags/example_datasets.py
[2025-07-22T09:22:41.387+0000] {logging_mixin.py:188} INFO - [2025-07-22T09:22:41.387+0000] {dag.py:3096} INFO - Sync 10 DAGs
[2025-07-22T09:22:41.425+0000] {logging_mixin.py:188} INFO - [2025-07-22T09:22:41.424+0000] {dag.py:3954} INFO - Setting next_dagrun for conditional_dataset_and_time_based_timetable to 2025-07-16 01:00:00+00:00, run_after=2025-07-16 01:00:00+00:00
[2025-07-22T09:22:41.430+0000] {logging_mixin.py:188} INFO - [2025-07-22T09:22:41.430+0000] {dag.py:3954} INFO - Setting next_dagrun for consume_1_and_2_with_dataset_expressions to None, run_after=None
[2025-07-22T09:22:41.432+0000] {logging_mixin.py:188} INFO - [2025-07-22T09:22:41.432+0000] {dag.py:3954} INFO - Setting next_dagrun for consume_1_or_2_with_dataset_expressions to None, run_after=None
[2025-07-22T09:22:41.434+0000] {logging_mixin.py:188} INFO - [2025-07-22T09:22:41.434+0000] {dag.py:3954} INFO - Setting next_dagrun for consume_1_or_both_2_and_3_with_dataset_expressions to None, run_after=None
[2025-07-22T09:22:41.437+0000] {logging_mixin.py:188} INFO - [2025-07-22T09:22:41.437+0000] {dag.py:3954} INFO - Setting next_dagrun for dataset_consumes_1 to None, run_after=None
[2025-07-22T09:22:41.440+0000] {logging_mixin.py:188} INFO - [2025-07-22T09:22:41.439+0000] {dag.py:3954} INFO - Setting next_dagrun for dataset_consumes_1_and_2 to None, run_after=None
[2025-07-22T09:22:41.443+0000] {logging_mixin.py:188} INFO - [2025-07-22T09:22:41.442+0000] {dag.py:3954} INFO - Setting next_dagrun for dataset_consumes_1_never_scheduled to None, run_after=None
[2025-07-22T09:22:41.445+0000] {logging_mixin.py:188} INFO - [2025-07-22T09:22:41.445+0000] {dag.py:3954} INFO - Setting next_dagrun for dataset_consumes_unknown_never_scheduled to None, run_after=None
[2025-07-22T09:22:41.449+0000] {logging_mixin.py:188} INFO - [2025-07-22T09:22:41.449+0000] {dag.py:3954} INFO - Setting next_dagrun for dataset_produces_1 to 2025-07-21 00:00:00+00:00, run_after=2025-07-22 00:00:00+00:00
[2025-07-22T09:22:41.451+0000] {logging_mixin.py:188} INFO - [2025-07-22T09:22:41.451+0000] {dag.py:3954} INFO - Setting next_dagrun for dataset_produces_2 to None, run_after=None
[2025-07-22T09:22:41.498+0000] {processor.py:183} INFO - Processing /home/airflow/.local/lib/python3.12/site-packages/airflow/example_dags/example_datasets.py took 0.221 seconds
